refit_date,interval_end,days,monthly_held_extra,active,monthly_core_scale,start_trend,start_p_bad,start_downside_semivol,mean_daily_implied_extra,min_daily_implied_extra,min_implied_ratio,average_gap,max_gap,excess_exposure_days,negative_btc_day_excess_exposure_days,first_crossings,min_ratio_date,min_daily_trend,max_daily_p_bad,max_daily_downside_semivol
2022-12-09,2023-01-07,30,0.0,False,1.3453862990342458e-07,-0.562116095058999,0.843049038475409,0.23757468176598726,0.0,0.0,,0.0,0.0,0.0,0.0,"{'0.75': {'date': None, 'days_after_refit': None}, '0.5': {'date': None, 'days_after_refit': None}, '0.25': {'date': None, 'days_after_refit': None}}",,,,
2023-01-08,2023-02-06,30,0.0,False,0.999999999893296,-0.20460440391120718,0.702166087504477,0.19406055030492275,0.0,0.0,,0.0,0.0,0.0,0.0,"{'0.75': {'date': None, 'days_after_refit': None}, '0.5': {'date': None, 'days_after_refit': None}, '0.25': {'date': None, 'days_after_refit': None}}",,,,
2023-02-07,2023-03-08,30,0.0,False,0.999999924474696,0.4549193997523553,0.46440326831776924,0.18135365219843005,0.0,0.0,,0.0,0.0,0.0,0.0,"{'0.75': {'date': None, 'days_after_refit': None}, '0.5': {'date': None, 'days_after_refit': None}, '0.25': {'date': None, 'days_after_refit': None}}",,,,
2023-03-09,2023-04-07,30,0.09392675904297274,True,0.9999999999998558,0.27655414900949415,0.3207351299600411,0.3992965315400979,0.20563911037912855,0.05403577450662445,0.5752969127988582,0.0021895342186069914,0.03989098453634828,0.06568602655820974,0.03989098453634828,"{'0.75': {'date': '2023-03-10', 'days_after_refit': 1}, '0.5': {'date': None, 'days_after_refit': None}, '0.25': {'date': None, 'days_after_refit': None}}",2023-03-10,0.1591007481468905,0.3207351300082725,0.3992965315400979
2023-04-08,2023-05-07,30,0.19941999369369875,True,1.0,0.5379077638494829,0.2585346146834931,0.22093680071191935,0.24796087369193065,0.17182422020729757,0.8616198256991864,0.0009198591162133729,0.027595773486401187,0.027595773486401187,0.027595773486401187,"{'0.75': {'date': None, 'days_after_refit': None}, '0.5': {'date': None, 'days_after_refit': None}, '0.25': {'date': None, 'days_after_refit': None}}",2023-04-21,0.46347233999720877,0.25855814861056875,0.3122943739645662
2023-05-08,2023-06-06,30,0.2616695212900126,True,0.9999999999998659,0.5452178766331364,0.04012860727938482,0.32633070146964266,0.15509421534433246,0.041097902758797177,0.15706033532750535,0.10895570640608199,0.2205716185312154,3.2686711921824596,1.491281563831146,"{'0.75': {'date': '2023-05-16', 'days_after_refit': 8}, '0.5': {'date': '2023-05-18', 'days_after_refit': 10}, '0.25': {'date': '2023-05-25', 'days_after_refit': 17}}",2023-06-05,0.0929383655900253,0.11558800291172659,0.33618753499670123
2023-06-07,2023-07-06,30,0.0,False,0.9999330163645169,0.20586003683840381,0.5857616457991808,0.2900118775093503,0.0,0.0,,0.0,0.0,0.0,0.0,"{'0.75': {'date': None, 'days_after_refit': None}, '0.5': {'date': None, 'days_after_refit': None}, '0.25': {'date': None, 'days_after_refit': None}}",,,,
2023-07-07,2023-08-05,30,0.3143600619540751,True,0.9999999999999518,0.8146948036376912,0.22827527424889169,0.18355116586516007,0.15901373164251623,0.05721817460136742,0.18201477072404454,0.15534633031155887,0.2571418873527077,4.660389909346766,2.643439017061995,"{'0.75': {'date': '2023-07-14', 'days_after_refit': 7}, '0.5': {'date': '2023-07-21', 'days_after_refit': 14}, '0.25': {'date': '2023-07-24', 'days_after_refit': 17}}",2023-07-27,0.30159996545665085,0.6205690904855795,0.20958230618009158
2023-08-06,2023-09-04,30,0.0,False,0.9999999997314954,0.3844502392034207,0.7785593548889562,0.18673269741936085,0.0,0.0,,0.0,0.0,0.0,0.0,"{'0.75': {'date': None, 'days_after_refit': None}, '0.5': {'date': None, 'days_after_refit': None}, '0.25': {'date': None, 'days_after_refit': None}}",,,,
2023-09-05,2023-10-04,30,0.0,False,0.9999999397446507,-0.1755837386546508,0.3557146478978803,0.3435210527798742,0.0,0.0,,0.0,0.0,0.0,0.0,"{'0.75': {'date': None, 'days_after_refit': None}, '0.5': {'date': None, 'days_after_refit': None}, '0.25': {'date': None, 'days_after_refit': None}}",,,,
2023-10-05,2023-11-03,30,0.0,False,0.9999718626245347,0.16079092526023542,0.5830130369898167,0.15688693947376461,0.0,0.0,,0.0,0.0,0.0,0.0,"{'0.75': {'date': None, 'days_after_refit': None}, '0.5': {'date': None, 'days_after_refit': None}, '0.25': {'date': None, 'days_after_refit': None}}",,,,
2023-11-04,2023-12-03,30,0.39050766081374194,True,1.0,0.8499888390159486,0.0811463800728454,0.10929405369511545,0.36661038515512545,0.30444881856243916,0.7796231652101961,0.02475802258580086,0.08605884225130278,0.7427406775740258,0.44030706098716016,"{'0.75': {'date': None, 'days_after_refit': None}, '0.5': {'date': None, 'days_after_refit': None}, '0.25': {'date': None, 'days_after_refit': None}}",2023-11-21,0.6626242316521275,0.0811546060632774,0.26123611586731266
2023-12-04,2024-01-02,30,0.4070437832472614,True,0.9999999999971174,0.9127542956366426,0.1080977976370958,0.25491170729548684,0.38113368036410517,0.30737005618831176,0.7551277499835879,0.02665892971875026,0.09967372705894967,0.7997678915625077,0.4076751332648786,"{'0.75': {'date': None, 'days_after_refit': None}, '0.5': {'date': None, 'days_after_refit': None}, '0.25': {'date': None, 'days_after_refit': None}}",2023-12-29,0.6892459928359204,0.10809779766106765,0.3338696515407143
2024-01-03,2024-02-01,30,0.3656212808559936,True,1.0,0.7479500659757647,0.022337726840068024,0.3271553076666726,0.31496171654428234,0.2034174080301361,0.556360963327667,0.06355568240815763,0.1622038728258575,1.906670472244729,1.0056135301427054,"{'0.75': {'date': '2024-01-14', 'days_after_refit': 11}, '0.5': {'date': None, 'days_after_refit': None}, '0.25': {'date': None, 'days_after_refit': None}}",2024-01-22,0.4827819744665131,0.15731470803204514,0.42588603751144966
2024-02-02,2024-03-02,30,0.29998866731365975,True,1.0,0.601473720074037,0.002487865050086081,0.37150951722170195,0.3811316498762624,0.2550463962690079,0.8501867705633643,0.004658040309876521,0.04494227104465187,0.13974120929629563,0.06348290301808412,"{'0.75': {'date': None, 'days_after_refit': None}, '0.5': {'date': None, 'days_after_refit': None}, '0.25': {'date': None, 'days_after_refit': None}}",2024-02-04,0.511365058674201,0.1639652762415874,0.37345793279420725
2024-03-03,2024-04-01,30,0.3500070909442069,True,1.0,0.9675498726038125,0.27650842431038997,0.11315639734631551,0.41830376401778513,0.34125235298762086,0.9749869697411885,0.0002918245985528682,0.008754737956586045,0.008754737956586045,0.008754737956586045,"{'0.75': {'date': None, 'days_after_refit': None}, '0.5': {'date': None, 'days_after_refit': None}, '0.25': {'date': None, 'days_after_refit': None}}",2024-03-05,0.7908794597260136,0.27650842431038997,0.4986994502460771
2024-04-02,2024-05-01,30,0.2907748252343305,True,1.0,0.7026862628378514,0.0003527622884884109,0.5435430516997475,0.3089652316202355,0.14187639337483943,0.48792529841778304,0.01737448173486197,0.1488984318594911,0.5212344520458592,0.44463100507419967,"{'0.75': {'date': '2024-04-28', 'days_after_refit': 26}, '0.5': {'date': '2024-05-01', 'days_after_refit': 29}, '0.25': {'date': None, 'days_after_refit': None}}",2024-05-01,0.2922404771409538,0.00040463457357371653,0.5462561073669296
2024-05-02,2024-05-31,30,0.0,False,0.9999999987316892,0.3325935587587632,0.0009486584134349964,0.4097364468820454,0.0,0.0,,0.0,0.0,0.0,0.0,"{'0.75': {'date': None, 'days_after_refit': None}, '0.5': {'date': None, 'days_after_refit': None}, '0.25': {'date': None, 'days_after_refit': None}}",,,,
2024-06-01,2024-06-30,30,0.34610544588853853,True,0.9999999999972419,0.69255865981614,0.0005021495784273705,0.2284775876949766,0.19408496852095353,0.011597300883374486,0.03350799885162552,0.1523214433454532,0.33450814500516407,4.5696433003635955,2.784011798706127,"{'0.75': {'date': '2024-06-09', 'days_after_refit': 8}, '0.5': {'date': '2024-06-18', 'days_after_refit': 17}, '0.25': {'date': '2024-06-24', 'days_after_refit': 23}}",2024-06-28,0.031184369057680156,0.2562106443825403,0.26988299123246245
2024-07-01,2024-07-30,30,0.0,False,0.9999999980331029,0.24340096773773776,0.2661648852971544,0.26664298796848573,0.0,0.0,,0.0,0.0,0.0,0.0,"{'0.75': {'date': None, 'days_after_refit': None}, '0.5': {'date': None, 'days_after_refit': None}, '0.25': {'date': None, 'days_after_refit': None}}",,,,
2024-07-31,2024-08-29,30,0.0,False,0.9999984868728992,0.27063131429891213,0.18902152640834802,0.3116127665308553,0.0,0.0,,0.0,0.0,0.0,0.0,"{'0.75': {'date': None, 'days_after_refit': None}, '0.5': {'date': None, 'days_after_refit': None}, '0.25': {'date': None, 'days_after_refit': None}}",,,,
2024-08-30,2024-09-28,30,0.0,False,0.9999943503101363,0.08552219868342392,0.0024015670004843546,0.4753965859224163,0.0,0.0,,0.0,0.0,0.0,0.0,"{'0.75': {'date': None, 'days_after_refit': None}, '0.5': {'date': None, 'days_after_refit': None}, '0.25': {'date': None, 'days_after_refit': None}}",,,,
2024-09-29,2024-10-28,30,0.17314011136841334,True,1.0,0.3470219622115063,0.002137442454513961,0.24956729100463587,0.1434646994643517,0.0,0.0,0.048467724489949945,0.17314011136841334,1.4540317346984983,1.0336064073007785,"{'0.75': {'date': '2024-09-30', 'days_after_refit': 1}, '0.5': {'date': '2024-10-01', 'days_after_refit': 2}, '0.25': {'date': '2024-10-08', 'days_after_refit': 9}}",2024-10-09,-0.05403583501622408,0.1712535688209838,0.2957349898201297
2024-10-29,2024-11-27,30,0.23852987415769056,True,1.0,0.5947651723043779,0.19790234780048563,0.24381936390649073,0.31335130151522356,0.16319461123754742,0.6841684372401107,0.00925289120472017,0.07533526292014314,0.2775867361416051,0.2265792275704907,"{'0.75': {'date': '2024-11-03', 'days_after_refit': 5}, '0.5': {'date': None, 'days_after_refit': None}, '0.25': {'date': None, 'days_after_refit': None}}",2024-11-04,0.4079298192546314,0.19989228796434425,0.2583666119612698
2024-11-28,2024-12-27,30,0.42282285492351024,True,1.0,0.8475486658677304,0.002245246907163307,0.2584898929068898,0.4049383485901741,0.3399010181458332,0.8038851594418238,0.02248635360022623,0.08292183677767706,0.6745906080067869,0.518463362208148,"{'0.75': {'date': None, 'days_after_refit': None}, '0.5': {'date': None, 'days_after_refit': None}, '0.25': {'date': None, 'days_after_refit': None}}",2024-12-27,0.6813349521819005,0.002249871205528588,0.34451681872042517
2024-12-28,2025-01-26,30,0.33626596094676253,True,1.0,0.6732238936779691,0.0010278479283668404,0.3213847059242738,0.33389124634527945,0.26758656505090034,0.7957587033118244,0.013996419567679835,0.0686793958958622,0.41989258703039506,0.2560374902451348,"{'0.75': {'date': None, 'days_after_refit': None}, '0.5': {'date': None, 'days_after_refit': None}, '0.25': {'date': None, 'days_after_refit': None}}",2025-01-13,0.5357245601926409,0.0010507943085222354,0.36723419452226946
2025-01-27,2025-02-25,30,0.33623632151497035,True,1.0,0.6736845463456318,0.0017989180875009596,0.2766761997910557,0.21772096502936317,0.1035612506974426,0.3080013790028086,0.12136928496655013,0.23267507081752775,3.6410785489965036,2.3935909177689276,"{'0.75': {'date': '2025-02-04', 'days_after_refit': 8}, '0.5': {'date': '2025-02-06', 'days_after_refit': 10}, '0.25': {'date': None, 'days_after_refit': None}}",2025-02-25,0.207728158486547,0.00397579114612949,0.33222267147022116
2025-02-26,2025-03-27,30,0.020097776993654816,True,0.9999999999999989,0.040358528549263806,0.00403816907633877,0.3573609799649108,0.03412767474416418,0.0,0.0,0.012728592095981388,0.020097776993654816,0.3818577628794416,0.20097776993654815,"{'0.75': {'date': '2025-03-09', 'days_after_refit': 11}, '0.5': {'date': '2025-03-09', 'days_after_refit': 11}, '0.25': {'date': '2025-03-09', 'days_after_refit': 11}}",2025-03-09,-0.29019729893537616,0.004069297238470314,0.5362357296219741
2025-03-28,2025-04-26,30,0.0,False,0.9999999939549142,-0.15225758013007587,0.011151417821982274,0.4692275567024162,0.0,0.0,,0.0,0.0,0.0,0.0,"{'0.75': {'date': None, 'days_after_refit': None}, '0.5': {'date': None, 'days_after_refit': None}, '0.25': {'date': None, 'days_after_refit': None}}",,,,
2025-04-27,2025-05-26,30,0.21452879563932914,True,0.9999999999988988,0.4589638334401873,0.06516034594134623,0.32594538257957445,0.2766756277671095,0.1881436507974187,0.8770088427370386,0.00159679353857744,0.02638514484191043,0.0479038061573232,0.02638514484191043,"{'0.75': {'date': None, 'days_after_refit': None}, '0.5': {'date': None, 'days_after_refit': None}, '0.25': {'date': None, 'days_after_refit': None}}",2025-05-04,0.4025190653071228,0.06516899811571586,0.32594538257957445
2025-05-27,2025-06-25,30,0.31986547394853504,True,0.9999999999999979,0.6699828260484257,0.04515321434398834,0.17127362569264498,0.25985946110609054,0.15587107564035993,0.4873019701571133,0.06050097393206724,0.1639943983081751,1.8150292179620173,1.119722431453386,"{'0.75': {'date': '2025-05-30', 'days_after_refit': 3}, '0.5': {'date': '2025-06-22', 'days_after_refit': 26}, '0.25': {'date': None, 'days_after_refit': None}}",2025-06-22,0.3264839509362616,0.045153214569144395,0.2514488961271987
2025-06-26,2025-07-25,30,0.3117317263816257,True,0.9999999999997686,0.6637749720384492,0.060730700875028874,0.21275704650275568,0.32474970837013595,0.22320409161273594,0.7160133946054846,0.009129409282919552,0.08852763476888978,0.27388227848758656,0.18596817741841498,"{'0.75': {'date': '2025-06-30', 'days_after_refit': 4}, '0.5': {'date': None, 'days_after_refit': None}, '0.25': {'date': None, 'days_after_refit': None}}",2025-06-30,0.4752717719999354,0.06423491983653509,0.21275704650275568
2025-07-26,2025-08-24,30,0.2930226507617169,True,1.0,0.7023218968778696,0.16556025929326218,0.1209616414180738,0.24733060798895312,0.17311253706220273,0.590782100333179,0.047720084499966856,0.11991011369951418,1.4316025349990056,1.0347787410436422,"{'0.75': {'date': '2025-08-01', 'days_after_refit': 6}, '0.5': {'date': None, 'days_after_refit': None}, '0.25': {'date': None, 'days_after_refit': None}}",2025-08-01,0.38058317916622436,0.16675153160874223,0.2350643846222591
2025-08-25,2025-09-23,30,0.0,False,0.9999854137930242,0.32980452426172635,0.1918444684088887,0.25765758237595804,0.0,0.0,,0.0,0.0,0.0,0.0,"{'0.75': {'date': None, 'days_after_refit': None}, '0.5': {'date': None, 'days_after_refit': None}, '0.25': {'date': None, 'days_after_refit': None}}",,,,
2025-09-24,2025-10-23,30,0.0,False,0.9999999991207419,0.14917973233354848,0.10478594809184787,0.1694618285348608,0.0,0.0,,0.0,0.0,0.0,0.0,"{'0.75': {'date': None, 'days_after_refit': None}, '0.5': {'date': None, 'days_after_refit': None}, '0.25': {'date': None, 'days_after_refit': None}}",,,,
2025-10-24,2025-11-22,30,0.0,False,0.9881751992198115,0.1669661836865044,0.23255232587649652,0.35886041576908434,0.0,0.0,,0.0,0.0,0.0,0.0,"{'0.75': {'date': None, 'days_after_refit': None}, '0.5': {'date': None, 'days_after_refit': None}, '0.25': {'date': None, 'days_after_refit': None}}",,,,
2025-11-23,2025-12-22,30,0.0,False,0.00034315284346786434,-0.6065754557362856,0.9309155749990795,0.4109366115019075,0.0,0.0,,0.0,0.0,0.0,0.0,"{'0.75': {'date': None, 'days_after_refit': None}, '0.5': {'date': None, 'days_after_refit': None}, '0.25': {'date': None, 'days_after_refit': None}}",,,,
2025-12-23,2026-01-21,30,0.0,False,0.0002923518301042316,-0.6295484484639027,0.9875435642480473,0.2608997394537489,0.0,0.0,,0.0,0.0,0.0,0.0,"{'0.75': {'date': None, 'days_after_refit': None}, '0.5': {'date': None, 'days_after_refit': None}, '0.25': {'date': None, 'days_after_refit': None}}",,,,
2026-01-22,2026-02-20,30,0.0,False,0.0003939387860448784,-0.36404940433980515,0.9202017693809185,0.20996797295075123,0.0,0.0,,0.0,0.0,0.0,0.0,"{'0.75': {'date': None, 'days_after_refit': None}, '0.5': {'date': None, 'days_after_refit': None}, '0.25': {'date': None, 'days_after_refit': None}}",,,,
2026-02-21,2026-03-22,30,0.0,False,1.0204821709880463e-07,-0.8069792805367574,0.9468665480944319,0.6685393107252887,0.0,0.0,,0.0,0.0,0.0,0.0,"{'0.75': {'date': None, 'days_after_refit': None}, '0.5': {'date': None, 'days_after_refit': None}, '0.25': {'date': None, 'days_after_refit': None}}",,,,
2026-03-23,2026-04-21,30,0.0,False,0.9746533789810287,-0.5610789752172098,0.1137001829474599,0.3223103499246488,0.0,0.0,,0.0,0.0,0.0,0.0,"{'0.75': {'date': None, 'days_after_refit': None}, '0.5': {'date': None, 'days_after_refit': None}, '0.25': {'date': None, 'days_after_refit': None}}",,,,
2026-04-22,2026-05-21,30,0.0,False,1.0,-0.02245347008271173,0.07672384058257793,0.24917941748739714,0.0,0.0,,0.0,0.0,0.0,0.0,"{'0.75': {'date': None, 'days_after_refit': None}, '0.5': {'date': None, 'days_after_refit': None}, '0.25': {'date': None, 'days_after_refit': None}}",,,,
2026-05-22,2026-06-20,30,0.0,False,0.9999986316250786,-0.36282911307139815,0.03497029668028079,0.19228898180765125,0.0,0.0,,0.0,0.0,0.0,0.0,"{'0.75': {'date': None, 'days_after_refit': None}, '0.5': {'date': None, 'days_after_refit': None}, '0.25': {'date': None, 'days_after_refit': None}}",,,,
2026-06-21,2026-07-20,30,0.0,False,0.00022710067266751288,-0.696491527667819,0.9929533948629469,0.37873482650375107,0.0,0.0,,0.0,0.0,0.0,0.0,"{'0.75': {'date': None, 'days_after_refit': None}, '0.5': {'date': None, 'days_after_refit': None}, '0.25': {'date': None, 'days_after_refit': None}}",,,,
2026-07-21,2026-08-02,13,0.0,False,0.009600519865598178,-0.30475716790612717,0.9088907574750776,0.20883931958960764,0.0,0.0,,0.0,0.0,0.0,0.0,"{'0.75': {'date': None, 'days_after_refit': None}, '0.5': {'date': None, 'days_after_refit': None}, '0.25': {'date': None, 'days_after_refit': None}}",,,,
