date,old_beta,new_beta,btc_trend,btc_vol
2020-08-11,,,,
2020-08-12,,,,
2020-08-13,,,,
2020-08-14,,,,
2020-08-15,,,,
2020-08-16,,,,
2020-08-17,,,,
2020-08-18,,,,
2020-08-19,,,,
2020-08-20,,,,
2020-08-21,,,,
2020-08-22,,,,
2020-08-23,,,,
2020-08-24,,,,
2020-08-25,,,,
2020-08-26,,,,
2020-08-27,,,,
2020-08-28,,,,
2020-08-29,,,,
2020-08-30,,,,
2020-08-31,,,,
2020-09-01,,,,
2020-09-02,,,,
2020-09-03,,,,
2020-09-04,,,,
2020-09-05,,,,
2020-09-06,,,,
2020-09-07,,,,
2020-09-08,,,,
2020-09-09,,,,
2020-09-10,,,,0.555601
2020-09-11,,,,0.552538
2020-09-12,,,,0.547766
2020-09-13,,,,0.548140
2020-09-14,,,,0.561440
2020-09-15,,,,0.562853
2020-09-16,,,,0.553802
2020-09-17,,,,0.547057
2020-09-18,,,,0.545037
2020-09-19,,,,0.546559
2020-09-20,,,,0.540839
2020-09-21,,,,0.561044
2020-09-22,,,,0.563273
2020-09-23,,,,0.567818
2020-09-24,,,,0.582835
2020-09-25,,,,0.580600
2020-09-26,,,,0.580027
2020-09-27,,,,0.576431
2020-09-28,,,,0.576603
2020-09-29,,,,0.573249
2020-09-30,,,,0.573291
2020-10-01,,,,0.567088
2020-10-02,,,,0.546597
2020-10-03,,,,0.362070
2020-10-04,,,,0.349571
2020-10-05,,,,0.336675
2020-10-06,,,,0.342786
2020-10-07,,,,0.341324
2020-10-08,,,,0.338180
2020-10-09,,,,0.338832
2020-10-10,,,,0.344055
2020-10-11,,,,0.344238
2020-10-12,,,,0.346277
2020-10-13,,,,0.345786
2020-10-14,,,,0.329764
2020-10-15,,,,0.328981
2020-10-16,,,,0.331410
2020-10-17,,,,0.331407
2020-10-18,,,,0.333628
2020-10-19,,,,0.338274
2020-10-20,,,,0.335120
2020-10-21,,,,0.364172
2020-10-22,,,,0.364937
2020-10-23,,,,0.345196
2020-10-24,,,,0.315769
2020-10-25,,,,0.316593
2020-10-26,,,,0.316907
2020-10-27,,,,0.342285
2020-10-28,,,,0.360317
2020-10-29,,,,0.360493
2020-10-30,,,,0.357373
2020-10-31,,,,0.349378
2020-11-01,,,,0.348303
2020-11-02,,,,0.356422
2020-11-03,,,,0.367704
2020-11-04,,,,0.367590
2020-11-05,,,,0.467483
2020-11-06,,,,0.469330
2020-11-07,,,,0.515649
2020-11-08,,,,0.528515
2020-11-09,,,,0.531933
2020-11-10,,,,0.533523
2020-11-11,,,,0.535966
2020-11-12,,,,0.539582
2020-11-13,,,,0.539063
2020-11-14,,,,0.547317
2020-11-15,,,,0.542436
2020-11-16,,,,0.554984
2020-11-17,,,,0.574138
2020-11-18,,,,0.574160
2020-11-19,,,,0.575762
2020-11-20,,,,0.551497
2020-11-21,,,,0.552545
2020-11-22,,,,0.558446
2020-11-23,,,,0.560565
2020-11-24,,,,0.566951
2020-11-25,,,,0.579710
2020-11-26,,,,0.664069
2020-11-27,,,,0.652687
2020-11-28,,,,0.658152
2020-11-29,,,,0.660699
2020-11-30,,,,0.704239
2020-12-01,,,,0.733717
2020-12-02,,,,0.728937
2020-12-03,,,,0.724293
2020-12-04,,,,0.746159
2020-12-05,,,,0.678658
2020-12-06,,,,0.678254
2020-12-07,,,,0.649369
2020-12-08,,,,0.662764
2020-12-09,,,,0.660795
2020-12-10,,,,0.664634
2020-12-11,,,,0.663787
2020-12-12,,,,0.666395
2020-12-13,,,,0.668195
2020-12-14,,,,0.663966
2020-12-15,,,,0.662288
2020-12-16,,,,0.716548
2020-12-17,,,,0.726785
2020-12-18,,,,0.726956
2020-12-19,,,,0.730328
2020-12-20,,,,0.722794
2020-12-21,,,,0.735700
2020-12-22,,,,0.744343
2020-12-23,,,,0.752409
2020-12-24,,,,0.743830
2020-12-25,,,,0.744335
2020-12-26,,,,0.686625
2020-12-27,,,,0.689169
2020-12-28,,,,0.688088
2020-12-29,,,,0.686831
2020-12-30,,,,0.660171
2020-12-31,,,,0.623879
2021-01-01,,,,0.623087
2021-01-02,,,,0.680391
2021-01-03,,,,0.648535
2021-01-04,,,,0.670967
2021-01-05,,,,0.686551
2021-01-06,,,,0.710300
2021-01-07,,,,0.687218
2021-01-08,,,,0.685487
2021-01-09,,,,0.683040
2021-01-10,,,,0.720986
2021-01-11,,,,0.797186
2021-01-12,,,,0.824279
2021-01-13,,,,0.861651
2021-01-14,,,,0.864131
2021-01-15,,,,0.876699
2021-01-16,,,,0.868955
2021-01-17,,,,0.871706
2021-01-18,,,,0.870292
2021-01-19,,,,0.872578
2021-01-20,,,,0.862013
2021-01-21,,,,1.007660
2021-01-22,,,,1.019349
2021-01-23,,,,1.027354
2021-01-24,,,,1.021488
2021-01-25,,,,0.998024
2021-01-26,,,,0.996637
2021-01-27,,,,1.025492
2021-01-28,,,,1.072760
2021-01-29,,,,1.062198
2021-01-30,,,,1.062273
2021-01-31,,,,1.071017
2021-02-01,,,,1.023048
2021-02-02,,,,1.037774
2021-02-03,,,,1.048634
2021-02-04,,,,1.033124
2021-02-05,,,,1.002903
2021-02-06,,,,0.975551
2021-02-07,,,,0.970424
2021-02-08,,,,1.154371
2021-02-09,,,,1.137728
2021-02-10,,,,1.110329
2021-02-11,,,,1.116351
2021-02-12,,,,1.079771
2021-02-13,,,,1.071289
2021-02-14,,,,1.044099
2021-02-15,,,,1.041940
2021-02-16,,,,1.042030
2021-02-17,,,,1.055051
2021-02-18,,,,1.051933
2021-02-19,,,,1.075012
2021-02-20,,,,0.921902
2021-02-21,,,,0.907490
2021-02-22,,,,0.934962
2021-02-23,,,,1.021842
2021-02-24,,,,1.020602
2021-02-25,,,,1.047800
2021-02-26,,,,1.014204
2021-02-27,,,,0.973517
2021-02-28,,,,0.978118
2021-03-01,,,,1.021111
2021-03-02,,,,1.015277
2021-03-03,,,,1.019306
2021-03-04,,,,1.023857
2021-03-05,,,,1.008745
2021-03-06,,,,1.004338
2021-03-07,,,,1.006503
2021-03-08,,,,1.007283
2021-03-09,,,,1.012783
2021-03-10,,,,0.815330
2021-03-11,,,,0.820717
2021-03-12,,,,0.808694
2021-03-13,,,,0.807615
2021-03-14,,,,0.819305
2021-03-15,,,,0.850649
2021-03-16,,,,0.848557
2021-03-17,,,,0.851711
2021-03-18,,,,0.854730
2021-03-19,,,,0.832568
2021-03-20,,,,0.830977
2021-03-21,,,,0.784640
2021-03-22,,,,0.811677
2021-03-23,,,,0.805371
2021-03-24,,,,0.789369
2021-03-25,,,,0.706378
2021-03-26,,,,0.744599
2021-03-27,,,,0.716074
2021-03-28,,,,0.711792
2021-03-29,,,,0.716742
2021-03-30,,,,0.710186
2021-03-31,,,,0.640408
2021-04-01,,,,0.632249
2021-04-02,,,,0.621479
2021-04-03,,,,0.615280
2021-04-04,,,,0.617311
2021-04-05,,,,0.618147
2021-04-06,,,,0.610760
2021-04-07,,,,0.620482
2021-04-08,1.294142,0.877976,0.800976,0.612696
2021-04-09,1.278974,0.856278,0.756468,0.610111
2021-04-10,1.301713,0.883850,0.813026,0.606308
2021-04-11,1.330896,0.921342,0.889933,0.605130
2021-04-12,1.346096,0.905320,0.857066,0.557186
2021-04-13,1.358909,0.938746,0.925634,0.580280
2021-04-14,1.386082,0.938296,0.924710,0.538900
2021-04-15,1.380453,0.928156,0.903909,0.534572
2021-04-16,1.365595,0.910583,0.867863,0.534114
2021-04-17,1.346800,0.888911,0.823407,0.534217
2021-04-18,1.236197,0.786167,0.612651,0.583608
2021-04-19,1.224682,0.771908,0.583400,0.584226
2021-04-20,1.209836,0.753530,0.545702,0.585137
2021-04-21,1.179694,0.710475,0.457386,0.572706
2021-04-22,1.143548,0.670598,0.375586,0.588701
2021-04-23,1.164939,0.692963,0.421462,0.574933
2021-04-24,1.182081,0.714621,0.465888,0.575705
2021-04-25,1.176600,0.685967,0.407111,0.518686
2021-04-26,1.225339,0.791267,0.623111,0.622173
2021-04-27,1.248250,0.824177,0.690618,0.625938
2021-04-28,1.239315,0.806060,0.653456,0.614368
2021-04-29,1.227513,0.790348,0.621226,0.614365
2021-04-30,1.222017,0.810425,0.662411,0.671312
2021-05-01,1.226989,0.817685,0.677302,0.671366
2021-05-02,1.200931,0.781381,0.602832,0.675045
2021-05-03,1.202324,0.779689,0.599363,0.666536
2021-05-04,1.158525,0.584499,0.498716,0.707846
2021-05-05,1.177373,0.623093,0.597676,0.758161
2021-05-06,1.159256,0.599193,0.536393,0.757824
2021-05-07,1.161244,0.599445,0.537040,0.749388
2021-05-08,1.178841,0.620565,0.591191,0.743779
2021-05-09,1.171034,0.610794,0.566138,0.744771
2021-05-10,1.136121,0.567490,0.455104,0.752262
2021-05-11,1.165995,0.607076,0.556604,0.754455
2021-05-12,1.079194,0.511011,0.310285,0.881559
2021-05-13,1.080559,0.508542,0.303954,0.848942
2021-05-14,1.090323,0.523058,0.341175,0.849888
2021-05-15,1.066414,0.490248,0.257046,0.870827
2021-05-16,1.046407,0.459827,0.179043,0.868072
2021-05-17,1.026204,0.430344,0.103445,0.888230
2021-05-18,1.018574,0.417866,0.071450,0.865524
2021-05-19,0.369247,0.369247,-0.053212,1.004567
2021-05-20,1.009801,0.408281,0.046874,1.076047
2021-05-21,1.012635,0.414068,0.061713,1.098964
2021-05-22,1.006443,0.402239,0.031383,1.095998
2021-05-23,0.383670,0.383670,-0.016230,1.120504
2021-05-24,1.021941,0.435738,0.117276,1.202664
2021-05-25,1.011819,0.414625,0.063142,1.202058
2021-05-26,1.016043,0.421939,0.081895,1.148588
2021-05-27,1.018709,0.427099,0.095125,1.143987
2021-05-28,0.377674,0.377674,-0.031604,1.165891
2021-05-29,0.361116,0.361116,-0.074061,1.166742
2021-05-30,0.372455,0.372455,-0.044986,1.133651
2021-05-31,1.002751,0.395491,0.014080,1.151587
2021-06-01,1.001346,0.392687,0.006890,1.151334
2021-06-02,1.001249,0.392502,0.006415,1.155823
2021-06-03,1.003522,0.397040,0.018052,1.153222
2021-06-04,0.379002,0.379002,-0.028200,1.123787
2021-06-05,0.357628,0.357628,-0.083005,1.126259
2021-06-06,0.365231,0.365231,-0.063511,1.123706
2021-06-07,0.339535,0.339535,-0.129396,1.125578
2021-06-08,0.320998,0.320998,-0.176927,1.126236
2021-06-09,0.354496,0.354496,-0.091036,1.212447
2021-06-10,0.369789,0.369789,-0.051823,1.208187
2021-06-11,0.364680,0.364680,-0.064922,1.134772
2021-06-12,0.357306,0.357306,-0.083830,1.142366
2021-06-13,0.380812,0.380812,-0.023559,1.198394
2021-06-14,1.004193,0.398658,0.022199,1.191346
2021-06-15,1.001363,0.392814,0.007215,1.191421
2021-06-16,0.368708,0.368708,-0.054596,1.181457
2021-06-17,0.380613,0.380613,-0.024069,1.180745
2021-06-18,0.356514,0.356514,-0.085861,1.069688
2021-06-19,0.331186,0.331186,-0.150805,1.006825
2021-06-20,0.325467,0.325467,-0.165470,0.964899
2021-06-21,0.281824,0.281824,-0.277375,1.047590
2021-06-22,0.294828,0.294828,-0.244030,1.020800
2021-06-23,0.315572,0.315572,-0.190840,0.943761
2021-06-24,0.340678,0.340678,-0.126467,0.950489
2021-06-25,0.303930,0.303930,-0.220692,0.994853
2021-06-26,0.312714,0.312714,-0.198168,0.999096
2021-06-27,0.364241,0.364241,-0.066050,1.000684
2021-06-28,0.367288,0.367288,-0.058235,0.995340
2021-06-29,0.338556,0.338556,-0.131908,1.000060
2021-06-30,0.334763,0.334763,-0.141633,0.990679
2021-07-01,0.303941,0.303941,-0.220665,1.001038
2021-07-02,0.322683,0.322683,-0.172608,0.997349
2021-07-03,0.312659,0.312659,-0.198309,0.988590
2021-07-04,0.305938,0.305938,-0.215544,0.967487
2021-07-05,0.286068,0.286068,-0.266491,0.972600
2021-07-06,0.293737,0.293737,-0.246827,0.973929
2021-07-07,0.283671,0.283671,-0.272640,0.947637
2021-07-08,0.282819,0.282819,-0.274823,0.953216
2021-07-09,0.296781,0.296781,-0.239023,0.867598
2021-07-10,0.288743,0.288743,-0.259633,0.865998
2021-07-11,0.340669,0.340669,-0.126491,0.867526
2021-07-12,0.315740,0.315740,-0.190411,0.859393
2021-07-13,0.301867,0.301867,-0.225981,0.787251
2021-07-14,0.294929,0.294929,-0.243772,0.772268
2021-07-15,0.303510,0.303510,-0.221768,0.776070
2021-07-16,0.291482,0.291482,-0.252611,0.764511
2021-07-17,0.265791,0.265791,-0.318485,0.765475
2021-07-18,0.293893,0.293893,-0.246429,0.740394
2021-07-19,0.246574,0.246574,-0.367760,0.745749
2021-07-20,0.252968,0.252968,-0.351365,0.752348
2021-07-21,0.397239,0.397239,-0.185150,0.688526
2021-07-22,0.420589,0.420589,-0.137253,0.681529
2021-07-23,0.420177,0.420177,-0.138099,0.685426
2021-07-24,0.433427,0.433427,-0.110920,0.680841
2021-07-25,0.483967,0.483967,-0.007246,0.602002
2021-07-26,1.032670,0.531486,0.090227,0.621408
2021-07-27,1.088745,0.603572,0.238096,0.603655
2021-07-28,1.101116,0.619703,0.271186,0.603437
2021-07-29,1.096593,0.610976,0.253283,0.589990
2021-07-30,1.110399,0.632350,0.297129,0.605569
2021-07-31,1.105352,0.620741,0.273316,0.583719
2021-08-01,1.083340,0.596947,0.224508,0.606121
2021-08-02,1.057749,0.563421,0.155734,0.606763
2021-08-03,1.056958,0.563095,0.155067,0.612558
2021-08-04,1.097303,0.613744,0.258962,0.598816
2021-08-05,1.117753,0.641376,0.315644,0.603125
2021-08-06,1.142924,0.678495,0.391785,0.616772
2021-08-07,1.160389,0.699902,0.435697,0.611214
2021-08-08,1.130608,0.661553,0.357031,0.615062
2021-08-09,1.150793,0.693925,0.423436,0.631815
2021-08-10,1.140000,0.680540,0.395979,0.636393
2021-08-11,1.143291,0.679223,0.393278,0.617537
2021-08-12,1.113506,0.641322,0.315532,0.625467
2021-08-13,1.124735,0.666644,0.367474,0.662859
2021-08-14,1.121620,0.659764,0.353363,0.653732
2021-08-15,1.132311,0.673235,0.380996,0.647898
2021-08-16,1.122991,0.663300,0.360616,0.659709
2021-08-17,1.116464,0.657477,0.348671,0.673610
2021-08-18,1.120777,0.659775,0.353384,0.658335
2021-08-19,1.144317,0.689252,0.413850,0.645219
2021-08-20,1.202994,0.761352,0.561747,0.622645
2021-08-21,1.201585,0.761629,0.562316,0.627630
2021-08-22,1.208839,0.768117,0.575625,0.620169
2021-08-23,1.209680,0.769341,0.578135,0.620376
2021-08-24,1.173362,0.727659,0.492635,0.639370
2021-08-25,1.178874,0.729778,0.496981,0.625136
2021-08-26,1.140504,0.678244,0.391270,0.626570
2021-08-27,1.156046,0.704548,0.445226,0.641963
2021-08-28,1.139832,0.682172,0.399327,0.642547
2021-08-29,1.130122,0.662505,0.358984,0.620734
2021-08-30,1.103996,0.630190,0.292698,0.633267
2021-08-31,1.104159,0.625887,0.283870,0.613204
2021-09-01,1.152138,0.690543,0.416498,0.615968
2021-09-02,1.114802,0.638053,0.308827,0.605271
2021-09-03,1.132657,0.658754,0.351291,0.595826
2021-09-04,1.118829,0.639900,0.312616,0.591934
2021-09-05,1.142860,0.668162,0.370589,0.583665
2021-09-06,1.166203,0.693720,0.423015,0.572665
2021-09-07,1.074385,0.481639,0.234972,0.710746
2021-09-08,1.060617,0.577864,0.185362,0.688035
2021-09-09,1.076299,0.600992,0.232805,0.686522
2021-09-10,1.047761,0.559622,0.147942,0.696952
2021-09-11,1.045122,0.555137,0.138743,0.691846
2021-09-12,1.082696,0.602786,0.236484,0.643428
2021-09-13,1.082222,0.602660,0.236225,0.646425
2021-09-14,1.119363,0.660353,0.354570,0.668369
2021-09-15,1.147481,0.700598,0.437123,0.666882
2021-09-16,1.161438,0.718394,0.473628,0.660108
2021-09-17,1.141965,0.690904,0.417239,0.661282
2021-09-18,1.195362,0.761229,0.561495,0.646679
2021-09-19,1.189058,0.742699,0.523486,0.623006
2021-09-20,1.122904,0.539339,0.382921,0.701012
2021-09-21,1.052385,0.455446,0.167811,0.720777
2021-09-22,1.087497,0.505839,0.297023,0.763799
2021-09-23,1.093433,0.513593,0.316905,0.763150
2021-09-24,1.066293,0.478630,0.227256,0.771308
2021-09-25,1.052751,0.459280,0.177642,0.757702
2021-09-26,1.058237,0.464547,0.191146,0.738494
2021-09-27,1.048599,0.452471,0.160181,0.741603
2021-09-28,1.012882,0.406646,0.042682,0.745486
2021-09-29,1.027278,0.424945,0.089602,0.739065
2021-09-30,1.074937,0.489511,0.255157,0.766113
2021-10-01,1.117591,0.558591,0.432284,0.827137
2021-10-02,1.122703,0.565923,0.451085,0.827154
2021-10-03,1.129731,0.575830,0.476488,0.826402
2021-10-04,1.124566,0.569217,0.459530,0.830036
2021-10-05,1.144144,0.598680,0.535076,0.835220
2021-10-06,1.147733,0.612951,0.571669,0.870662
2021-10-07,1.148277,0.587354,0.506037,0.767876
2021-10-08,1.145058,0.582032,0.492391,0.763748
2021-10-09,1.150702,0.589851,0.512438,0.765078
2021-10-10,1.169224,0.610846,0.566272,0.752915
2021-10-11,1.184191,0.635232,0.628800,0.768118
2021-10-12,1.151316,0.593552,0.521928,0.776083
2021-10-13,1.167738,0.614013,0.574392,0.770476
2021-10-14,1.174807,0.619642,0.588826,0.757899
2021-10-15,1.187314,0.646816,0.658503,0.790989
2021-10-16,1.191056,0.652439,0.672921,0.792475
2021-10-17,1.185518,0.644048,0.651405,0.790037
2021-10-18,1.184148,0.641794,0.645625,0.788851
2021-10-19,1.190412,0.649650,0.665769,0.786703
2021-10-20,1.232707,0.836836,0.716587,0.692856
2021-10-21,1.220758,0.821939,0.686028,0.699212
2021-10-22,1.211311,0.801166,0.643418,0.685098
2021-10-23,1.234025,0.833171,0.709068,0.681722
2021-10-24,1.237273,0.823297,0.688815,0.653187
2021-10-25,1.251844,0.845546,0.734453,0.656169
2021-10-26,1.205982,0.793780,0.628267,0.686274
2021-10-27,1.176488,0.752242,0.543061,0.692333
2021-10-28,1.204475,0.790512,0.621564,0.683956
2021-10-29,1.217025,0.809960,0.661457,0.685764
2021-10-30,1.223837,0.813975,0.669691,0.673172
2021-10-31,1.222599,0.780244,0.600500,0.606978
2021-11-01,1.223869,0.781209,0.602481,0.605524
2021-11-02,1.231156,0.794942,0.630650,0.613855
2021-11-03,1.223251,0.784597,0.609430,0.614204
2021-11-04,1.166949,0.708026,0.452362,0.609655
2021-11-05,1.173814,0.699278,0.434417,0.562346
2021-11-06,1.202138,0.728873,0.495124,0.551124
2021-11-07,1.224839,0.759155,0.557240,0.557640
2021-11-08,1.227019,0.779664,0.599311,0.593983
2021-11-09,1.221240,0.772687,0.585000,0.594943
2021-11-10,1.237212,0.789695,0.619886,0.587974
2021-11-11,1.244111,0.793410,0.627507,0.578380
2021-11-12,1.231243,0.776256,0.592319,0.576328
2021-11-13,1.236970,0.783312,0.606794,0.576144
2021-11-14,1.255492,0.776931,0.593704,0.522847
2021-11-15,1.248339,0.773746,0.587172,0.531989
2021-11-16,1.201486,0.735839,0.509412,0.568861
2021-11-17,1.197100,0.730227,0.497902,0.568381
2021-11-18,1.132751,0.656330,0.346317,0.586973
2021-11-19,1.176383,0.710414,0.457260,0.583295
2021-11-20,1.216770,0.749816,0.538084,0.558514
2021-11-21,1.186524,0.712083,0.460683,0.555713
2021-11-22,1.128344,0.646405,0.325959,0.571440
2021-11-23,1.147904,0.672755,0.380011,0.578096
2021-11-24,1.141823,0.660174,0.354202,0.561935
2021-11-25,1.166015,0.686816,0.408854,0.554121
2021-11-26,1.081089,0.598617,0.227933,0.632451
2021-11-27,1.084594,0.601403,0.233647,0.621448
2021-11-28,1.099130,0.624087,0.280179,0.635932
2021-11-29,1.110509,0.640030,0.312882,0.637037
2021-11-30,1.090626,0.612779,0.256982,0.638020
2021-12-01,1.096439,0.620864,0.273567,0.638256
2021-12-02,1.087777,0.605997,0.243072,0.623073
2021-12-03,1.041570,0.545659,0.119300,0.645715
2021-12-04,0.328935,0.328935,-0.156576,0.702894
2021-12-05,0.298827,0.298827,-0.233777,0.704215
2021-12-06,0.331962,0.331962,-0.148814,0.708927
2021-12-07,0.396982,0.396982,-0.185677,0.698261
2021-12-08,0.403193,0.403193,-0.172938,0.647949
2021-12-09,0.322938,0.322938,-0.337564,0.670973
2021-12-10,0.304625,0.304625,-0.375127,0.667152
2021-12-11,0.337813,0.337813,-0.307050,0.695966
2021-12-12,0.291954,0.291954,-0.251401,0.700310
2021-12-13,0.235103,0.235103,-0.397172,0.730192
2021-12-14,0.265892,0.265892,-0.318227,0.740787
2021-12-15,0.281122,0.281122,-0.279176,0.740798
2021-12-16,0.268862,0.268862,-0.310609,0.722604
2021-12-17,0.234390,0.234390,-0.399001,0.725989
2021-12-18,0.225011,0.225011,-0.423048,0.707548
2021-12-19,0.223929,0.223929,-0.425823,0.701116
2021-12-20,0.294961,0.294961,-0.394951,0.690992
2021-12-21,0.275328,0.275328,-0.294030,0.710788
2021-12-22,0.329932,0.329932,-0.323216,0.699296
2021-12-23,0.310357,0.310357,-0.204213,0.714746
2021-12-24,0.347295,0.347295,-0.109500,0.714784
2021-12-25,0.336142,0.336142,-0.138097,0.703432
2021-12-26,0.414878,0.414878,-0.148968,0.629077
2021-12-27,0.399047,0.399047,-0.181441,0.624842
2021-12-28,0.330171,0.330171,-0.322727,0.635751
2021-12-29,0.326504,0.326504,-0.330249,0.635993
2021-12-30,0.352540,0.352540,-0.276841,0.639696
2021-12-31,0.285686,0.285686,-0.413977,0.640126
2022-01-01,0.310729,0.310729,-0.362607,0.654126
2022-01-02,0.333733,0.333733,-0.315420,0.632299
2022-01-03,0.273969,0.273969,-0.438012,0.560902
2022-01-04,0.249443,0.249443,-0.488322,0.561716
2022-01-05,0.251202,0.251202,-0.484713,0.582096
2022-01-06,0.254367,0.254367,-0.478221,0.581513
2022-01-07,0.233453,0.233453,-0.521122,0.590976
2022-01-08,0.249268,0.249268,-0.488682,0.559465
2022-01-09,0.249937,0.249937,-0.487309,0.560080
2022-01-10,0.245440,0.245440,-0.496533,0.529773
2022-01-11,0.277042,0.277042,-0.431710,0.534144
2022-01-12,0.345365,0.345365,-0.409633,0.492954
2022-01-13,0.309822,0.309822,-0.470390,0.484702
2022-01-14,0.373211,0.373211,-0.362033,0.485079
2022-01-15,0.354106,0.354106,-0.394691,0.479141
2022-01-16,0.369225,0.369225,-0.368845,0.467888
2022-01-17,0.371964,0.371964,-0.364164,0.467657
2022-01-18,0.444428,0.444428,-0.240294,0.468301
2022-01-19,0.409673,0.409673,-0.299704,0.469537
2022-01-20,0.360417,0.360417,-0.383902,0.444872
2022-01-21,0.209562,0.209562,-0.570129,0.573632
2022-01-22,0.203162,0.203162,-0.583258,0.546531
2022-01-23,0.247556,0.247556,-0.492193,0.567645
2022-01-24,0.259015,0.259015,-0.468687,0.573077
2022-01-25,0.275742,0.275742,-0.434375,0.573346
2022-01-26,0.270296,0.270296,-0.445547,0.572899
2022-01-27,0.283016,0.283016,-0.419454,0.542994
2022-01-28,0.270935,0.270935,-0.444237,0.546085
2022-01-29,0.239431,0.239431,-0.508860,0.545093
2022-01-30,0.251892,0.251892,-0.483299,0.543279
2022-01-31,0.266097,0.266097,-0.454160,0.531285
2022-02-01,0.259342,0.259342,-0.468016,0.533173
2022-02-02,0.243058,0.243058,-0.501420,0.550792
2022-02-03,0.236704,0.236704,-0.514453,0.554255
2022-02-04,0.331818,0.331818,-0.319347,0.659997
2022-02-05,0.329812,0.329812,-0.323462,0.659613
2022-02-06,0.358340,0.358340,-0.264943,0.653157
2022-02-07,0.435589,0.435589,-0.106484,0.663347
2022-02-08,0.415810,0.415810,-0.147057,0.663357
2022-02-09,0.409908,0.409908,-0.159164,0.663581
2022-02-10,0.412634,0.412634,-0.153570,0.664007
2022-02-11,0.430081,0.430081,-0.117782,0.663224
2022-02-12,0.394047,0.394047,-0.191699,0.654520
2022-02-13,0.401657,0.401657,-0.176087,0.653195
2022-02-14,0.421713,0.421713,-0.134948,0.654570
2022-02-15,0.483337,0.483337,-0.008540,0.674432
2022-02-16,0.478604,0.478604,-0.018248,0.672578
2022-02-17,0.306042,0.306042,-0.215278,0.729248
2022-02-18,0.287092,0.287092,-0.263867,0.728541
2022-02-19,0.277664,0.277664,-0.288042,0.724128
2022-02-20,0.320884,0.320884,-0.341777,0.628176
2022-02-21,0.271542,0.271542,-0.442991,0.626720
2022-02-22,0.299318,0.299318,-0.386014,0.626464
2022-02-23,0.277183,0.277183,-0.431420,0.632771
2022-02-24,0.245767,0.245767,-0.495863,0.639809
2022-02-25,0.273753,0.273753,-0.438455,0.643956
2022-02-26,0.282558,0.282558,-0.420394,0.643596
2022-02-27,0.243900,0.243900,-0.499692,0.655508
2022-02-28,0.314156,0.314156,-0.194472,0.807408
2022-03-01,0.344101,0.344101,-0.117689,0.810768
2022-03-02,0.330331,0.330331,-0.152996,0.812110
2022-03-03,0.308544,0.308544,-0.208862,0.822659
2022-03-04,0.253020,0.253020,-0.351231,0.856206
2022-03-05,0.268977,0.268977,-0.310315,0.855717
2022-03-06,0.253809,0.253809,-0.349208,0.769114
2022-03-07,0.237248,0.237248,-0.391671,0.769688
2022-03-08,0.256072,0.256072,-0.343406,0.767891
2022-03-09,0.351632,0.351632,-0.098381,0.810965
2022-03-10,0.305445,0.305445,-0.216808,0.837483
2022-03-11,0.289898,0.289898,-0.256672,0.837868
2022-03-12,0.302947,0.302947,-0.223214,0.836277
2022-03-13,0.286417,0.286417,-0.265598,0.836541
2022-03-14,0.324078,0.324078,-0.169030,0.856539
2022-03-15,0.320200,0.320200,-0.178974,0.856956
2022-03-16,0.362195,0.362195,-0.071294,0.872012
2022-03-17,0.357503,0.357503,-0.083325,0.855189
2022-03-18,0.378513,0.378513,-0.029454,0.857694
2022-03-19,1.000929,0.391306,0.003350,0.810913
2022-03-20,0.326991,0.326991,-0.161560,0.813604
2022-03-21,0.318339,0.318339,-0.183746,0.813985
2022-03-22,0.388724,0.388724,-0.003271,0.805435
2022-03-23,1.012657,0.407395,0.044603,0.792919
2022-03-24,1.037633,0.441548,0.132174,0.790237
2022-03-25,1.032935,0.434670,0.114539,0.782476
2022-03-26,1.052236,0.460457,0.180659,0.778171
2022-03-27,1.069608,0.485574,0.245061,0.792138
2022-03-28,1.064636,0.478681,0.227388,0.791540
2022-03-29,1.066291,0.479178,0.228661,0.776106
2022-03-30,1.091485,0.611564,0.254491,0.625903
2022-03-31,1.073857,0.588514,0.207208,0.631248
2022-04-01,1.077438,0.593523,0.217484,0.631910
2022-04-02,1.078813,0.593510,0.217456,0.620807
2022-04-03,1.125362,0.635053,0.302672,0.543239
2022-04-04,1.116518,0.624653,0.281339,0.543275
2022-04-05,1.058941,0.556738,0.142026,0.542170
2022-04-06,0.462671,0.462671,-0.050932,0.576330
2022-04-07,0.455899,0.455899,-0.064823,0.573820
2022-04-08,0.406414,0.406414,-0.166330,0.514467
2022-04-09,0.539704,0.539704,-0.077429,0.464089
2022-04-10,0.467931,0.467931,-0.200117,0.462213
2022-04-11,0.280883,0.280883,-0.423829,0.518289
2022-04-12,0.325868,0.325868,-0.331553,0.510443
2022-04-13,0.418917,0.418917,-0.283902,0.490018
2022-04-14,0.311198,0.311198,-0.361644,0.500452
2022-04-15,0.400119,0.400119,-0.316035,0.476631
2022-04-16,0.349888,0.349888,-0.401901,0.476577
2022-04-17,0.310615,0.310615,-0.469035,0.474096
2022-04-18,0.393529,0.393529,-0.327301,0.483511
2022-04-19,0.423909,0.423909,-0.275369,0.481077
2022-04-20,0.408609,0.408609,-0.301523,0.480675
2022-04-21,0.406600,0.406600,-0.304957,0.471774
2022-04-22,0.377567,0.377567,-0.354587,0.473020
2022-04-23,0.361546,0.361546,-0.381972,0.462171
2022-04-24,0.364323,0.364323,-0.377225,0.460723
2022-04-25,0.387276,0.387276,-0.337990,0.470439
2022-04-26,0.309137,0.309137,-0.471560,0.467676
2022-04-27,0.383456,0.383456,-0.344520,0.482244
2022-04-28,0.446373,0.446373,-0.236968,0.484785
2022-04-29,0.297388,0.297388,-0.491645,0.491577
2022-04-30,0.257967,0.257967,-0.559030,0.486646
2022-05-01,0.313407,0.313407,-0.464261,0.490066
2022-05-02,0.325704,0.325704,-0.443241,0.490541
2022-05-03,0.315424,0.315424,-0.460813,0.488487
2022-05-04,0.361519,0.361519,-0.258422,0.527250
2022-05-05,0.287529,0.287529,-0.410197,0.589069
2022-05-06,0.281299,0.281299,-0.422976,0.566929
2022-05-07,0.266908,0.266908,-0.452497,0.565981
2022-05-08,0.191542,0.191542,-0.607093,0.574161
2022-05-09,0.180000,0.180000,-0.740658,0.698826
2022-05-10,0.180000,0.180000,-0.696107,0.714289
2022-05-11,0.180000,0.180000,-0.767536,0.713618
2022-05-12,0.180000,0.180000,-0.782023,0.709010
2022-05-13,0.180000,0.180000,-0.786600,0.700001
2022-05-14,0.180000,0.180000,-0.753075,0.709105
2022-05-15,0.180000,0.180000,-0.719340,0.725460
2022-05-16,0.180000,0.180000,-0.767621,0.737812
2022-05-17,0.180000,0.180000,-0.743642,0.744094
2022-05-18,0.180000,0.180000,-0.779010,0.751395
2022-05-19,0.180000,0.180000,-0.673655,0.780183
2022-05-20,0.180000,0.180000,-0.729538,0.785364
2022-05-21,0.180000,0.180000,-0.693512,0.787526
2022-05-22,0.180000,0.180000,-0.615122,0.798426
2022-05-23,0.180000,0.180000,-0.689477,0.805579
2022-05-24,0.180000,0.180000,-0.688357,0.811067
2022-05-25,0.180000,0.180000,-0.676181,0.802121
2022-05-26,0.180000,0.180000,-0.682892,0.782880
2022-05-27,0.180000,0.180000,-0.713548,0.771555
2022-05-28,0.180000,0.180000,-0.709071,0.771984
2022-05-29,0.180000,0.180000,-0.649301,0.773833
2022-05-30,0.189508,0.189508,-0.514081,0.823523
2022-05-31,0.206555,0.206555,-0.470372,0.818006
2022-06-01,0.180000,0.180000,-0.595427,0.842331
2022-06-02,0.180000,0.180000,-0.551948,0.847466
2022-06-03,0.180000,0.180000,-0.644004,0.823256
2022-06-04,0.180000,0.180000,-0.719293,0.781625
2022-06-05,0.180000,0.180000,-0.663088,0.781611
2022-06-06,0.180000,0.180000,-0.607436,0.802783
2022-06-07,0.180000,0.180000,-0.573603,0.791700
2022-06-08,0.180000,0.180000,-0.691714,0.669875
2022-06-09,0.180000,0.180000,-0.651547,0.660723
2022-06-10,0.180000,0.180000,-0.704153,0.633088
2022-06-11,0.180000,0.180000,-0.768424,0.638206
2022-06-12,0.180000,0.180000,-0.834520,0.677913
2022-06-13,0.180000,0.180000,-0.918097,0.877407
2022-06-14,0.180000,0.180000,-0.927646,0.858666
2022-06-15,0.180000,0.180000,-0.921608,0.855370
2022-06-16,0.180000,0.180000,-0.947327,0.907055
2022-06-17,0.180000,0.180000,-0.944467,0.893859
2022-06-18,0.180000,0.180000,-0.960215,0.889015
2022-06-19,0.180000,0.180000,-0.941357,0.946681
2022-06-20,0.180000,0.180000,-0.935385,0.944911
2022-06-21,0.180000,0.180000,-0.920550,0.936372
2022-06-22,0.180000,0.180000,-0.941105,0.935087
2022-06-23,0.180000,0.180000,-0.909399,0.958347
2022-06-24,0.180000,0.180000,-0.913058,0.959930
2022-06-25,0.180000,0.180000,-0.909109,0.963229
2022-06-26,0.180000,0.180000,-0.928472,0.963437
2022-06-27,0.180000,0.180000,-0.928118,0.959531
2022-06-28,0.180000,0.180000,-0.949425,0.955570
2022-06-29,0.180000,0.180000,-0.951370,0.903496
2022-06-30,0.180000,0.180000,-0.953111,0.901648
2022-07-01,0.180000,0.180000,-0.956930,0.886696
2022-07-02,0.180000,0.180000,-0.943275,0.878564
2022-07-03,0.180000,0.180000,-0.919498,0.880158
2022-07-04,0.180000,0.180000,-0.865621,0.903171
2022-07-05,0.180000,0.180000,-0.879578,0.902326
2022-07-06,0.180000,0.180000,-0.786998,0.883584
2022-07-07,0.180000,0.180000,-0.733454,0.911570
2022-07-08,0.180000,0.180000,-0.640929,0.909969
2022-07-09,0.180000,0.180000,-0.697848,0.910364
2022-07-10,0.180000,0.180000,-0.739646,0.910354
2022-07-11,0.180000,0.180000,-0.814830,0.916725
2022-07-12,0.180000,0.180000,-0.829923,0.897983
2022-07-13,0.180000,0.180000,-0.828188,0.720855
2022-07-14,0.180000,0.180000,-0.820880,0.723030
2022-07-15,0.180000,0.180000,-0.806092,0.720350
2022-07-16,0.180000,0.180000,-0.756266,0.628366
2022-07-17,0.180000,0.180000,-0.756849,0.632236
2022-07-18,0.180000,0.180000,-0.644040,0.622391
2022-07-19,0.208465,0.208465,-0.572379,0.575906
2022-07-20,0.203090,0.203090,-0.583405,0.577185
2022-07-21,0.200042,0.200042,-0.589657,0.577584
2022-07-22,0.197245,0.197245,-0.595395,0.566421
2022-07-23,0.186021,0.186021,-0.618418,0.538295
2022-07-24,0.182583,0.182583,-0.625471,0.538267
2022-07-25,0.180000,0.180000,-0.703116,0.575846
2022-07-26,0.180000,0.180000,-0.720778,0.570927
2022-07-27,0.180000,0.180000,-0.659254,0.627306
2022-07-28,0.189968,0.189968,-0.610322,0.631427
2022-07-29,0.180000,0.180000,-0.647159,0.630360
2022-07-30,0.180000,0.180000,-0.632831,0.629452
2022-07-31,0.197521,0.197521,-0.594829,0.617905
2022-08-01,0.202355,0.202355,-0.584912,0.617856
2022-08-02,0.192903,0.192903,-0.604301,0.621133
2022-08-03,0.182217,0.182217,-0.626221,0.604858
2022-08-04,0.180000,0.180000,-0.641917,0.605987
2022-08-05,0.180000,0.180000,-0.633912,0.610638
2022-08-06,0.181746,0.181746,-0.627187,0.590916
2022-08-07,0.180000,0.180000,-0.660478,0.591359
2022-08-08,0.180000,0.180000,-0.659523,0.597494
2022-08-09,0.180000,0.180000,-0.681814,0.592921
2022-08-10,0.200380,0.200380,-0.588964,0.576565
2022-08-11,0.225704,0.225704,-0.537017,0.560409
2022-08-12,0.321128,0.321128,-0.341275,0.544819
2022-08-13,0.327296,0.327296,-0.328625,0.543554
2022-08-14,0.338963,0.338963,-0.304691,0.544511
2022-08-15,0.376558,0.376558,-0.227573,0.544726
2022-08-16,0.340010,0.340010,-0.302544,0.540820
2022-08-17,0.362663,0.362663,-0.380063,0.483330
2022-08-18,0.323477,0.323477,-0.447049,0.460965
2022-08-19,0.180000,0.180000,-0.646107,0.592819
2022-08-20,0.185728,0.185728,-0.619020,0.596206
2022-08-21,0.222315,0.222315,-0.543969,0.597012
2022-08-22,0.194983,0.194983,-0.600036,0.596363
2022-08-23,0.199507,0.199507,-0.590756,0.596412
2022-08-24,0.192736,0.192736,-0.604644,0.561490
2022-08-25,0.200576,0.200576,-0.588562,0.562226
2022-08-26,0.180000,0.180000,-0.679281,0.534143
2022-08-27,0.180000,0.180000,-0.676325,0.512157
2022-08-28,0.180000,0.180000,-0.711710,0.516080
2022-08-29,0.180000,0.180000,-0.636365,0.537617
2022-08-30,0.180000,0.180000,-0.653093,0.540476
2022-08-31,0.181009,0.181009,-0.628700,0.543692
2022-09-01,0.180000,0.180000,-0.637224,0.543939
2022-09-02,0.180000,0.180000,-0.685745,0.544074
2022-09-03,0.180000,0.180000,-0.687523,0.543903
2022-09-04,0.180000,0.180000,-0.685486,0.531798
2022-09-05,0.180000,0.180000,-0.745067,0.530822
2022-09-06,0.180000,0.180000,-0.786335,0.552824
2022-09-07,0.180000,0.180000,-0.752771,0.552301
2022-09-08,0.180000,0.180000,-0.671890,0.547683
2022-09-09,0.306426,0.306426,-0.371434,0.648350
2022-09-10,0.328615,0.328615,-0.325918,0.651071
2022-09-11,0.315413,0.315413,-0.352998,0.647302
2022-09-12,0.327136,0.327136,-0.328952,0.655226
2022-09-13,0.180000,0.180000,-0.556929,0.744988
2022-09-14,0.180000,0.180000,-0.577593,0.745560
2022-09-15,0.180000,0.180000,-0.551416,0.748863
2022-09-16,0.180000,0.180000,-0.615884,0.747800
2022-09-17,0.180000,0.180000,-0.580519,0.751368
2022-09-18,0.180000,0.180000,-0.662396,0.664903
2022-09-19,0.180619,0.180619,-0.629499,0.662862
2022-09-20,0.180000,0.180000,-0.687155,0.667725
2022-09-21,0.180000,0.180000,-0.728611,0.670605
2022-09-22,0.180448,0.180448,-0.629849,0.696366
2022-09-23,0.199697,0.199697,-0.590366,0.696266
2022-09-24,0.180307,0.180307,-0.630140,0.696948
2022-09-25,0.180000,0.180000,-0.698623,0.664071
2022-09-26,0.180000,0.180000,-0.644208,0.668886
2022-09-27,0.180000,0.180000,-0.697606,0.664202
2022-09-28,0.180000,0.180000,-0.667821,0.653819
2022-09-29,0.180000,0.180000,-0.720766,0.649814
2022-09-30,0.180000,0.180000,-0.743307,0.648868
2022-10-01,0.180000,0.180000,-0.745869,0.648798
2022-10-02,0.180000,0.180000,-0.792613,0.649600
2022-10-03,0.180000,0.180000,-0.670297,0.658316
2022-10-04,0.185861,0.185861,-0.618747,0.669509
2022-10-05,0.198019,0.198019,-0.593806,0.669251
2022-10-06,0.182061,0.182061,-0.626542,0.643020
2022-10-07,0.180000,0.180000,-0.720669,0.642006
2022-10-08,0.180000,0.180000,-0.656112,0.642352
2022-10-09,0.180000,0.180000,-0.674135,0.531088
2022-10-10,0.180000,0.180000,-0.635365,0.529439
2022-10-11,0.223862,0.223862,-0.540797,0.527572
2022-10-12,0.192580,0.192580,-0.604963,0.517472
2022-10-13,0.250780,0.250780,-0.571317,0.376214
2022-10-14,0.302164,0.302164,-0.483480,0.377191
2022-10-15,0.303621,0.303621,-0.480991,0.367039
2022-10-16,0.344953,0.344953,-0.410337,0.368504
2022-10-17,0.345596,0.345596,-0.409237,0.368083
2022-10-18,0.384913,0.384913,-0.407825,0.348981
2022-10-19,0.299903,0.299903,-0.487345,0.350044
2022-10-20,0.340359,0.340359,-0.476370,0.328580
2022-10-21,0.338543,0.338543,-0.479165,0.318981
2022-10-22,0.353864,0.353864,-0.455594,0.266993
2022-10-23,0.357632,0.357632,-0.449796,0.274425
2022-10-24,0.277456,0.277456,-0.573145,0.269120
2022-10-25,0.457333,0.457333,-0.296410,0.297694
2022-10-26,0.569896,0.569896,-0.123237,0.310152
2022-10-27,0.555575,0.555575,-0.145270,0.321115
2022-10-28,0.572941,0.572941,-0.118552,0.319571
2022-10-29,0.635701,0.635701,-0.021998,0.319992
2022-10-30,0.626824,0.626824,-0.035656,0.320049
2022-10-31,0.609394,0.609394,-0.062471,0.320334
2022-11-01,0.586842,0.586842,-0.097166,0.315745
2022-11-02,0.545879,0.545879,-0.160186,0.306479
2022-11-03,0.542077,0.542077,-0.166036,0.280114
2022-11-04,0.598208,0.598208,-0.079680,0.320286
2022-11-05,0.648945,0.648945,-0.001624,0.318112
2022-11-06,0.591578,0.591578,-0.089880,0.315305
2022-11-07,0.586949,0.586949,-0.097001,0.319985
2022-11-08,0.285081,0.285081,-0.512682,0.490351
2022-11-09,0.180000,0.180000,-0.744408,0.719028
2022-11-10,0.180000,0.180000,-0.594941,0.809136
2022-11-11,0.180000,0.180000,-0.677254,0.814419
2022-11-12,0.180000,0.180000,-0.675000,0.813445
2022-11-13,0.180000,0.180000,-0.728100,0.817700
2022-11-14,0.180000,0.180000,-0.690946,0.821600
2022-11-15,0.180000,0.180000,-0.720402,0.823429
2022-11-16,0.180000,0.180000,-0.762208,0.821147
2022-11-17,0.180000,0.180000,-0.742264,0.821203
2022-11-18,0.180000,0.180000,-0.748923,0.821143
2022-11-19,0.180000,0.180000,-0.714901,0.821295
2022-11-20,0.180000,0.180000,-0.730673,0.823561
2022-11-21,0.180000,0.180000,-0.808524,0.827879
2022-11-22,0.180000,0.180000,-0.741784,0.831926
2022-11-23,0.180000,0.180000,-0.690344,0.837740
2022-11-24,0.180000,0.180000,-0.741196,0.823436
2022-11-25,0.180000,0.180000,-0.780990,0.810628
2022-11-26,0.180000,0.180000,-0.773629,0.808756
2022-11-27,0.180000,0.180000,-0.783311,0.805291
2022-11-28,0.180000,0.180000,-0.769746,0.802847
2022-11-29,0.180000,0.180000,-0.625856,0.806628
2022-11-30,0.180000,0.180000,-0.639269,0.825639
2022-12-01,0.180000,0.180000,-0.607500,0.825566
2022-12-02,0.180000,0.180000,-0.577267,0.825952
2022-12-03,0.180000,0.180000,-0.600943,0.825719
2022-12-04,0.180000,0.180000,-0.578787,0.807792
2022-12-05,0.180000,0.180000,-0.631338,0.806173
2022-12-06,0.180000,0.180000,-0.577996,0.806746
2022-12-07,0.180000,0.180000,-0.607071,0.806710
2022-12-08,0.180000,0.180000,-0.556566,0.731060
2022-12-09,0.256162,0.256162,-0.562116,0.491867
2022-12-10,0.310307,0.310307,-0.522605,0.342726
2022-12-11,0.327884,0.327884,-0.495563,0.325648
2022-12-12,0.319879,0.319879,-0.507879,0.321807
2022-12-13,0.362286,0.362286,-0.442637,0.321311
2022-12-14,0.369306,0.369306,-0.431837,0.316880
2022-12-15,0.327283,0.327283,-0.496488,0.326638
2022-12-16,0.219409,0.219409,-0.624941,0.356826
2022-12-17,0.268717,0.268717,-0.540655,0.358073
2022-12-18,0.277624,0.277624,-0.525429,0.358172
2022-12-19,0.228727,0.228727,-0.609014,0.363708
2022-12-20,0.233316,0.233316,-0.601169,0.364799
2022-12-21,0.258669,0.258669,-0.602048,0.346358
2022-12-22,0.246704,0.246704,-0.620455,0.333737
2022-12-23,0.256707,0.256707,-0.605067,0.324575
2022-12-24,0.252759,0.252759,-0.611139,0.324743
2022-12-25,0.254877,0.254877,-0.607881,0.324234
2022-12-26,0.278373,0.278373,-0.571734,0.324195
2022-12-27,0.245313,0.245313,-0.622595,0.327542
2022-12-28,0.204922,0.204922,-0.684735,0.325847
2022-12-29,0.219614,0.219614,-0.662133,0.322716
2022-12-30,0.213968,0.213968,-0.670819,0.283883
2022-12-31,0.217340,0.217340,-0.665632,0.281882
2023-01-01,0.227515,0.227515,-0.649976,0.281214
2023-01-02,0.195907,0.195907,-0.698604,0.278592
2023-01-03,0.186184,0.186184,-0.713563,0.274390
2023-01-04,0.261569,0.261569,-0.597587,0.275817
2023-01-05,0.319697,0.319697,-0.508159,0.274520
2023-01-06,0.335746,0.335746,-0.483467,0.270696
2023-01-07,0.334746,0.334746,-0.485006,0.258203
2023-01-08,0.517007,0.517007,-0.204604,0.260509
2023-01-09,0.386121,0.386121,-0.405968,0.260711
2023-01-10,0.466930,0.466930,-0.281646,0.265727
2023-01-11,0.593326,0.593326,-0.087191,0.282047
2023-01-12,1.025848,0.683603,0.051696,0.309971
2023-01-13,1.094427,0.695479,0.188853,0.362581
2023-01-14,1.121381,0.727015,0.242761,0.381357
2023-01-15,1.119320,0.805116,0.238641,0.340639
2023-01-16,1.147644,0.841937,0.295288,0.341596
2023-01-17,1.137292,0.828480,0.274585,0.341639
2023-01-18,1.142289,0.834976,0.284578,0.345524
2023-01-19,1.167166,0.867316,0.334333,0.340636
2023-01-20,1.197356,0.815907,0.394712,0.407508
2023-01-21,1.204760,0.824570,0.409521,0.406266
2023-01-22,1.213452,0.834739,0.426904,0.406577
2023-01-23,1.218064,0.840135,0.436128,0.405887
2023-01-24,1.198577,0.817336,0.397155,0.412058
2023-01-25,1.196680,0.815116,0.393361,0.412827
2023-01-26,1.188741,0.805827,0.377483,0.407073
2023-01-27,1.201340,0.820568,0.402681,0.401584
2023-01-28,1.197527,0.816106,0.395053,0.403786
2023-01-29,1.223152,0.846088,0.446304,0.407034
2023-01-30,1.199500,0.818415,0.399000,0.441667
2023-01-31,1.196183,0.814534,0.392366,0.441150
2023-02-01,1.188925,0.806042,0.377849,0.443243
2023-02-02,1.182335,0.798332,0.364671,0.448172
2023-02-03,1.183763,0.800369,0.368152,0.450768
2023-02-04,1.188699,0.806793,0.379133,0.452067
2023-02-05,1.172889,0.792818,0.355245,0.462320
2023-02-06,1.168120,0.788247,0.347431,0.464976
2023-02-07,1.219398,0.851128,0.454919,0.466535
2023-02-08,1.248423,0.890078,0.521501,0.472331
2023-02-09,1.118753,0.620927,0.273696,0.518568
2023-02-10,1.094784,0.593372,0.217173,0.515531
2023-02-11,1.146850,0.772933,0.321253,0.492216
2023-02-12,1.147039,0.759795,0.298794,0.457218
2023-02-13,1.182770,0.798841,0.365540,0.424383
2023-02-14,1.174365,0.789007,0.348731,0.428536
2023-02-15,1.254336,0.778847,0.597634,0.528701
2023-02-16,1.212231,0.738088,0.514027,0.544953
2023-02-17,1.258274,0.797745,0.636400,0.554410
2023-02-18,1.235350,0.769217,0.577881,0.552467
2023-02-19,1.261672,0.924597,0.580507,0.499152
2023-02-20,1.267739,0.780114,0.600234,0.504419
2023-02-21,1.247871,0.760444,0.559886,0.508225
2023-02-22,1.233578,0.745493,0.529217,0.509781
2023-02-23,1.219013,0.729039,0.495464,0.509008
2023-02-24,1.189308,0.700196,0.436299,0.518558
2023-02-25,1.194359,0.705851,0.447900,0.518511
2023-02-26,1.221109,0.737464,0.512748,0.521771
2023-02-27,1.211771,0.726923,0.491124,0.521804
2023-02-28,1.205405,0.715775,0.468256,0.512926
2023-03-01,1.248223,0.906943,0.550330,0.498844
2023-03-02,1.250659,0.909376,0.554488,0.497728
2023-03-03,1.172105,0.680350,0.395590,0.517172
2023-03-04,1.142001,0.646356,0.325858,0.516320
2023-03-05,1.143289,0.647899,0.329024,0.516652
2023-03-06,1.140668,0.644931,0.322936,0.516538
2023-03-07,1.094869,0.593218,0.216858,0.514323
2023-03-08,1.131820,0.635814,0.304233,0.519289
2023-03-09,1.111903,0.622320,0.276554,0.556061
2023-03-10,1.064405,0.565062,0.159101,0.555818
2023-03-11,1.084842,0.585295,0.200604,0.532002
2023-03-12,1.128681,0.652502,0.338466,0.591810
2023-03-13,1.178563,0.747331,0.532987,0.671594
2023-03-14,1.192778,0.769234,0.577915,0.674512
2023-03-15,1.156260,0.717018,0.470806,0.677917
2023-03-16,1.180629,0.754224,0.547126,0.681525
2023-03-17,1.228164,0.824542,0.691367,0.681779
2023-03-18,1.219664,0.807797,0.657020,0.672981
2023-03-19,1.246396,0.844952,0.733235,0.669564
2023-03-20,1.244354,0.842858,0.728939,0.671204
2023-03-21,1.240181,0.835441,0.713724,0.668612
2023-03-22,1.229586,0.824025,0.690309,0.676518
2023-03-23,1.250954,0.859066,0.762186,0.683360
2023-03-24,1.218952,0.815852,0.673543,0.692149
2023-03-25,1.214817,0.808837,0.659152,0.690398
2023-03-26,1.224957,0.818456,0.678884,0.679013
2023-03-27,1.206677,0.796805,0.634472,0.690721
2023-03-28,1.214852,0.808432,0.658321,0.689416
2023-03-29,1.233083,0.840507,0.724117,0.699006
2023-03-30,1.223858,0.825908,0.694170,0.697712
2023-03-31,1.239978,0.849679,0.742931,0.696560
2023-04-01,1.237556,0.845416,0.734186,0.695382
2023-04-02,1.227150,0.817034,0.675967,0.669568
2023-04-03,1.218995,0.806851,0.655078,0.673041
2023-04-04,1.228582,0.820915,0.683928,0.673209
2023-04-05,1.220017,0.808345,0.658144,0.673050
2023-04-06,1.203477,0.783654,0.607495,0.671752
2023-04-07,1.204363,0.781724,0.603537,0.664485
2023-04-08,1.197717,0.749730,0.537908,0.612134
2023-04-09,1.218271,0.774795,0.589323,0.607491
2023-04-10,1.253099,0.826889,0.696182,0.618892
2023-04-11,1.296105,0.859710,0.763508,0.580163
2023-04-12,1.319436,0.836692,0.716291,0.504531
2023-04-13,1.349223,0.867676,0.779847,0.502445
2023-04-14,1.361646,1.051396,0.797258,0.496019
2023-04-15,1.356816,1.041356,0.780095,0.491910
2023-04-16,1.412427,1.067539,0.824853,0.384358
2023-04-17,1.391473,1.043023,0.782946,0.394163
2023-04-18,1.391412,1.042951,0.782823,0.386774
2023-04-19,1.325482,0.965814,0.650964,0.432222
2023-04-20,1.289783,0.924046,0.579565,0.435569
2023-04-21,1.231736,0.856131,0.463472,0.439835
2023-04-22,1.272275,0.903562,0.544550,0.424998
2023-04-23,1.289711,0.923961,0.579421,0.412453
2023-04-24,1.282446,0.915462,0.564892,0.412590
2023-04-25,1.334649,0.976539,0.669297,0.419616
2023-04-26,1.337342,0.979690,0.674683,0.404527
2023-04-27,1.379173,1.028633,0.758347,0.422473
2023-04-28,1.371359,1.019490,0.742719,0.402103
2023-04-29,1.363448,1.010234,0.726896,0.399862
2023-04-30,1.329692,0.970740,0.659385,0.396638
2023-05-01,1.275392,0.907208,0.550784,0.422319
2023-05-02,1.315047,0.953604,0.630093,0.427462
2023-05-03,1.319753,0.959111,0.639506,0.426344
2023-05-04,1.319335,0.958621,0.638669,0.425090
2023-05-05,1.341712,0.984803,0.683423,0.432000
2023-05-06,1.320499,0.959984,0.640999,0.439630
2023-05-07,1.308274,0.945681,0.616548,0.442600
2023-05-08,1.270772,0.903952,0.545218,0.453053
2023-05-09,1.292402,0.927281,0.585095,0.450224
2023-05-10,1.294716,0.929818,0.589433,0.418303
2023-05-11,1.304960,0.941804,0.609921,0.417121
2023-05-12,1.243531,0.869932,0.487063,0.416560
2023-05-13,1.233391,0.858067,0.466782,0.410600
2023-05-14,1.241359,0.867390,0.482718,0.411174
2023-05-15,1.216942,0.838823,0.433885,0.413675
2023-05-16,1.150188,0.760720,0.300376,0.413443
2023-05-17,1.163797,0.776643,0.327595,0.407229
2023-05-18,1.115166,0.719745,0.230333,0.393198
2023-05-19,1.125613,0.731967,0.251226,0.350925
2023-05-20,1.098854,0.778510,0.197708,0.347186
2023-05-21,1.114012,0.798215,0.228023,0.327964
2023-05-22,1.082222,0.756889,0.164444,0.319803
2023-05-23,1.122827,0.809675,0.245654,0.322870
2023-05-24,1.070157,0.741204,0.140314,0.342544
2023-05-25,1.052740,0.718561,0.105479,0.326452
2023-05-26,1.092702,0.770513,0.185404,0.327991
2023-05-27,1.102365,0.783075,0.204730,0.298569
2023-05-28,1.201986,0.912582,0.403972,0.340706
2023-05-29,1.174731,0.877150,0.349462,0.342589
2023-05-30,1.176986,0.880082,0.353972,0.342526
2023-05-31,1.149224,0.843991,0.298447,0.318192
2023-06-01,1.109944,0.792927,0.219888,0.311087
2023-06-02,1.165542,0.865205,0.331084,0.313281
2023-06-03,1.137693,0.829001,0.275386,0.313261
2023-06-04,1.139167,0.830917,0.278334,0.300443
2023-06-05,1.046469,0.710410,0.092938,0.340697
2023-06-06,1.158976,0.771002,0.317952,0.398272
2023-06-07,1.102930,0.705428,0.205860,0.403773
2023-06-08,1.110037,0.713743,0.220074,0.404659
2023-06-09,1.095110,0.696279,0.190220,0.404663
2023-06-10,1.056524,0.651133,0.113048,0.405523
2023-06-11,1.061502,0.656957,0.123004,0.405421
2023-06-12,1.048458,0.641696,0.096916,0.405420
2023-06-13,1.067158,0.663575,0.134317,0.404851
2023-06-14,1.006087,0.592122,0.012174,0.416473
2023-06-15,0.575894,0.575894,-0.015567,0.422824
2023-06-16,1.069874,0.666752,0.139748,0.432928
2023-06-17,1.017833,0.605864,0.035666,0.427449
2023-06-18,1.033439,0.624124,0.066879,0.427900
2023-06-19,1.091556,0.692121,0.183112,0.432329
2023-06-20,1.214283,0.845659,0.445570,0.467854
2023-06-21,1.276789,0.791541,0.623674,0.506981
2023-06-22,1.270752,0.784499,0.609230,0.506280
2023-06-23,1.308383,0.981921,0.678498,0.495040
2023-06-24,1.298751,0.970545,0.659052,0.496355
2023-06-25,1.304623,0.978398,0.672476,0.496703
2023-06-26,1.261071,0.923104,0.577955,0.498101
2023-06-27,1.303296,0.962129,0.644665,0.478244
2023-06-28,1.280644,0.937013,0.601732,0.482425
2023-06-29,1.290392,0.949895,0.623752,0.483293
2023-06-30,1.329179,0.993722,0.698670,0.477554
2023-07-01,1.334195,0.995969,0.702511,0.472972
2023-07-02,1.321863,0.979419,0.674221,0.471317
2023-07-03,1.341289,1.003927,0.716115,0.472110
2023-07-04,1.316843,0.977012,0.670106,0.475862
2023-07-05,1.345039,0.988696,0.690078,0.432657
2023-07-06,1.349080,0.993424,0.698160,0.400391
2023-07-07,1.407347,1.061596,0.814695,0.380056
2023-07-08,1.403758,1.057397,0.807516,0.380735
2023-07-09,1.397857,1.050493,0.795714,0.381484
2023-07-10,1.399721,1.052674,0.799442,0.367325
2023-07-11,1.366488,1.013791,0.732976,0.367274
2023-07-12,1.347667,0.991770,0.695334,0.369666
2023-07-13,1.380132,1.029755,0.760265,0.383229
2023-07-14,1.301369,0.937602,0.602738,0.390407
2023-07-15,1.268479,0.899120,0.536957,0.388563
2023-07-16,1.273838,0.905390,0.547675,0.380210
2023-07-17,1.243034,0.869350,0.486069,0.381079
2023-07-18,1.249343,0.876731,0.498685,0.382126
2023-07-19,1.228575,0.852433,0.457150,0.378446
2023-07-20,1.244164,0.967414,0.488329,0.334235
2023-07-21,1.222506,0.939257,0.445011,0.266161
2023-07-22,1.225228,0.942796,0.450456,0.266156
2023-07-23,1.245956,0.969742,0.491911,0.250987
2023-07-24,1.184312,0.889606,0.368625,0.271577
2023-07-25,1.208708,0.921320,0.417415,0.271809
2023-07-26,1.229725,0.948643,0.459450,0.271857
2023-07-27,1.150800,0.846040,0.301600,0.266639
2023-07-28,1.173555,0.875621,0.347109,0.258447
2023-07-29,1.172153,0.873799,0.344306,0.254266
2023-07-30,1.170482,0.871627,0.340964,0.254193
2023-07-31,1.178187,0.881644,0.356375,0.253537
2023-08-01,1.220164,0.936213,0.440328,0.260763
2023-08-02,1.150987,0.846283,0.301974,0.258224
2023-08-03,1.162284,0.860969,0.324568,0.255581
2023-08-04,1.194018,0.902223,0.388036,0.254438
2023-08-05,1.164799,0.864238,0.329598,0.245410
2023-08-06,1.192225,0.899893,0.384450,0.238761
2023-08-07,1.200457,0.910595,0.400915,0.239549
2023-08-08,1.221886,0.938452,0.443773,0.249351
2023-08-09,1.207436,0.919667,0.414872,0.248133
2023-08-10,1.194323,0.902620,0.388646,0.246758
2023-08-11,1.185619,0.891305,0.371238,0.245591
2023-08-12,1.171374,0.872787,0.342749,0.209018
2023-08-13,1.229678,0.948582,0.459357,0.167561
2023-08-14,1.233470,0.953512,0.466941,0.168638
2023-08-15,1.207326,0.919524,0.414653,0.170338
2023-08-16,1.138711,0.830324,0.277422,0.178175
2023-08-17,1.022502,0.679253,0.045004,0.314833
2023-08-18,0.622849,0.622849,-0.041770,0.320152
2023-08-19,0.600126,0.600126,-0.076730,0.320911
2023-08-20,0.543988,0.543988,-0.163095,0.320922
2023-08-21,0.542986,0.542986,-0.164636,0.320987
2023-08-22,0.533071,0.533071,-0.179891,0.317042
2023-08-23,0.534866,0.534866,-0.177129,0.309650
2023-08-24,0.519052,0.519052,-0.201458,0.309846
2023-08-25,0.487570,0.487570,-0.249893,0.308550
2023-08-26,0.482768,0.482768,-0.257279,0.308651
2023-08-27,0.495002,0.495002,-0.238459,0.308685
2023-08-28,0.486059,0.486059,-0.252217,0.308560
2023-08-29,1.003940,0.589610,0.007880,0.379304
2023-08-30,0.540358,0.540358,-0.076312,0.382130
2023-08-31,0.454524,0.454524,-0.223035,0.412132
2023-09-01,0.444471,0.444471,-0.240220,0.409416
2023-09-02,0.438131,0.438131,-0.251058,0.409789
2023-09-03,0.457404,0.457404,-0.218112,0.410711
2023-09-04,0.468026,0.468026,-0.199955,0.410666
2023-09-05,0.482284,0.482284,-0.175584,0.410459
2023-09-06,0.514833,0.514833,-0.119944,0.409524
2023-09-07,0.580225,0.580225,-0.008162,0.409573
2023-09-08,0.556990,0.556990,-0.047880,0.410725
2023-09-09,0.545310,0.545310,-0.067845,0.410971
2023-09-10,0.530923,0.530923,-0.092439,0.410865
2023-09-11,0.444397,0.444397,-0.240347,0.417753
2023-09-12,0.494500,0.494500,-0.154700,0.432238
2023-09-13,0.538181,0.538181,-0.080032,0.436291
2023-09-14,0.561661,0.561661,-0.039895,0.439224
2023-09-15,1.009989,0.596687,0.019978,0.437157
2023-09-16,1.001745,0.652268,0.003489,0.347279
2023-09-17,0.611092,0.611092,-0.059858,0.338533
2023-09-18,0.582678,0.582678,-0.103573,0.339730
2023-09-19,1.001350,0.651755,0.002700,0.344069
2023-09-20,1.040488,0.702634,0.080976,0.344176
2023-09-21,1.014797,0.602313,0.029594,0.352437
2023-09-22,1.017415,0.672640,0.034830,0.348951
2023-09-23,1.006236,0.658107,0.012473,0.347166
2023-09-24,0.611927,0.611927,-0.058575,0.349668
2023-09-25,0.585286,0.585286,-0.099560,0.349661
2023-09-26,0.568935,0.568935,-0.124715,0.349713
2023-09-27,0.522130,0.522130,-0.107471,0.350256
2023-09-28,1.037055,0.698172,0.074111,0.292545
2023-09-29,1.028598,0.687177,0.057196,0.288285
2023-09-30,1.017949,0.673334,0.035899,0.223152
2023-10-01,1.128034,0.816444,0.256068,0.254929
2023-10-02,1.082611,0.757394,0.165222,0.264929
2023-10-03,1.113674,0.797777,0.227348,0.265295
2023-10-04,1.101644,0.782137,0.203287,0.266556
2023-10-05,1.080395,0.754514,0.160791,0.271930
2023-10-06,1.126810,0.814853,0.253620,0.277831
2023-10-07,1.131598,0.821078,0.263197,0.271538
2023-10-08,1.146132,0.839972,0.292264,0.266238
2023-10-09,1.096791,0.775828,0.193582,0.270719
2023-10-10,1.081919,0.756495,0.163838,0.272286
2023-10-11,1.051620,0.717106,0.103240,0.263329
2023-10-12,1.059086,0.726811,0.118171,0.248993
2023-10-13,1.022423,0.679150,0.044847,0.244420
2023-10-14,1.032141,0.691783,0.064281,0.241424
2023-10-15,1.050725,0.715943,0.101450,0.244204
2023-10-16,1.238562,0.960131,0.477124,0.295269
2023-10-17,1.236535,0.957495,0.473070,0.295770
2023-10-18,1.167981,0.868375,0.335962,0.295283
2023-10-19,1.159243,0.857016,0.318487,0.293693
2023-10-20,1.230333,0.949432,0.460665,0.312179
2023-10-21,1.216258,0.931135,0.432516,0.300573
2023-10-22,1.238273,0.959754,0.476545,0.300343
2023-10-23,1.354256,0.999480,0.708512,0.443130
2023-10-24,1.378713,1.028094,0.757425,0.441633
2023-10-25,1.387213,1.038039,0.774426,0.441908
2023-10-26,1.390264,1.041609,0.780528,0.444934
2023-10-27,1.373238,1.021689,0.746477,0.448525
2023-10-28,1.372559,1.020894,0.745118,0.444897
2023-10-29,1.393380,1.045254,0.786759,0.443111
2023-10-30,1.398912,1.051727,0.797824,0.443912
2023-10-31,1.394035,1.046021,0.788070,0.431223
2023-11-01,1.416029,1.071753,0.832057,0.424599
2023-11-02,1.411523,1.066482,0.823046,0.429964
2023-11-03,1.419776,1.076138,0.839552,0.432543
2023-11-04,1.424994,1.082243,0.849989,0.426042
2023-11-05,1.424287,1.081416,0.848575,0.425549
2023-11-06,1.425108,1.082377,0.850217,0.425537
2023-11-07,1.423802,1.080848,0.847604,0.424377
2023-11-08,1.415741,1.071417,0.831483,0.418458
2023-11-09,1.431676,1.090061,0.863352,0.420801
2023-11-10,1.430892,1.089143,0.861783,0.408288
2023-11-11,1.438526,1.098076,0.877052,0.408426
2023-11-12,1.424964,1.082207,0.849927,0.410112
2023-11-13,1.411684,1.066670,0.823367,0.419251
2023-11-14,1.355484,1.000916,0.710968,0.437127
2023-11-15,1.416113,1.078407,0.843430,0.456059
2023-11-16,1.336485,1.016711,0.737967,0.493462
2023-11-17,1.355145,1.039422,0.776790,0.492131
2023-11-18,1.337517,1.017554,0.739408,0.492914
2023-11-19,1.370489,1.054438,0.802458,0.487337
2023-11-20,1.369151,1.053075,0.800129,0.487684
2023-11-21,1.285116,0.810529,0.662624,0.522911
2023-11-22,1.395417,1.047638,0.790834,0.431298
2023-11-23,1.394227,1.046246,0.788455,0.424954
2023-11-24,1.393353,1.045224,0.786707,0.423148
2023-11-25,1.397687,1.050293,0.795373,0.420576
2023-11-26,1.384334,1.034670,0.768667,0.421002
2023-11-27,1.372801,1.021177,0.745601,0.422025
2023-11-28,1.388284,1.039293,0.776569,0.422818
2023-11-29,1.372632,1.020979,0.745263,0.422576
2023-11-30,1.357847,1.003681,0.715694,0.423145
2023-12-01,1.388601,1.039663,0.777202,0.424861
2023-12-02,1.408821,1.063320,0.817641,0.424385
2023-12-03,1.426863,1.084430,0.853726,0.423787
2023-12-04,1.455131,1.118961,0.912754,0.451232
2023-12-05,1.439208,1.126048,0.924868,0.473796
2023-12-06,1.435576,1.124131,0.921591,0.476055
2023-12-07,1.424766,1.115490,0.906820,0.480345
2023-12-08,1.431024,1.126010,0.924804,0.482760
2023-12-09,1.426587,1.116733,0.908945,0.479416
2023-12-10,1.427926,1.116962,0.909337,0.478122
2023-12-11,1.367295,0.908050,0.862668,0.528458
2023-12-12,1.362427,0.902245,0.850760,0.528164
2023-12-13,1.379464,0.925150,0.897743,0.532309
2023-12-14,1.384471,0.921286,0.889818,0.520739
2023-12-15,1.407716,1.104803,0.888552,0.490351
2023-12-16,1.447874,1.117378,0.910048,0.457184
2023-12-17,1.434314,1.110941,0.899045,0.465757
2023-12-18,1.432511,1.118369,0.911742,0.474305
2023-12-19,1.428549,1.112055,0.900948,0.473022
2023-12-20,1.432127,1.127807,0.927875,0.483126
2023-12-21,1.457504,1.120280,0.915009,0.445621
2023-12-22,1.449558,1.110983,0.899117,0.423247
2023-12-23,1.434669,1.093563,0.869339,0.424140
2023-12-24,1.394815,1.046933,0.789630,0.430179
2023-12-25,1.376820,1.025879,0.753640,0.431235
2023-12-26,1.356385,1.001971,0.712770,0.441039
2023-12-27,1.389487,1.040700,0.778974,0.443557
2023-12-28,1.348722,0.993426,0.698164,0.450464
2023-12-29,1.341822,0.988209,0.689246,0.453687
2023-12-30,1.343045,0.989077,0.690730,0.453043
2023-12-31,1.386375,1.037059,0.772750,0.446415
2024-01-01,1.416314,1.088744,0.861101,0.465388
2024-01-02,1.415064,1.088578,0.860817,0.466637
2024-01-03,1.357448,1.022551,0.747950,0.470807
2024-01-04,1.420643,1.078600,0.843760,0.451324
2024-01-05,1.415861,1.072197,0.832816,0.450592
2024-01-06,1.426454,1.083952,0.852909,0.448963
2024-01-07,1.406814,1.060973,0.813629,0.443130
2024-01-08,1.405218,1.110286,0.897925,0.498579
2024-01-09,1.374973,0.896698,0.839381,0.503665
2024-01-10,1.423934,1.084516,0.853874,0.453188
2024-01-11,1.416019,1.076842,0.840756,0.454715
2024-01-12,1.290855,0.820207,0.682475,0.527950
2024-01-13,1.308845,0.840699,0.724511,0.527821
2024-01-14,1.258830,0.783816,0.607827,0.528382
2024-01-15,1.301944,0.835328,0.713494,0.531674
2024-01-16,1.304216,0.835524,0.713895,0.528000
2024-01-17,1.310779,0.836519,0.715937,0.518329
2024-01-18,1.265385,0.793048,0.626766,0.531388
2024-01-19,1.283278,0.805971,0.653273,0.518878
2024-01-20,1.300678,0.825295,0.692912,0.518513
2024-01-21,1.261813,0.781517,0.603112,0.518309
2024-01-22,1.199552,0.722856,0.482782,0.544348
2024-01-23,1.208983,0.733681,0.504988,0.543692
2024-01-24,1.205153,0.728102,0.493543,0.541290
2024-01-25,1.208444,0.729322,0.496045,0.535444
2024-01-26,1.247709,0.785385,0.611047,0.555027
2024-01-27,1.252223,0.788879,0.618214,0.551489
2024-01-28,1.223035,0.753287,0.545204,0.550007
2024-01-29,1.248827,0.789286,0.619048,0.559768
2024-01-30,1.229466,0.766226,0.571745,0.560617
2024-01-31,1.229784,0.755841,0.550443,0.538983
2024-02-01,1.269257,0.800756,0.642576,0.536958
2024-02-02,1.265265,0.780718,0.601474,0.510174
2024-02-03,1.254488,0.915115,0.564300,0.498914
2024-02-04,1.230152,0.884149,0.511365,0.499918
2024-02-05,1.231948,0.738784,0.515455,0.500015
2024-02-06,1.239970,0.748116,0.534596,0.501246
2024-02-07,1.340130,0.985036,0.683822,0.452356
2024-02-08,1.357963,1.008718,0.724305,0.455266
2024-02-09,1.407935,1.088858,0.861296,0.475055
2024-02-10,1.412267,1.095590,0.872804,0.476344
2024-02-11,1.434352,1.093192,0.868704,0.377488
2024-02-12,1.447434,1.108497,0.894868,0.390526
2024-02-13,1.454033,1.116219,0.908067,0.375455
2024-02-14,1.464475,1.128435,0.928949,0.393154
2024-02-15,1.468373,1.132997,0.936747,0.392417
2024-02-16,1.460578,1.123876,0.921156,0.388937
2024-02-17,1.458803,1.121800,0.917607,0.364660
2024-02-18,1.451967,1.113802,0.903934,0.364731
2024-02-19,1.447868,1.109005,0.895735,0.367544
2024-02-20,1.448547,1.109800,0.897094,0.365821
2024-02-21,1.445272,1.228854,0.890544,0.308051
2024-02-22,1.442548,1.225312,0.885096,0.315774
2024-02-23,1.434664,1.215063,0.869327,0.322500
2024-02-24,1.451253,1.236629,0.902506,0.321245
2024-02-25,1.446297,1.230186,0.892593,0.292453
2024-02-26,1.466311,1.256204,0.932622,0.331367
2024-02-27,1.477037,1.143134,0.954075,0.353501
2024-02-28,1.484843,1.152267,0.969686,0.446680
2024-02-29,1.473601,1.146648,0.960082,0.456119
2024-03-01,1.479725,1.147632,0.961764,0.451085
2024-03-02,1.472073,1.144715,0.956778,0.456020
2024-03-03,1.478283,1.151017,0.967550,0.455167
2024-03-04,1.436071,0.964358,0.978169,0.504707
2024-03-05,1.367079,0.947050,0.942667,0.577806
2024-03-06,1.369939,0.953867,0.956650,0.581843
2024-03-07,1.371185,0.955271,0.959531,0.581636
2024-03-08,1.372608,0.955518,0.960037,0.579720
2024-03-09,1.372162,0.955640,0.960287,0.580565
2024-03-10,1.378877,0.957822,0.964764,0.572935
2024-03-11,1.375905,0.962695,0.974759,0.583448
2024-03-12,1.374811,0.965543,0.980602,0.588658
2024-03-13,1.378861,0.967971,0.985581,0.585322
2024-03-14,1.370564,0.965946,0.981428,0.595906
2024-03-15,1.365356,0.963412,0.976230,0.601199
2024-03-16,1.327424,0.949633,0.947966,0.651426
2024-03-17,1.323134,0.953110,0.955098,0.665041
2024-03-18,1.316894,0.944685,0.937815,0.665864
2024-03-19,1.238457,0.698443,0.790879,0.746249
2024-03-20,1.250618,0.738170,0.892743,0.801488
2024-03-21,1.232836,0.719366,0.844529,0.816108
2024-03-22,1.226528,0.713159,0.828613,0.823023
2024-03-23,1.223960,0.708580,0.816871,0.820666
2024-03-24,1.218034,0.703884,0.804830,0.830544
2024-03-25,1.239978,0.738027,0.892376,0.836679
2024-03-26,1.233335,0.728467,0.867863,0.836862
2024-03-27,1.231928,0.721716,0.850554,0.825146
2024-03-28,1.235529,0.722654,0.852960,0.814831
2024-03-29,1.247621,0.716204,0.836421,0.760012
2024-03-30,1.245351,0.711210,0.823616,0.755299
2024-03-31,1.241146,0.706172,0.810697,0.756415
2024-04-01,1.233774,0.698632,0.791364,0.761661
2024-04-02,1.199267,0.664048,0.702686,0.793431
2024-04-03,1.216215,0.668802,0.714878,0.743922
2024-04-04,1.245315,0.693760,0.778872,0.714373
2024-04-05,1.261717,0.709786,0.819965,0.704928
2024-04-06,1.253679,0.700403,0.795906,0.705927
2024-04-07,1.260135,0.707069,0.812997,0.703191
2024-04-08,1.287900,0.745157,0.910659,0.711698
2024-04-09,1.253167,0.707017,0.812865,0.722426
2024-04-10,1.278127,0.731816,0.876452,0.709036
2024-04-11,1.279920,0.734031,0.882131,0.709059
2024-04-12,1.252536,0.704417,0.806198,0.718292
2024-04-13,1.206922,0.652808,0.673866,0.732738
2024-04-14,1.202071,0.647543,0.660367,0.735300
2024-04-15,1.192075,0.627285,0.608423,0.712716
2024-04-16,1.199165,0.786396,0.613120,0.692654
2024-04-17,1.175226,0.604003,0.548727,0.704595
2024-04-18,1.206862,0.777679,0.595240,0.647430
2024-04-19,1.244594,0.784425,0.609077,0.560284
2024-04-20,1.250289,0.786393,0.613114,0.551166
2024-04-21,1.263765,0.797862,0.636640,0.543075
2024-04-22,1.310669,0.858870,0.761785,0.551719
2024-04-23,1.318454,0.849494,0.742552,0.524642
2024-04-24,1.277484,0.797922,0.636764,0.516325
2024-04-25,1.280135,0.801018,0.643114,0.516538
2024-04-26,1.254213,0.772354,0.584317,0.517170
2024-04-27,1.239078,0.752361,0.543304,0.511312
2024-04-28,1.191228,0.698887,0.433614,0.510194
2024-04-29,1.217439,0.729143,0.495678,0.512914
2024-04-30,1.151248,0.661241,0.356391,0.530175
2024-05-01,1.121882,0.629967,0.292240,0.539488
2024-05-02,1.148739,0.649639,0.332594,0.503119
2024-05-03,1.175546,0.697680,0.431138,0.552594
2024-05-04,1.209559,0.731900,0.501334,0.538274
2024-05-05,1.214841,0.737827,0.513492,0.537773
2024-05-06,1.193997,0.712504,0.461547,0.535307
2024-05-07,1.182763,0.699514,0.434900,0.535406
2024-05-08,1.150158,0.657269,0.348243,0.521814
2024-05-09,1.174698,0.686035,0.407252,0.524513
2024-05-10,1.113450,0.617690,0.267056,0.529641
2024-05-11,1.131833,0.638824,0.310408,0.529777
2024-05-12,1.125987,0.627974,0.288151,0.514608
2024-05-13,1.166575,0.799351,0.366412,0.494929
2024-05-14,1.168875,0.800239,0.367930,0.490209
2024-05-15,1.245779,0.775354,0.590471,0.540550
2024-05-16,1.216926,0.742812,0.523716,0.543209
2024-05-17,1.257907,0.783582,0.607348,0.529854
2024-05-18,1.303579,0.827642,0.697728,0.517127
2024-05-19,1.246868,0.764806,0.568833,0.518444
2024-05-20,1.304954,0.868680,0.781907,0.576903
2024-05-21,1.310501,0.878843,0.802755,0.581703
2024-05-22,1.301885,0.864745,0.773836,0.576753
2024-05-23,1.255696,0.808772,0.659019,0.579904
2024-05-24,1.245774,0.789858,0.620221,0.567797
2024-05-25,1.250503,0.796102,0.633030,0.568583
2024-05-26,1.248033,0.793060,0.626790,0.568585
2024-05-27,1.254347,0.801200,0.643488,0.569241
2024-05-28,1.249181,0.796330,0.633498,0.572022
2024-05-29,1.233963,0.777950,0.595794,0.572969
2024-05-30,1.258945,0.790637,0.621819,0.540305
2024-05-31,1.267676,0.789878,0.620262,0.521372
2024-06-01,1.299215,0.825122,0.692559,0.520782
2024-06-02,1.314471,0.974833,0.666381,0.476788
2024-06-03,1.318175,0.979240,0.673915,0.476565
2024-06-04,1.323825,0.991552,0.694960,0.482872
2024-06-05,1.332405,0.999315,0.708231,0.479392
2024-06-06,1.312452,0.971859,0.661297,0.476207
2024-06-07,1.265000,0.914169,0.562681,0.477748
2024-06-08,1.291271,0.939851,0.606584,0.468572
2024-06-09,1.228799,0.852695,0.457598,0.445951
2024-06-10,1.250322,0.877876,0.500643,0.446234
2024-06-11,1.217509,0.847261,0.448310,0.463750
2024-06-12,1.295705,0.938425,0.604146,0.459691
2024-06-13,1.218569,0.846309,0.446682,0.459824
2024-06-14,1.216605,0.838428,0.433211,0.386758
2024-06-15,1.224836,0.848058,0.449672,0.383193
2024-06-16,1.251256,0.878969,0.502512,0.371866
2024-06-17,1.236120,0.861261,0.472241,0.371929
2024-06-18,1.206849,0.827013,0.413698,0.377083
2024-06-19,1.174838,0.877289,0.349675,0.259923
2024-06-20,1.181366,0.885776,0.362732,0.254117
2024-06-21,1.142177,0.834830,0.284354,0.252693
2024-06-22,1.153119,0.849055,0.306238,0.247237
2024-06-23,1.139014,0.830718,0.278028,0.249411
2024-06-24,1.077551,0.750816,0.155101,0.288938
2024-06-25,1.093583,0.771657,0.187165,0.305383
2024-06-26,1.059844,0.727797,0.119688,0.301832
2024-06-27,1.042642,0.705435,0.085284,0.305704
2024-06-28,1.015592,0.670270,0.031184,0.310735
2024-06-29,1.052750,0.718575,0.105501,0.310140
2024-06-30,1.124761,0.812190,0.249522,0.328744
2024-07-01,1.121700,0.808211,0.243401,0.328484
2024-07-02,1.015935,0.670715,0.031869,0.330088
2024-07-03,0.642505,0.642505,-0.011531,0.337906
2024-07-04,0.484397,0.484397,-0.171971,0.362728
2024-07-05,0.475676,0.475676,-0.186879,0.358599
2024-07-06,0.511709,0.511709,-0.125284,0.379295
2024-07-07,0.464524,0.464524,-0.205941,0.395817
2024-07-08,0.466608,0.466608,-0.202380,0.402938
2024-07-09,0.510911,0.510911,-0.126647,0.414530
2024-07-10,0.507907,0.507907,-0.131782,0.414215
2024-07-11,0.489061,0.489061,-0.163998,0.403207
2024-07-12,0.485570,0.485570,-0.169966,0.400797
2024-07-13,0.567868,0.567868,-0.029285,0.407650
2024-07-14,1.035816,0.626905,0.071632,0.420408
2024-07-15,1.117685,0.731291,0.250071,0.478108
2024-07-16,1.118747,0.732514,0.252161,0.477789
2024-07-17,1.128432,0.745366,0.274131,0.480251
2024-07-18,1.103076,0.712398,0.217774,0.475369
2024-07-19,1.123008,0.743880,0.271590,0.496778
2024-07-20,1.148151,0.776507,0.327363,0.497174
2024-07-21,1.179068,0.816585,0.395872,0.497415
2024-07-22,1.156492,0.788030,0.347060,0.498993
2024-07-23,1.104359,0.601243,0.233320,0.503041
2024-07-24,1.108543,0.718530,0.228256,0.473155
2024-07-25,1.131001,0.743948,0.271706,0.466665
2024-07-26,1.151714,0.771668,0.319091,0.473228
2024-07-27,1.175197,0.799995,0.367512,0.471984
2024-07-28,1.193152,0.817971,0.398240,0.463904
2024-07-29,1.134448,0.750010,0.282068,0.472043
2024-07-30,1.143114,0.757792,0.295370,0.464372
2024-07-31,1.128767,0.743319,0.270631,0.472884
2024-08-01,1.133909,0.749245,0.280760,0.471748
2024-08-02,0.482383,0.482383,-0.010497,0.507423
2024-08-03,0.528715,0.528715,-0.096214,0.470815
2024-08-04,0.400834,0.400834,-0.314814,0.495209
2024-08-05,0.275110,0.275110,-0.435671,0.549621
2024-08-06,0.305871,0.305871,-0.372573,0.547135
2024-08-07,0.315525,0.315525,-0.352770,0.547102
2024-08-08,0.439476,0.439476,-0.098511,0.670808
2024-08-09,0.417781,0.417781,-0.143012,0.672601
2024-08-10,0.444554,0.444554,-0.088095,0.671912
2024-08-11,0.420605,0.420605,-0.137220,0.684819
2024-08-12,0.435497,0.435497,-0.106673,0.681294
2024-08-13,1.003555,0.492729,0.010725,0.678722
2024-08-14,0.436837,0.436837,-0.103925,0.648213
2024-08-15,0.421194,0.421194,-0.136013,0.649972
2024-08-16,0.428721,0.428721,-0.120572,0.655433
2024-08-17,0.446726,0.446726,-0.083639,0.657058
2024-08-18,0.420309,0.420309,-0.137828,0.640078
2024-08-19,0.448849,0.448849,-0.079283,0.643289
2024-08-20,0.441714,0.441714,-0.093919,0.639597
2024-08-21,1.001945,0.490259,0.005659,0.654663
2024-08-22,1.023933,0.521278,0.069288,0.651405
2024-08-23,1.100995,0.637535,0.307765,0.685652
2024-08-24,1.111259,0.652683,0.338838,0.685235
2024-08-25,1.136766,0.687604,0.410470,0.675280
2024-08-26,1.107072,0.644976,0.323028,0.678811
2024-08-27,1.053551,0.455259,0.167331,0.703065
2024-08-28,1.018014,0.411870,0.056077,0.700408
2024-08-29,1.030081,0.426548,0.093713,0.700958
2024-08-30,1.027601,0.529192,0.085522,0.697159
2024-08-31,1.018828,0.515864,0.058182,0.695298
2024-09-01,0.465444,0.465444,-0.045243,0.670554
2024-09-02,1.033607,0.536978,0.101494,0.679510
2024-09-03,1.019279,0.515491,0.057417,0.670098
2024-09-04,1.023775,0.519221,0.065068,0.615772
2024-09-05,0.482282,0.482282,-0.010703,0.613978
2024-09-06,0.388963,0.388963,-0.202126,0.627671
2024-09-07,0.487556,0.487556,-0.166571,0.478058
2024-09-08,0.533811,0.533811,-0.087502,0.480505
2024-09-09,1.023432,0.513010,0.052329,0.502478
2024-09-10,1.013155,0.601697,0.028542,0.488172
2024-09-11,1.005881,0.592442,0.012721,0.486666
2024-09-12,0.522767,0.522767,-0.106381,0.483342
2024-09-13,0.572174,0.572174,-0.021925,0.491065
2024-09-14,0.545484,0.545484,-0.067548,0.486646
2024-09-15,0.538037,0.538037,-0.080278,0.483291
2024-09-16,0.548843,0.548843,-0.061807,0.484863
2024-09-17,0.568390,0.568390,-0.028393,0.496557
2024-09-18,1.030944,0.625205,0.068727,0.499736
2024-09-19,1.058645,0.551352,0.130979,0.502520
2024-09-20,1.078921,0.685109,0.171127,0.487873
2024-09-21,1.102425,0.714233,0.220912,0.485282
2024-09-22,1.098095,0.699771,0.196190,0.439298
2024-09-23,1.106052,0.709080,0.212103,0.439397
2024-09-24,1.101753,0.704051,0.203506,0.442446
2024-09-25,1.089287,0.689465,0.178573,0.439980
2024-09-26,1.140427,0.749300,0.280854,0.403862
2024-09-27,1.158860,0.770866,0.317719,0.402893
2024-09-28,1.169440,0.783244,0.338879,0.402910
2024-09-29,1.173511,0.788008,0.347022,0.402893
2024-09-30,1.113905,0.718269,0.227811,0.424639
2024-10-01,1.073484,0.670977,0.146969,0.437424
2024-10-02,1.056854,0.651519,0.113708,0.424488
2024-10-03,1.049875,0.643353,0.099750,0.411344
2024-10-04,1.131403,0.738742,0.262806,0.416607
2024-10-05,1.130592,0.737792,0.261183,0.398734
2024-10-06,1.158954,0.770976,0.317907,0.367320
2024-10-07,1.058291,0.653201,0.116583,0.370820
2024-10-08,1.043184,0.635526,0.086369,0.370057
2024-10-09,0.553389,0.553389,-0.054036,0.361520
2024-10-10,0.561787,0.561787,-0.039681,0.361066
2024-10-11,1.052090,0.645945,0.104180,0.379585
2024-10-12,1.064979,0.661026,0.129959,0.378605
2024-10-13,1.074561,0.672236,0.149122,0.354952
2024-10-14,1.173308,0.787771,0.346617,0.391268
2024-10-15,1.200874,0.820023,0.401749,0.387948
2024-10-16,1.205226,0.825114,0.410452,0.381446
2024-10-17,1.200369,0.819432,0.400738,0.366070
2024-10-18,1.222527,0.845356,0.445054,0.361250
2024-10-19,1.234857,0.859782,0.469714,0.357039
2024-10-20,1.259346,0.888435,0.518692,0.357799
2024-10-21,1.247989,0.875147,0.495978,0.370177
2024-10-22,1.239745,0.865502,0.479491,0.370160
2024-10-23,1.193434,0.811318,0.386869,0.372551
2024-10-24,1.219825,0.842195,0.439650,0.377169
2024-10-25,1.157560,0.769345,0.315120,0.380639
2024-10-26,1.215259,0.836853,0.430519,0.365679
2024-10-27,1.233608,0.858322,0.467217,0.367336
2024-10-28,1.258579,0.887537,0.517157,0.379228
2024-10-29,1.297383,0.932938,0.594765,0.399647
2024-10-30,1.272327,0.903622,0.544654,0.376099
2024-10-31,1.279348,0.911838,0.558697,0.360157
2024-11-01,1.262559,0.892194,0.525118,0.363732
2024-11-02,1.269505,0.900321,0.539010,0.364269
2024-11-03,1.217694,0.839702,0.435388,0.361527
2024-11-04,1.203965,0.823639,0.407930,0.366149
2024-11-05,1.234368,0.859211,0.468736,0.370939
2024-11-06,1.290905,0.937305,0.602230,0.465794
2024-11-07,1.294168,0.940743,0.608107,0.465122
2024-11-08,1.303157,0.940527,0.607739,0.451058
2024-11-09,1.308272,0.945678,0.616543,0.449150
2024-11-10,1.346933,0.999313,0.708227,0.459314
2024-11-11,1.332695,0.888136,0.821818,0.555791
2024-11-12,1.311919,0.863812,0.771922,0.556820
2024-11-13,1.332587,0.878379,0.801803,0.542432
2024-11-14,1.324965,0.884663,0.814694,0.564080
2024-11-15,1.319627,0.886066,0.817571,0.575525
2024-11-16,1.316825,0.882978,0.811237,0.576118
2024-11-17,1.312761,0.879972,0.805070,0.579167
2024-11-18,1.310018,0.875852,0.796620,0.578159
2024-11-19,1.312456,0.879749,0.804613,0.579404
2024-11-20,1.325802,0.888066,0.821675,0.567452
2024-11-21,1.334441,0.904860,0.856123,0.575968
2024-11-22,1.340208,0.907734,0.862018,0.570104
2024-11-23,1.326701,0.895098,0.836098,0.575824
2024-11-24,1.337456,0.899653,0.845442,0.563701
2024-11-25,1.292341,0.871427,0.787543,0.606132
2024-11-26,1.280252,0.858459,0.760941,0.610921
2024-11-27,1.298149,0.886495,0.818452,0.617651
2024-11-28,1.312370,0.900680,0.847549,0.610488
2024-11-29,1.318298,0.907547,0.861635,0.609077
2024-11-30,1.319509,0.901365,0.848953,0.597838
2024-12-01,1.317122,0.894737,0.835357,0.592692
2024-12-02,1.309870,0.888679,0.822932,0.597540
2024-12-03,1.304738,0.880178,0.805493,0.594727
2024-12-04,1.325361,0.903969,0.854295,0.590780
2024-12-05,1.308823,0.887830,0.821189,0.598296
2024-12-06,1.353795,0.900718,0.847627,0.539058
2024-12-07,1.358408,0.906462,0.859408,0.539516
2024-12-08,1.368821,0.918744,0.884603,0.539653
2024-12-09,1.331885,0.893523,0.832868,0.564640
2024-12-10,1.321500,0.869780,0.784163,0.548792
2024-12-11,1.397017,1.062053,0.815475,0.462151
2024-12-12,1.383661,1.047229,0.790135,0.463379
2024-12-13,1.412725,1.075885,0.839120,0.457453
2024-12-14,1.413024,1.068238,0.826048,0.436602
2024-12-15,1.456011,1.118533,0.912023,0.425824
2024-12-16,1.462618,1.126263,0.925235,0.425943
2024-12-17,1.455446,1.117871,0.910891,0.423568
2024-12-18,1.383610,1.060912,0.813525,0.477160
2024-12-19,1.339364,1.013080,0.731761,0.485161
2024-12-20,1.360916,1.035585,0.770231,0.480173
2024-12-21,1.364033,1.018092,0.740328,0.457579
2024-12-22,1.349451,1.005710,0.719162,0.463045
2024-12-23,1.346171,1.000252,0.709833,0.461369
2024-12-24,1.353397,1.027901,0.757096,0.482027
2024-12-25,1.398557,1.051311,0.797113,0.445212
2024-12-26,1.342179,0.997776,0.705601,0.463968
2024-12-27,1.340667,0.983581,0.681335,0.444146
2024-12-28,1.336612,0.978836,0.673224,0.445770
2024-12-29,1.334504,0.976370,0.669009,0.443919
2024-12-30,1.333260,0.974914,0.666520,0.443734
2024-12-31,1.313169,0.951408,0.626338,0.443837
2025-01-01,1.332262,0.973747,0.664525,0.443334
2025-01-02,1.347258,0.993208,0.697792,0.452122
2025-01-03,1.364691,1.011688,0.729382,0.443118
2025-01-04,1.342064,0.985215,0.684129,0.439025
2025-01-05,1.332632,0.974179,0.665264,0.427307
2025-01-06,1.364264,1.011189,0.728529,0.448537
2025-01-07,1.320675,0.988363,0.689509,0.483791
2025-01-08,1.323013,0.979514,0.674384,0.469754
2025-01-09,1.277136,0.929435,0.588777,0.478015
2025-01-10,1.271179,0.906399,0.549400,0.455844
2025-01-11,1.289430,0.927169,0.584905,0.454698
2025-01-12,1.272738,0.904874,0.546793,0.451086
2025-01-13,1.267220,0.898399,0.535725,0.451082
2025-01-14,1.273502,0.904998,0.547004,0.444519
2025-01-15,1.336199,0.991425,0.694744,0.464955
2025-01-16,1.345083,1.002208,0.713175,0.465002
2025-01-17,1.391408,1.042947,0.782816,0.442432
2025-01-18,1.396003,1.048323,0.792005,0.429946
2025-01-19,1.351545,0.996308,0.703091,0.445639
2025-01-20,1.332425,0.973937,0.664849,0.445846
2025-01-21,1.364066,1.014936,0.734933,0.454204
2025-01-22,1.325331,0.976867,0.669859,0.463276
2025-01-23,1.333580,0.975289,0.667160,0.444563
2025-01-24,1.374113,1.022712,0.748226,0.444841
2025-01-25,1.375231,1.024021,0.750463,0.422201
2025-01-26,1.305808,0.942795,0.611616,0.425202
2025-01-27,1.336842,0.979105,0.673685,0.425155
2025-01-28,1.328735,0.969619,0.657469,0.421230
2025-01-29,1.374756,1.023465,0.749512,0.424687
2025-01-30,1.370843,1.018887,0.741687,0.424854
2025-01-31,1.350700,0.995319,0.701400,0.433428
2025-02-01,1.325725,0.966098,0.651450,0.431299
2025-02-02,1.262455,0.892072,0.524909,0.442424
2025-02-03,1.308006,0.953785,0.630401,0.460511
2025-02-04,1.197483,0.830486,0.419635,0.478105
2025-02-05,1.190305,0.811883,0.387835,0.458541
2025-02-06,1.167755,0.781274,0.335511,0.419757
2025-02-07,1.188505,0.805550,0.377009,0.413778
2025-02-08,1.208794,0.829289,0.417588,0.401998
2025-02-09,1.171799,0.786005,0.343598,0.394201
2025-02-10,1.172807,0.787184,0.345614,0.395475
2025-02-11,1.142698,0.751957,0.285397,0.400467
2025-02-12,1.173369,0.787841,0.346737,0.407204
2025-02-13,1.133099,0.740725,0.266197,0.403468
2025-02-14,1.137768,0.746189,0.275536,0.378643
2025-02-15,1.147208,0.757233,0.294416,0.378397
2025-02-16,1.164529,0.777499,0.329057,0.351250
2025-02-17,1.181686,0.797572,0.363371,0.350283
2025-02-18,1.170488,0.871634,0.340976,0.334965
2025-02-19,1.192040,0.899652,0.384080,0.335395
2025-02-20,1.246871,0.970932,0.493741,0.312287
2025-02-21,1.223124,0.940061,0.446248,0.311160
2025-02-22,1.224913,0.942387,0.449826,0.311566
2025-02-23,1.178269,0.881750,0.356539,0.308719
2025-02-24,1.145733,0.839453,0.291467,0.349825
2025-02-25,1.103864,0.706521,0.207728,0.358515
2025-02-26,1.020179,0.608610,0.040359,0.393346
2025-02-27,1.040220,0.632058,0.080441,0.395477
2025-02-28,1.058304,0.653216,0.116608,0.381143
2025-03-01,1.094009,0.694990,0.188018,0.388625
2025-03-02,1.197849,0.707128,0.450520,0.512345
2025-03-03,1.075085,0.583979,0.197905,0.593040
2025-03-04,1.085135,0.596198,0.222969,0.589276
2025-03-05,1.117921,0.638261,0.309253,0.590071
2025-03-06,1.088629,0.598655,0.228010,0.578844
2025-03-07,1.038972,0.537255,0.102061,0.589242
2025-03-08,1.048510,0.549432,0.127039,0.589239
2025-03-09,0.475993,0.475993,-0.023605,0.627416
2025-03-10,0.425790,0.425790,-0.126584,0.631272
2025-03-11,0.431085,0.431085,-0.115723,0.665438
2025-03-12,0.430133,0.430133,-0.117676,0.665158
2025-03-13,0.380521,0.380521,-0.219444,0.670129
2025-03-14,0.446945,0.446945,-0.083189,0.678340
2025-03-15,0.424514,0.424514,-0.129203,0.678480
2025-03-16,0.387625,0.387625,-0.204871,0.679007
2025-03-17,0.425083,0.425083,-0.128034,0.683354
2025-03-18,0.403697,0.403697,-0.171903,0.683457
2025-03-19,0.370005,0.370005,-0.051269,0.708724
2025-03-20,0.341553,0.341553,-0.124223,0.715063
2025-03-21,0.319011,0.319011,-0.182022,0.713266
2025-03-22,0.276823,0.276823,-0.290197,0.709016
2025-03-23,0.334043,0.334043,-0.143481,0.714796
2025-03-24,0.347560,0.347560,-0.108822,0.717770
2025-03-25,0.345163,0.345163,-0.114967,0.717806
2025-03-26,0.437997,0.437997,-0.101545,0.697712
2025-03-27,0.451128,0.451128,-0.074610,0.689354
2025-03-28,0.413274,0.413274,-0.152258,0.675080
2025-03-29,0.411652,0.411652,-0.155585,0.678821
2025-03-30,0.436845,0.436845,-0.103907,0.678762
2025-03-31,0.403577,0.403577,-0.172150,0.674664
2025-04-01,0.465895,0.465895,-0.044318,0.599474
2025-04-02,0.456653,0.456653,-0.063276,0.524530
2025-04-03,0.437097,0.437097,-0.103390,0.523441
2025-04-04,0.443550,0.443550,-0.090154,0.505669
2025-04-05,0.434808,0.434808,-0.108086,0.505399
2025-04-06,0.341847,0.341847,-0.298776,0.536381
2025-04-07,0.358198,0.358198,-0.265234,0.538037
2025-04-08,0.315869,0.315869,-0.352064,0.503579
2025-04-09,0.436950,0.436950,-0.103693,0.569040
2025-04-10,0.368529,0.368529,-0.244043,0.552400
2025-04-11,0.441522,0.441522,-0.094314,0.576570
2025-04-12,0.463742,0.463742,-0.048734,0.570324
2025-04-13,0.419326,0.419326,-0.139844,0.561410
2025-04-14,0.426068,0.426068,-0.126015,0.562303
2025-04-15,0.409558,0.409558,-0.159880,0.558653
2025-04-16,0.410188,0.410188,-0.158588,0.555600
2025-04-17,0.465638,0.465638,-0.044844,0.553932
2025-04-18,0.473622,0.473622,-0.028468,0.526609
2025-04-19,0.487378,0.487378,-0.000250,0.516137
2025-04-20,0.474743,0.474743,-0.026167,0.516097
2025-04-21,1.014093,0.503506,0.032833,0.524180
2025-04-22,1.110806,0.622882,0.277708,0.563907
2025-04-23,1.098476,0.607364,0.245874,0.561776
2025-04-24,1.105087,0.615380,0.262317,0.561641
2025-04-25,1.148629,0.668192,0.370650,0.561102
2025-04-26,1.179126,0.705300,0.446769,0.561186
2025-04-27,1.188310,0.711245,0.458964,0.548387
2025-04-28,1.212643,0.737205,0.512215,0.541980
2025-04-29,1.208987,0.733426,0.504463,0.543116
2025-04-30,1.200124,0.723108,0.483298,0.543374
2025-05-01,1.185510,0.704416,0.444955,0.539674
2025-05-02,1.223017,0.740752,0.519492,0.524110
2025-05-03,1.205837,0.722504,0.482059,0.526937
2025-05-04,1.170250,0.683728,0.402519,0.531962
2025-05-05,1.180852,0.695635,0.426943,0.531165
2025-05-06,1.224899,0.863029,0.475262,0.475476
2025-05-07,1.250893,0.895319,0.530460,0.475715
2025-05-08,1.325328,0.997035,0.704333,0.487123
2025-05-09,1.367342,1.014790,0.734684,0.419965
2025-05-10,1.361079,1.007463,0.722159,0.389375
2025-05-11,1.349871,0.994349,0.699742,0.368376
2025-05-12,1.340055,0.982864,0.680110,0.371021
2025-05-13,1.346649,0.990579,0.693298,0.361155
2025-05-14,1.330024,0.971129,0.660049,0.363822
2025-05-15,1.313598,0.951910,0.627196,0.358387
2025-05-16,1.307059,0.944259,0.614117,0.360018
2025-05-17,1.287867,0.921804,0.575734,0.361448
2025-05-18,1.304648,0.941438,0.609296,0.369167
2025-05-19,1.320931,0.960490,0.641862,0.373373
2025-05-20,1.328046,0.968814,0.656092,0.373094
2025-05-21,1.329190,0.970152,0.658380,0.372293
2025-05-22,1.351248,1.106623,0.702496,0.311204
2025-05-23,1.308250,0.945652,0.616499,0.350002
2025-05-24,1.309357,1.052164,0.618714,0.349967
2025-05-25,1.320676,0.960191,0.641352,0.350705
2025-05-26,1.330518,0.971706,0.661035,0.350288
2025-05-27,1.334991,1.085489,0.669983,0.348244
2025-05-28,1.314235,0.952654,0.628469,0.351061
2025-05-29,1.275054,0.906813,0.550108,0.359197
2025-05-30,1.225557,0.848902,0.451115,0.365032
2025-05-31,1.247966,0.875120,0.495932,0.357250
2025-06-01,1.292193,0.926866,0.584386,0.358134
2025-06-02,1.297387,0.932943,0.594775,0.354796
2025-06-03,1.274505,1.006856,0.549009,0.348720
2025-06-04,1.280406,0.913075,0.560812,0.350488
2025-06-05,1.247736,0.874851,0.495472,0.363441
2025-06-06,1.296016,0.931339,0.592032,0.374130
2025-06-07,1.290084,1.027109,0.580168,0.308258
2025-06-08,1.294127,1.032365,0.588253,0.308008
2025-06-09,1.345023,1.098529,0.690045,0.335092
2025-06-10,1.318772,1.064404,0.637544,0.333812
2025-06-11,1.281582,1.016057,0.563165,0.335032
2025-06-12,1.261745,0.990268,0.523490,0.348003
2025-06-13,1.267990,0.998387,0.535979,0.347433
2025-06-14,1.245376,0.968988,0.490751,0.348220
2025-06-15,1.241893,0.964461,0.483786,0.348021
2025-06-16,1.269733,1.000653,0.539466,0.349649
2025-06-17,1.245744,0.969467,0.491488,0.340014
2025-06-18,1.271953,1.003539,0.543907,0.339101
2025-06-19,1.278001,1.011401,0.556002,0.336258
2025-06-20,1.235506,0.956158,0.471012,0.324850
2025-06-21,1.188519,0.895075,0.377039,0.317766
2025-06-22,1.163242,0.862215,0.326484,0.290333
2025-06-23,1.251109,0.976442,0.502218,0.328667
2025-06-24,1.287479,1.023722,0.574957,0.326969
2025-06-25,1.340511,1.092665,0.681023,0.329567
2025-06-26,1.331887,1.081454,0.663775,0.329450
2025-06-27,1.316686,1.061692,0.633373,0.327473
2025-06-28,1.328687,1.077293,0.657374,0.319225
2025-06-29,1.299729,1.039647,0.599457,0.315543
2025-06-30,1.237636,0.958927,0.475272,0.318115
2025-07-01,1.260642,0.988834,0.521283,0.320265
2025-07-02,1.351704,1.107215,0.703408,0.336416
2025-07-03,1.352537,1.108298,0.705074,0.336403
2025-07-04,1.319858,1.065815,0.639716,0.340010
2025-07-05,1.324448,1.071782,0.648896,0.319861
2025-07-06,1.330678,1.079881,0.661355,0.308255
2025-07-07,1.315508,1.060161,0.631017,0.307828
2025-07-08,1.323208,1.070170,0.646415,0.308358
2025-07-09,1.318830,1.064479,0.637660,0.280767
2025-07-10,1.380133,1.144173,0.760266,0.316273
2025-07-11,1.397625,1.166913,0.795250,0.312815
2025-07-12,1.397872,1.167233,0.795744,0.293429
2025-07-13,1.400027,1.170035,0.800054,0.295743
2025-07-14,1.407152,1.179297,0.814304,0.293615
2025-07-15,1.389054,1.155770,0.778108,0.303246
2025-07-16,1.398595,1.168174,0.797190,0.302304
2025-07-17,1.380784,1.145019,0.761567,0.288831
2025-07-18,1.370804,1.132046,0.741609,0.293484
2025-07-19,1.348669,1.103270,0.697338,0.293148
2025-07-20,1.327808,1.076151,0.655616,0.288509
2025-07-21,1.319336,1.065137,0.638673,0.283203
2025-07-22,1.369612,1.130495,0.739224,0.283144
2025-07-23,1.368175,1.128627,0.736350,0.255477
2025-07-24,1.365385,1.125000,0.730770,0.256533
2025-07-25,1.340999,1.093299,0.681998,0.257002
2025-07-26,1.351161,1.106509,0.702322,0.255867
2025-07-27,1.373091,1.135019,0.746183,0.257765
2025-07-28,1.372432,1.134161,0.744864,0.263039
2025-07-29,1.368154,1.128600,0.736308,0.262297
2025-07-30,1.335550,1.086215,0.671100,0.257770
2025-07-31,1.267114,0.997249,0.534229,0.261436
2025-08-01,1.206954,0.919040,0.413907,0.256928
2025-08-02,1.190292,0.897379,0.380583,0.257632
2025-08-03,1.209322,0.922119,0.418645,0.255610
2025-08-04,1.264650,0.994045,0.529299,0.256333
2025-08-05,1.222477,0.939220,0.444953,0.257327
2025-08-06,1.242905,0.965776,0.485810,0.255498
2025-08-07,1.302658,1.043456,0.605317,0.263958
2025-08-08,1.248805,0.973446,0.497609,0.257193
2025-08-09,1.252221,0.977888,0.504443,0.211885
2025-08-10,1.314291,1.058578,0.628581,0.223487
2025-08-11,1.292031,1.029641,0.584062,0.224298
2025-08-12,1.319479,1.065323,0.638959,0.222882
2025-08-13,1.362919,1.121795,0.725839,0.239616
2025-08-14,1.286470,1.022411,0.572939,0.274854
2025-08-15,1.282601,1.017381,0.565201,0.275030
2025-08-16,1.292820,1.030666,0.585641,0.274462
2025-08-17,1.301284,1.041669,0.602568,0.272054
2025-08-18,1.285107,1.020639,0.570214,0.274253
2025-08-19,1.240764,0.962993,0.481528,0.291847
2025-08-20,1.275198,1.007758,0.550397,0.295600
2025-08-21,1.253445,0.979479,0.506891,0.288278
2025-08-22,1.310632,1.053821,0.621263,0.319822
2025-08-23,1.279142,1.012884,0.558283,0.322592
2025-08-24,1.229712,0.948625,0.459424,0.327025
2025-08-25,1.164902,0.864373,0.329805,0.341966
2025-08-26,1.194795,0.903233,0.389589,0.343306
2025-08-27,1.173610,0.875692,0.347219,0.341822
2025-08-28,1.193370,0.901381,0.386739,0.345113
2025-08-29,1.101645,0.703925,0.203291,0.367660
2025-08-30,1.101226,0.703435,0.202452,0.364328
2025-08-31,1.064100,0.659997,0.128200,0.357743
2025-09-01,1.081707,0.680598,0.163415,0.359120
2025-09-02,1.122442,0.728257,0.244884,0.361245
2025-09-03,1.119713,0.725064,0.239425,0.360494
2025-09-04,1.114501,0.718966,0.229002,0.360673
2025-09-05,1.093542,0.694444,0.187083,0.359363
2025-09-06,1.087938,0.687888,0.175877,0.350060
2025-09-07,1.075519,0.673357,0.151038,0.351585
2025-09-08,1.085231,0.684720,0.170461,0.353286
2025-09-09,1.057134,0.724274,0.114268,0.341390
2025-09-10,1.126630,0.733157,0.253260,0.350978
2025-09-11,1.109430,0.713033,0.218859,0.351554
2025-09-12,1.116104,0.800935,0.232208,0.338264
2025-09-13,1.153079,0.849003,0.306158,0.306834
2025-09-14,1.147278,0.841461,0.294556,0.306205
2025-09-15,1.111469,0.794910,0.222939,0.306222
2025-09-16,1.179964,0.883953,0.359927,0.309553
2025-09-17,1.151889,0.847455,0.303777,0.307671
2025-09-18,1.168208,0.868670,0.336416,0.289261
2025-09-19,1.129023,0.817730,0.258046,0.290166
2025-09-20,1.141958,0.834545,0.283915,0.284357
2025-09-21,1.131969,0.821560,0.263939,0.249931
2025-09-22,1.032488,0.692234,0.064976,0.258212
2025-09-23,1.014048,0.668262,0.028095,0.252274
2025-09-24,1.074590,0.746967,0.149180,0.231417
2025-09-25,0.577599,0.577599,-0.111386,0.264189
2025-09-26,0.628708,0.628708,-0.032757,0.264876
2025-09-27,0.626684,0.626684,-0.035871,0.261240
2025-09-28,1.051697,0.717206,0.103394,0.237653
2025-09-29,1.132634,0.822424,0.265267,0.245517
2025-09-30,1.133417,0.823443,0.266835,0.244689
2025-10-01,1.227524,0.945781,0.455047,0.276344
2025-10-02,1.267192,0.997349,0.534384,0.275032
2025-10-03,1.309083,1.051807,0.618165,0.277841
2025-10-04,1.312452,1.056187,0.624903,0.274676
2025-10-05,1.318897,1.064566,0.637793,0.274947
2025-10-06,1.314877,1.059341,0.629755,0.274140
2025-10-07,1.237198,0.958357,0.474396,0.294252
2025-10-08,1.270103,1.001134,0.540206,0.297301
2025-10-09,1.239162,0.960910,0.478323,0.301753
2025-10-10,1.052111,0.645970,0.104223,0.401040
2025-10-11,1.002544,0.587976,0.005087,0.403075
2025-10-12,1.090291,0.690640,0.180582,0.425838
2025-10-13,1.126193,0.732645,0.252385,0.425893
2025-10-14,1.076900,0.674973,0.153799,0.430421
2025-10-15,1.068389,0.665015,0.136778,0.435756
2025-10-16,1.005591,0.591542,0.011182,0.439453
2025-10-17,0.550509,0.550509,-0.058959,0.442113
2025-10-18,0.580345,0.580345,-0.007957,0.442555
2025-10-19,1.026000,0.615420,0.052000,0.444811
2025-10-20,1.087335,0.687182,0.174670,0.449839
2025-10-21,0.538500,0.538500,-0.079487,0.454605
2025-10-22,0.540518,0.540518,-0.076038,0.448891
2025-10-23,1.022099,0.611239,0.044853,0.456671
2025-10-24,1.082435,0.682675,0.166966,0.455724
2025-10-25,1.078218,0.676515,0.156435,0.434839
2025-10-26,1.133898,0.741661,0.267796,0.443201
2025-10-27,1.115445,0.720070,0.230889,0.443577
2025-10-28,1.100033,0.702039,0.200066,0.438521
2025-10-29,1.083567,0.682774,0.167135,0.442225
2025-10-30,1.052173,0.646042,0.104345,0.445020
2025-10-31,1.075650,0.673511,0.151300,0.423170
2025-11-01,1.051166,0.644864,0.102331,0.418565
2025-11-02,1.066634,0.662962,0.133268,0.414873
2025-11-03,0.573877,0.573877,-0.019013,0.430169
2025-11-04,0.500614,0.500614,-0.144249,0.453913
2025-11-05,0.581096,0.581096,-0.006673,0.462492
2025-11-06,0.491184,0.491184,-0.160368,0.461250
2025-11-07,0.496809,0.496809,-0.150754,0.463412
2025-11-08,0.469723,0.469723,-0.197055,0.462864
2025-11-09,0.487193,0.487193,-0.167192,0.398649
2025-11-10,0.513342,0.513342,-0.122492,0.397190
2025-11-11,0.455226,0.455226,-0.221835,0.380973
2025-11-12,0.415013,0.415013,-0.290577,0.382028
2025-11-13,0.383230,0.383230,-0.344906,0.382400
2025-11-14,0.290944,0.290944,-0.502660,0.414631
2025-11-15,0.315959,0.315959,-0.459900,0.412799
2025-11-16,0.301783,0.301783,-0.484132,0.411994
2025-11-17,0.280804,0.280804,-0.519994,0.414570
2025-11-18,0.280712,0.280712,-0.520150,0.411931
2025-11-19,0.250403,0.250403,-0.571960,0.405188
2025-11-20,0.202600,0.202600,-0.653676,0.437363
2025-11-21,0.193591,0.193591,-0.669075,0.438772
2025-11-22,0.189038,0.189038,-0.676858,0.424658
2025-11-23,0.230153,0.230153,-0.606575,0.436262
2025-11-24,0.270391,0.270391,-0.537793,0.442353
2025-11-25,0.256106,0.256106,-0.562211,0.425473
2025-11-26,0.306285,0.306285,-0.476436,0.452207
2025-11-27,0.289668,0.289668,-0.504841,0.455948
2025-11-28,0.302395,0.302395,-0.483085,0.450933
2025-11-29,0.296854,0.296854,-0.492557,0.450061
2025-11-30,0.278211,0.278211,-0.524426,0.445554
2025-12-01,0.232598,0.232598,-0.602396,0.464525
2025-12-02,0.279346,0.279346,-0.426983,0.514711
2025-12-03,0.313524,0.313524,-0.356873,0.512967
2025-12-04,0.395834,0.395834,-0.323361,0.488897
2025-12-05,0.301530,0.301530,-0.484564,0.488046
2025-12-06,0.332024,0.332024,-0.432438,0.482972
2025-12-07,0.341378,0.341378,-0.416448,0.479439
2025-12-08,0.322689,0.322689,-0.448394,0.479632
2025-12-09,0.396301,0.396301,-0.322563,0.478944
2025-12-10,0.422215,0.422215,-0.278264,0.475403
2025-12-11,0.428659,0.428659,-0.267249,0.468889
2025-12-12,0.398655,0.398655,-0.318538,0.473340
2025-12-13,0.381979,0.381979,-0.347044,0.470135
2025-12-14,0.333309,0.333309,-0.430242,0.441815
2025-12-15,0.306548,0.306548,-0.475987,0.443414
2025-12-16,0.313715,0.313715,-0.463735,0.446890
2025-12-17,0.262333,0.262333,-0.551567,0.445196
2025-12-18,0.207077,0.207077,-0.646021,0.444120
2025-12-19,0.261302,0.261302,-0.553330,0.456182
2025-12-20,0.261746,0.261746,-0.552570,0.412629
2025-12-21,0.308696,0.308696,-0.472315,0.407427
2025-12-22,0.249351,0.249351,-0.573759,0.406921
2025-12-23,0.216714,0.216714,-0.629548,0.401272
2025-12-24,0.216499,0.216499,-0.629916,0.396900
2025-12-25,0.234190,0.234190,-0.599676,0.395555
2025-12-26,0.236727,0.236727,-0.595338,0.374896
2025-12-27,0.232633,0.232633,-0.602337,0.373844
2025-12-28,0.232256,0.232256,-0.602981,0.373687
2025-12-29,0.204900,0.204900,-0.649743,0.374500
2025-12-30,0.242990,0.242990,-0.584633,0.378127
2025-12-31,0.233171,0.233171,-0.641276,0.342652
2026-01-01,0.276650,0.276650,-0.574385,0.282289
2026-01-02,0.328026,0.328026,-0.495344,0.273268
2026-01-03,0.371341,0.371341,-0.428706,0.270375
2026-01-04,0.410197,0.410197,-0.368928,0.250278
2026-01-05,0.461560,0.461560,-0.289908,0.264115
2026-01-06,0.452768,0.452768,-0.303434,0.261140
2026-01-07,0.415357,0.415357,-0.360989,0.277463
2026-01-08,0.356941,0.356941,-0.450860,0.265954
2026-01-09,0.331351,0.331351,-0.490230,0.265390
2026-01-10,0.331614,0.331614,-0.489825,0.264549
2026-01-11,0.359357,0.359357,-0.447142,0.250920
2026-01-12,0.403533,0.403533,-0.379180,0.251101
2026-01-13,0.539762,0.539762,-0.169596,0.279691
2026-01-14,0.568098,0.568098,-0.126003,0.271152
2026-01-15,0.542126,0.542126,-0.165960,0.274107
2026-01-16,0.544663,0.544663,-0.162057,0.263369
2026-01-17,0.520583,0.520583,-0.199103,0.261371
2026-01-18,0.520927,0.520927,-0.198573,0.251278
2026-01-19,0.539014,0.539014,-0.170747,0.255455
2026-01-20,0.428192,0.428192,-0.341242,0.305270
2026-01-21,0.451751,0.451751,-0.304998,0.307948
2026-01-22,0.413368,0.413368,-0.364049,0.304245
2026-01-23,0.407036,0.407036,-0.373790,0.304210
2026-01-24,0.401544,0.401544,-0.382239,0.304013
2026-01-25,0.268756,0.268756,-0.586530,0.321250
2026-01-26,0.299144,0.299144,-0.539778,0.327743
2026-01-27,0.344711,0.344711,-0.469676,0.329590
2026-01-28,0.350450,0.350450,-0.460846,0.328107
2026-01-29,0.203587,0.203587,-0.651988,0.374846
2026-01-30,0.235083,0.235083,-0.598148,0.373914
2026-01-31,0.180000,0.180000,-0.810269,0.435696
2026-02-01,0.180000,0.180000,-0.870244,0.436010
2026-02-02,0.180000,0.180000,-0.849655,0.444923
2026-02-03,0.180000,0.180000,-0.877792,0.456756
2026-02-04,0.180000,0.180000,-0.916805,0.452795
2026-02-05,0.180000,0.180000,-0.956143,0.671824
2026-02-06,0.180000,0.180000,-0.858463,0.805233
2026-02-07,0.180000,0.180000,-0.866540,0.805674
2026-02-08,0.180000,0.180000,-0.845049,0.809942
2026-02-09,0.180000,0.180000,-0.844884,0.809820
2026-02-10,0.180000,0.180000,-0.858325,0.808924
2026-02-11,0.180000,0.180000,-0.880965,0.809645
2026-02-12,0.180000,0.180000,-0.877112,0.785499
2026-02-13,0.180000,0.180000,-0.824235,0.799228
2026-02-14,0.180000,0.180000,-0.803554,0.804029
2026-02-15,0.180000,0.180000,-0.815713,0.803324
2026-02-16,0.180000,0.180000,-0.812254,0.804056
2026-02-17,0.180000,0.180000,-0.848084,0.804587
2026-02-18,0.180000,0.180000,-0.861981,0.804750
2026-02-19,0.180000,0.180000,-0.854283,0.797035
2026-02-20,0.180000,0.180000,-0.821580,0.798279
2026-02-21,0.180000,0.180000,-0.806979,0.798009
2026-02-22,0.180000,0.180000,-0.826426,0.797413
2026-02-23,0.180000,0.180000,-0.857519,0.806817
2026-02-24,0.180000,0.180000,-0.853311,0.804111
2026-02-25,0.180000,0.180000,-0.654964,0.834357
2026-02-26,0.180000,0.180000,-0.784554,0.831593
2026-02-27,0.180000,0.180000,-0.808934,0.832374
2026-02-28,0.180000,0.180000,-0.803236,0.822279
2026-03-01,0.180000,0.180000,-0.825570,0.822955
2026-03-02,0.180000,0.180000,-0.714003,0.814581
2026-03-03,0.180000,0.180000,-0.696307,0.811986
2026-03-04,0.180000,0.180000,-0.549618,0.838762
2026-03-05,0.180000,0.180000,-0.648301,0.832758
2026-03-06,0.180000,0.180000,-0.751071,0.835400
2026-03-07,0.180000,0.180000,-0.770484,0.642711
2026-03-08,0.180000,0.180000,-0.796776,0.501182
2026-03-09,0.180000,0.180000,-0.711069,0.515390
2026-03-10,0.180000,0.180000,-0.657495,0.518581
2026-03-11,0.180000,0.180000,-0.652444,0.518648
2026-03-12,0.180000,0.180000,-0.653421,0.514465
2026-03-13,0.180000,0.180000,-0.638323,0.505538
2026-03-14,0.182546,0.182546,-0.625546,0.503035
2026-03-15,0.260332,0.260332,-0.554988,0.491687
2026-03-16,0.297404,0.297404,-0.491617,0.498438
2026-03-17,0.276208,0.276208,-0.527849,0.497961
2026-03-18,0.194385,0.194385,-0.601261,0.516287
2026-03-19,0.192495,0.192495,-0.605138,0.515423
2026-03-20,0.210186,0.210186,-0.568849,0.512375
2026-03-21,0.208657,0.208657,-0.571985,0.519037
2026-03-22,0.180000,0.180000,-0.664311,0.519516
2026-03-23,0.213974,0.213974,-0.561079,0.541696
2026-03-24,0.180000,0.180000,-0.665407,0.541702
2026-03-25,0.199738,0.199738,-0.590281,0.515726
2026-03-26,0.180000,0.180000,-0.633356,0.531992
2026-03-27,0.180000,0.180000,-0.713223,0.506316
2026-03-28,0.180000,0.180000,-0.686296,0.505749
2026-03-29,0.180000,0.180000,-0.749184,0.498912
2026-03-30,0.180000,0.180000,-0.728832,0.497211
2026-03-31,0.202167,0.202167,-0.654416,0.498642
2026-04-01,0.197983,0.197983,-0.661568,0.472596
2026-04-02,0.180000,0.180000,-0.704574,0.476038
2026-04-03,0.180000,0.180000,-0.718925,0.420158
2026-04-04,0.180000,0.180000,-0.695492,0.413292
2026-04-05,0.217435,0.217435,-0.628317,0.399896
2026-04-06,0.307746,0.307746,-0.473939,0.397315
2026-04-07,0.344289,0.344289,-0.411471,0.417352
2026-04-08,0.343583,0.343583,-0.412679,0.402031
2026-04-09,0.346421,0.346421,-0.407828,0.396449
2026-04-10,0.394194,0.394194,-0.326163,0.399987
2026-04-11,0.432877,0.432877,-0.260040,0.399767
2026-04-12,0.355412,0.355412,-0.392458,0.415751
2026-04-13,0.472984,0.472984,-0.191480,0.451839
2026-04-14,0.444567,0.444567,-0.240056,0.445853
2026-04-15,0.471362,0.471362,-0.194253,0.435981
2026-04-16,0.516463,0.516463,-0.117157,0.433665
2026-04-17,0.553162,0.553162,-0.054424,0.420280
2026-04-18,0.528276,0.528276,-0.096964,0.419915
2026-04-19,0.488815,0.488815,-0.164419,0.430433
2026-04-20,0.516918,0.516918,-0.116380,0.430212
2026-04-21,0.522617,0.522617,-0.106637,0.425002
2026-04-22,0.571865,0.571865,-0.022453,0.406582
2026-04-23,0.570984,0.570984,-0.023958,0.405600
2026-04-24,0.579990,0.579990,-0.008564,0.407511
2026-04-25,0.577950,0.577950,-0.012051,0.382954
2026-04-26,0.581940,0.581940,-0.005230,0.356193
2026-04-27,0.545881,0.545881,-0.066871,0.363953
2026-04-28,0.546230,0.546230,-0.066274,0.367852
2026-04-29,0.510306,0.510306,-0.127682,0.369365
2026-04-30,0.522369,0.522369,-0.107062,0.363979
2026-05-01,0.537996,0.537996,-0.080349,0.370223
2026-05-02,0.563472,0.563472,-0.036800,0.361158
2026-05-03,0.509291,0.509291,-0.129418,0.361637
2026-05-04,0.555451,0.555451,-0.050512,0.363657
2026-05-05,0.577710,0.577710,-0.012462,0.357701
2026-05-06,1.002369,0.587772,0.004739,0.356582
2026-05-07,0.622355,0.622355,-0.042531,0.338057
2026-05-08,0.630380,0.630380,-0.030185,0.333455
2026-05-09,0.647754,0.647754,-0.003455,0.332835
2026-05-10,1.013724,0.667841,0.027448,0.334155
2026-05-11,0.649942,0.649942,-0.000089,0.335718
2026-05-12,0.592328,0.592328,-0.088726,0.317879
2026-05-13,0.521811,0.521811,-0.197214,0.277190
2026-05-14,0.567530,0.567530,-0.126876,0.284865
2026-05-15,0.479819,0.479819,-0.261817,0.299724
2026-05-16,0.435116,0.435116,-0.330591,0.303541
2026-05-17,0.471623,0.471623,-0.274426,0.292861
2026-05-18,0.496447,0.496447,-0.236236,0.286326
2026-05-19,0.500633,0.500633,-0.229796,0.270994
2026-05-20,0.560074,0.560074,-0.138348,0.256219
2026-05-21,0.528632,0.528632,-0.186720,0.255375
2026-05-22,0.414161,0.414161,-0.362829,0.258714
2026-05-23,0.473967,0.473967,-0.270819,0.265420
2026-05-24,0.455540,0.455540,-0.299169,0.263452
2026-05-25,0.494026,0.494026,-0.239960,0.263583
2026-05-26,0.459239,0.459239,-0.293479,0.266301
2026-05-27,0.425094,0.425094,-0.346009,0.268843
2026-05-28,0.408516,0.408516,-0.371514,0.267729
2026-05-29,0.412249,0.412249,-0.365770,0.266826
2026-05-30,0.399377,0.399377,-0.385574,0.266211
2026-05-31,0.433626,0.433626,-0.332883,0.249853
2026-06-01,0.410039,0.410039,-0.369170,0.268027
2026-06-02,0.277280,0.277280,-0.573416,0.348786
2026-06-03,0.202126,0.202126,-0.654485,0.359746
2026-06-04,0.192894,0.192894,-0.670267,0.352485
2026-06-05,0.218505,0.218505,-0.626486,0.371594
2026-06-06,0.180000,0.180000,-0.796585,0.371095
2026-06-07,0.188917,0.188917,-0.677065,0.406338
2026-06-08,0.180000,0.180000,-0.708271,0.403530
2026-06-09,0.180000,0.180000,-0.765738,0.394045
2026-06-10,0.180000,0.180000,-0.755028,0.394376
2026-06-11,0.223146,0.223146,-0.618554,0.421517
2026-06-12,0.201123,0.201123,-0.656200,0.421430
2026-06-13,0.196411,0.196411,-0.664254,0.414971
2026-06-14,0.213316,0.213316,-0.635357,0.420952
2026-06-15,0.237546,0.237546,-0.593939,0.423523
2026-06-16,0.212880,0.212880,-0.636103,0.423643
2026-06-17,0.209227,0.209227,-0.642346,0.425850
2026-06-18,0.198613,0.198613,-0.660491,0.430405
2026-06-19,0.194827,0.194827,-0.666962,0.430388
2026-06-20,0.196754,0.196754,-0.663668,0.434468
2026-06-21,0.180000,0.180000,-0.696492,0.429303
2026-06-22,0.223870,0.223870,-0.617316,0.426550
2026-06-23,0.250049,0.250049,-0.572566,0.427737
2026-06-24,0.213928,0.213928,-0.634311,0.431577
2026-06-25,0.180000,0.180000,-0.703366,0.432635
2026-06-26,0.192737,0.192737,-0.670534,0.432803
2026-06-27,0.180000,0.180000,-0.711597,0.433034
2026-06-28,0.180000,0.180000,-0.744331,0.432711
2026-06-29,0.197727,0.197727,-0.662005,0.435246
2026-06-30,0.180000,0.180000,-0.783544,0.440899
2026-07-01,0.180000,0.180000,-0.761227,0.445384
2026-07-02,0.180000,0.180000,-0.738435,0.399101
2026-07-03,0.180000,0.180000,-0.697883,0.380873
2026-07-04,0.200075,0.200075,-0.657992,0.382178
2026-07-05,0.236738,0.236738,-0.635787,0.346935
2026-07-06,0.281984,0.281984,-0.566179,0.346975
2026-07-07,0.242112,0.242112,-0.627520,0.321468
2026-07-08,0.214397,0.214397,-0.670158,0.326744
2026-07-09,0.234897,0.234897,-0.638619,0.321665
2026-07-10,0.253181,0.253181,-0.610491,0.324804
2026-07-11,0.262146,0.262146,-0.596699,0.303673
2026-07-12,0.254834,0.254834,-0.607948,0.303670
2026-07-13,0.208813,0.208813,-0.678749,0.309831
2026-07-14,0.317215,0.317215,-0.511977,0.338043
2026-07-15,0.340694,0.340694,-0.475855,0.336673
2026-07-16,0.334936,0.334936,-0.484714,0.338565
2026-07-17,0.357718,0.357718,-0.449664,0.333060
2026-07-18,0.398404,0.398404,-0.387071,0.324986
2026-07-19,0.409133,0.409133,-0.370565,0.323718
2026-07-20,0.454441,0.454441,-0.300861,0.322395
2026-07-21,0.451908,0.451908,-0.304757,0.323850
2026-07-22,0.419461,0.419461,-0.354675,0.323254
2026-07-23,0.362452,0.362452,-0.442382,0.319674
2026-07-24,0.329501,0.329501,-0.493075,0.309063
2026-07-25,0.364515,0.364515,-0.439208,0.297866
2026-07-26,0.414391,0.414391,-0.362476,0.301379
2026-07-27,0.363202,0.363202,-0.441227,0.316939
2026-07-28,0.383723,0.383723,-0.409658,0.315054
2026-07-29,0.357355,0.357355,-0.450223,0.313371
2026-07-30,0.363232,0.363232,-0.441181,0.296515
2026-07-31,0.310932,0.310932,-0.521643,0.308625
2026-08-01,0.354723,0.354723,-0.454272,0.296588
2026-08-02,0.469081,0.469081,-0.278336,0.293888
2026-08-03,0.388619,0.388619,-0.402125,0.292343
