date,V1_FROZEN_BASELINE,V1_SMOOTH_BETA_0038
2021-05-01,10264.043267,10217.618256
2021-05-02,10211.652835,10174.634594
2021-05-03,11202.581783,10988.374329
2021-05-04,10408.799725,10346.667253
2021-05-05,11247.652074,10832.534480
2021-05-06,11062.057600,10727.773978
2021-05-07,11061.412121,10728.057405
2021-05-08,11853.837957,11174.007122
2021-05-09,11905.177641,11201.800486
2021-05-10,11628.663017,11056.178595
2021-05-11,12154.596848,11354.017902
2021-05-12,10876.172490,10661.431073
2021-05-13,10647.070305,10548.007322
2021-05-14,11230.615341,10837.836743
2021-05-15,10325.683369,10394.269509
2021-05-16,10232.090567,10345.393430
2021-05-17,9432.306760,9973.572988
2021-05-18,10114.434559,10283.921944
2021-05-19,7325.179940,9063.470295
2021-05-20,7604.827817,9410.770340
2021-05-21,6747.877126,8976.779193
2021-05-22,6153.587398,8653.996065
2021-05-23,5309.727525,8176.643466
2021-05-24,5551.519403,8549.625003
2021-05-25,5425.741986,8464.397119
2021-05-26,5755.734156,8677.757888
2021-05-27,5517.650416,8526.308286
2021-05-28,4953.431238,8153.942207
2021-05-29,4896.226315,8060.485830
2021-05-30,4951.592985,8151.634039
2021-05-31,5036.202628,8290.923930
2021-06-01,4939.073674,8226.811670
2021-06-02,5290.368147,8458.228044
2021-06-03,5779.090464,8767.252166
2021-06-04,5393.659575,8535.999240
2021-06-05,5318.950854,8418.460555
2021-06-06,5335.021486,8443.896018
2021-06-07,5208.294406,8243.321327
2021-06-08,5198.176599,8227.307575
2021-06-09,5398.335697,8544.105290
2021-06-10,5365.320712,8491.851497
2021-06-11,5396.138096,8540.627081
2021-06-12,5313.276236,8409.479169
2021-06-13,5479.985769,8673.335269
2021-06-14,5559.813884,8799.681584
2021-06-15,5515.984276,8771.086287
2021-06-16,5354.229786,8668.547795
2021-06-17,5339.359220,8645.264748
2021-06-18,5221.882840,8455.051958
2021-06-19,5203.816099,8425.799055
2021-06-20,5210.112276,8435.993560
2021-06-21,4994.742942,8087.276638
2021-06-22,5034.633646,8151.865978
2021-06-23,5085.633278,8234.442427
2021-06-24,5127.553224,8302.317433
2021-06-25,4972.254549,8050.864382
2021-06-26,5009.754028,8111.581953
2021-06-27,5137.515084,8318.447255
2021-06-28,5127.152470,8301.668549
2021-06-29,5198.896548,8417.833526
2021-06-30,5156.149861,8348.619898
2021-07-01,5078.943803,8223.611113
2021-07-02,5093.499903,8247.179735
2021-07-03,5138.828295,8320.573551
2021-07-04,5170.004087,8371.052076
2021-07-05,5090.322218,8242.034561
2021-07-06,5113.085669,8278.892179
2021-07-07,5097.788098,8254.122999
2021-07-08,5055.307065,8185.339505
2021-07-09,5096.660960,8252.297984
2021-07-10,5083.168318,8230.451268
2021-07-11,5115.986399,8283.588917
2021-07-12,5056.205331,8186.793940
2021-07-13,5037.627199,8156.713013
2021-07-14,5042.359390,8164.375178
2021-07-15,4993.159508,8084.712808
2021-07-16,4966.687637,8041.850674
2021-07-17,4974.030568,8053.740038
2021-07-18,4984.686240,8070.993251
2021-07-19,4945.542016,8007.612578
2021-07-20,4900.817645,7935.196767
2021-07-21,5003.754057,8101.867054
2021-07-22,5012.287527,8115.684089
2021-07-23,5095.306712,8250.105243
2021-07-24,5132.861251,8310.911965
2021-07-25,5199.692795,8419.122776
2021-07-26,5331.516911,8632.566813
2021-07-27,5526.697532,8799.624527
2021-07-28,5563.959261,8835.467031
2021-07-29,5642.186747,8903.466468
2021-07-30,5862.094689,9115.295347
2021-07-31,6166.410772,9404.407720
2021-08-01,5972.865280,9221.172225
2021-08-02,5952.656380,9202.521713
2021-08-03,5843.664749,9117.278565
2021-08-04,6220.072761,9464.488454
2021-08-05,6451.311013,9678.850254
2021-08-06,6695.852652,9904.407210
2021-08-07,7075.520700,10273.797158
2021-08-08,6799.142381,9997.390327
2021-08-09,7109.569208,10321.768111
2021-08-10,7149.239258,10350.806391
2021-08-11,7208.902308,10410.601714
2021-08-12,7010.820964,10216.528615
2021-08-13,7621.896817,10822.362896
2021-08-14,7495.865772,10700.274449
2021-08-15,7967.026186,11169.906580
2021-08-16,8072.321247,11295.749408
2021-08-17,7948.761887,11171.027804
2021-08-18,8275.371875,11455.258571
2021-08-19,8567.369601,11721.795604
2021-08-20,9028.957136,12138.469686
2021-08-21,8749.871920,11858.828036
2021-08-22,8744.268048,11855.830117
2021-08-23,8959.996708,12079.899748
2021-08-24,8512.117415,11618.259040
2021-08-25,8690.629991,11803.995467
2021-08-26,8532.238149,11647.027916
2021-08-27,9259.232928,12336.070322
2021-08-28,9509.779044,12554.781695
2021-08-29,9399.371298,12457.416625
2021-08-30,9724.503888,12732.714584
2021-08-31,9896.485473,12874.322992
2021-09-01,10510.206388,13377.459555
2021-09-02,11074.224497,13870.146027
2021-09-03,11839.332232,14481.522530
2021-09-04,11560.605549,14263.839314
2021-09-05,11839.096822,14482.823114
2021-09-06,12515.804646,15010.711360
2021-09-07,11766.752423,14387.356581
2021-09-08,12192.485217,14637.064540
2021-09-09,12065.050735,14546.067924
2021-09-10,11496.835356,14148.247531
2021-09-11,11576.853398,14208.412481
2021-09-12,11693.881907,14286.589726
2021-09-13,11356.953240,14038.304701
2021-09-14,11452.324552,14109.366096
2021-09-15,11730.647638,14338.556909
2021-09-16,11483.089026,14138.252179
2021-09-17,11116.227746,13813.706319
2021-09-18,11795.787689,14397.054873
2021-09-19,11183.793255,13828.235487
2021-09-20,9950.985939,12667.887966
2021-09-21,9324.452443,12236.661852
2021-09-22,10435.804609,12900.713671
2021-09-23,10640.119508,13028.150169
2021-09-24,9979.729056,12619.125625
2021-09-25,9851.656758,12537.207869
2021-09-26,10007.959092,12628.271555
2021-09-27,9805.826815,12509.778250
2021-09-28,9487.736314,12319.198414
2021-09-29,9854.660168,12512.675667
2021-09-30,10361.715723,12774.482331
2021-10-01,11515.274846,13470.121278
2021-10-02,11690.143874,13583.918572
2021-10-03,11865.735851,13697.892023
2021-10-04,11797.270419,13653.742681
2021-10-05,12059.981844,13823.583844
2021-10-06,12095.410690,13846.268115
2021-10-07,11997.368169,13777.097506
2021-10-08,12005.401674,13782.752113
2021-10-09,12060.160091,13821.285377
2021-10-10,11630.828774,13530.903963
2021-10-11,11817.207297,13663.289337
2021-10-12,11973.766499,13773.862775
2021-10-13,12149.456687,13893.702238
2021-10-14,12216.973521,13939.530352
2021-10-15,12958.257334,14463.679988
2021-10-16,12705.200225,14288.658325
2021-10-17,12839.202378,14382.040240
2021-10-18,12669.952878,14264.563764
2021-10-19,12843.582160,14389.972649
2021-10-20,13861.030601,15130.598284
2021-10-21,13879.940586,15146.986908
2021-10-22,13830.971694,15102.267154
2021-10-23,14154.369242,15397.773401
2021-10-24,14130.350931,15375.908357
2021-10-25,14637.009576,15837.272437
2021-10-26,14102.519714,15353.314083
2021-10-27,13334.125381,14653.262472
2021-10-28,14204.109011,15373.859994
2021-10-29,14604.822526,15716.626790
2021-10-30,14336.049187,15487.983787
2021-10-31,14430.585940,15568.721186
2021-11-01,14475.748102,15606.699078
2021-11-02,15378.193029,16365.837541
2021-11-03,15920.069690,16815.786884
2021-11-04,15804.853538,16720.832320
2021-11-05,15452.060778,16455.130412
2021-11-06,16058.292454,16912.370026
2021-11-07,16124.990752,16963.730242
2021-11-08,16550.561286,17290.051349
2021-11-09,16199.127193,17004.247295
2021-11-10,15792.719041,16671.636865
2021-11-11,15924.379699,16780.000861
2021-11-12,15699.739344,16595.446256
2021-11-13,15973.775540,16821.292087
2021-11-14,16026.170236,16864.506668
2021-11-15,15718.121764,16610.586194
2021-11-16,14650.557664,15726.869533
2021-11-17,14610.588726,15693.261313
2021-11-18,13435.582040,14765.308408
2021-11-19,14328.847016,15420.019156
2021-11-20,14694.774003,15696.765862
2021-11-21,14753.479932,15753.010983
2021-11-22,14029.026868,15199.807453
2021-11-23,14496.783877,15527.655985
2021-11-24,14096.876397,15241.875544
2021-11-25,14871.310953,15794.715807
2021-11-26,13476.404053,14816.654701
2021-11-27,13709.244078,14970.154212
2021-11-28,14264.985903,15333.142523
2021-11-29,14462.385039,15465.659922
2021-11-30,14607.454562,15565.011426
2021-12-01,14601.548532,15560.983599
2021-12-02,14538.400260,15519.166121
2021-12-03,13499.130448,14830.392348
2021-12-04,12650.579450,14321.530662
2021-12-05,12666.979833,14341.765730
2021-12-06,12755.176131,14441.623049
2021-12-07,12767.405706,14455.469577
2021-12-08,12755.173102,14441.619620
2021-12-09,12461.658902,14109.297949
2021-12-10,12426.913431,14069.958548
2021-12-11,12618.411185,14286.775497
2021-12-12,12673.187595,14348.794262
2021-12-13,12399.181370,14038.559846
2021-12-14,12501.035049,14153.880279
2021-12-15,12532.751776,14189.790486
2021-12-16,12458.427867,14105.639717
2021-12-17,12366.117304,14001.124159
2021-12-18,12410.439834,14051.306867
2021-12-19,12400.892555,14040.497278
2021-12-20,12415.440236,14056.968404
2021-12-21,12569.291548,14231.161425
2021-12-22,12546.411274,14205.255998
2021-12-23,12717.831600,14399.340948
2021-12-24,12716.443656,14397.769495
2021-12-25,12679.582537,14356.034721
2021-12-26,12712.419831,14393.213654
2021-12-27,12704.298609,14384.018670
2021-12-28,12376.035817,14012.354065
2021-12-29,12282.768779,13906.755570
2021-12-30,12340.042450,13971.601775
2021-12-31,12261.882977,13883.108317
2022-01-01,12393.781204,14032.445688
2022-01-02,12356.355297,13990.071452
2022-01-03,12283.875751,13908.008901
2022-01-04,12239.034716,13857.239135
2022-01-05,12064.847192,13660.021116
2022-01-06,12036.790498,13628.254860
2022-01-07,11920.762314,13496.885815
2022-01-08,11929.661261,13506.961351
2022-01-09,11944.158801,13523.375708
2022-01-10,11940.865730,13519.647237
2022-01-11,12011.797160,13599.956985
2022-01-12,12102.165972,13702.274060
2022-01-13,11973.919205,13557.070933
2022-01-14,12022.487347,13612.060593
2022-01-15,12024.833417,13614.716853
2022-01-16,12023.615994,13613.338466
2022-01-17,11939.735511,13518.367585
2022-01-18,11954.441028,13535.017417
2022-01-19,11867.026732,13436.045493
2022-01-20,11743.075451,13295.705787
2022-01-21,11301.913978,12796.215412
2022-01-22,11211.777123,12694.160963
2022-01-23,11290.369500,12783.144562
2022-01-24,11317.512828,12813.876691
2022-01-25,11336.789858,12835.702465
2022-01-26,11323.813598,12821.010527
2022-01-27,11353.567794,12854.698724
2022-01-28,11400.448368,12907.777691
2022-01-29,11437.978146,12950.269531
2022-01-30,11414.420424,12923.597086
2022-01-31,11463.037293,12978.641915
2022-02-01,11481.746697,12999.825015
2022-02-02,11334.614936,12833.239982
2022-02-03,11369.790119,12873.065911
2022-02-04,11727.961265,13278.593253
2022-02-05,11709.692120,13257.908622
2022-02-06,11803.422566,13364.031796
2022-02-07,11938.265938,13516.703710
2022-02-08,11961.725813,13543.265372
2022-02-09,12000.733702,13587.430754
2022-02-10,11897.384551,13470.417122
2022-02-11,11763.735679,13319.097641
2022-02-12,11744.887900,13297.757872
2022-02-13,11724.988999,13275.228004
2022-02-14,11783.560295,13341.543402
2022-02-15,12025.975621,13616.010075
2022-02-16,11947.032134,13526.628943
2022-02-17,11548.744632,13075.681194
2022-02-18,11500.779624,13021.374413
2022-02-19,11510.001019,13031.815029
2022-02-20,11361.267293,12863.416225
2022-02-21,11236.384193,12722.021498
2022-02-22,11349.948355,12850.600735
2022-02-23,11260.877772,12749.753536
2022-02-24,11360.538209,12862.590745
2022-02-25,11425.172953,12935.771279
2022-02-26,11417.837960,12927.466478
2022-02-27,11316.139623,12812.321925
2022-02-28,11719.002877,13268.450417
2022-03-01,11826.183855,13389.802507
2022-03-02,11782.005004,13339.782476
2022-03-03,11660.659379,13202.392936
2022-03-04,11375.448646,12879.472589
2022-03-05,11393.429482,12899.830792
2022-03-06,11321.931061,12818.879088
2022-03-07,11289.660556,12782.341884
2022-03-08,11345.502616,12845.567195
2022-03-09,11583.501427,13115.033417
2022-03-10,11338.231303,12837.334493
2022-03-11,11268.203511,12758.047860
2022-03-12,11274.416858,12765.082715
2022-03-13,11187.666645,12666.862677
2022-03-14,11350.273893,12850.969314
2022-03-15,11317.840287,12814.247445
2022-03-16,11471.003517,12987.661408
2022-03-17,11450.772129,12964.755093
2022-03-18,11535.874502,13061.109418
2022-03-19,11580.262921,13111.366726
2022-03-20,11318.896788,13005.699244
2022-03-21,11291.778672,12976.032879
2022-03-22,11414.418030,13132.137486
2022-03-23,11468.385066,13190.366226
2022-03-24,11754.334584,13323.605982
2022-03-25,11781.027243,13335.932243
2022-03-26,11888.746770,13385.608679
2022-03-27,12482.852446,13693.256471
2022-03-28,12547.242085,13727.554115
2022-03-29,12713.723099,13814.724148
2022-03-30,12927.954497,13926.272333
2022-03-31,12733.169183,13797.897331
2022-04-01,13466.546620,14292.333057
2022-04-02,13339.869704,14211.740593
2022-04-03,13657.099644,14419.407042
2022-04-04,13506.478510,14318.254797
2022-04-05,13069.087955,14033.846740
2022-04-06,12051.980841,13425.477646
2022-04-07,12082.437779,13460.447449
2022-04-08,11929.033716,13289.547556
2022-04-09,11986.294645,13353.339129
2022-04-10,11895.448889,13252.132358
2022-04-11,11547.992995,12865.048899
2022-04-12,11591.590644,12913.618887
2022-04-13,11678.754204,13010.723507
2022-04-14,11534.626083,12850.157483
2022-04-15,11588.781428,12910.489279
2022-04-16,11568.462819,12887.853319
2022-04-17,11497.943324,12809.291032
2022-04-18,11611.806080,12936.139907
2022-04-19,11680.717952,13012.911221
2022-04-20,11664.176703,12994.483433
2022-04-21,11559.186532,12877.519067
2022-04-22,11465.878763,12773.569488
2022-04-23,11433.126402,12737.081699
2022-04-24,11433.663873,12737.680469
2022-04-25,11535.929207,12851.609229
2022-04-26,11297.251859,12585.710579
2022-04-27,11399.866876,12700.028903
2022-04-28,11455.856924,12762.404651
2022-04-29,11308.046491,12597.736345
2022-04-30,11223.096832,12503.098123
2022-05-01,11297.382115,12585.855690
2022-05-02,11302.343716,12591.383164
2022-05-03,11232.877368,12513.994135
2022-05-04,11406.508560,12707.428075
2022-05-05,11080.214702,12343.920197
2022-05-06,11032.809226,12291.108095
2022-05-07,10985.122096,12237.982218
2022-05-08,10857.436469,12095.733964
2022-05-09,10614.841975,11825.471416
2022-05-10,10678.440386,11896.323266
2022-05-11,10552.280142,11755.774366
2022-05-12,10547.127802,11750.034399
2022-05-13,10565.033667,11769.982438
2022-05-14,10620.289930,11831.540713
2022-05-15,10704.274572,11925.103857
2022-05-16,10609.059873,11819.029861
2022-05-17,10647.894866,11862.294009
2022-05-18,10532.027388,11733.211773
2022-05-19,10644.706368,11858.741861
2022-05-20,10569.508182,11774.967274
2022-05-21,10586.428180,11793.817009
2022-05-22,10644.886712,11858.942773
2022-05-23,10565.143953,11770.105303
2022-05-24,10603.062310,11812.348272
2022-05-25,10595.362388,11803.770169
2022-05-26,10571.950421,11777.688053
2022-05-27,10532.316138,11733.533455
2022-05-28,10560.609735,11765.053954
2022-05-29,10591.042363,11798.957442
2022-05-30,10747.045763,11972.753129
2022-05-31,10751.380196,11977.581907
2022-06-01,10622.176154,11833.642063
2022-06-02,10666.327116,11882.828469
2022-06-03,10615.848274,11826.592483
2022-06-04,10627.064666,11839.088113
2022-06-05,10630.825052,11843.277372
2022-06-06,10729.774412,11953.511969
2022-06-07,10713.543367,11935.429764
2022-06-08,10652.850751,11867.815116
2022-06-09,10646.443873,11860.677530
2022-06-10,10577.494786,11783.864756
2022-06-11,10531.030567,11732.101263
2022-06-12,10399.734653,11585.830968
2022-06-13,10093.370008,11244.525241
2022-06-14,10063.193536,11210.907123
2022-06-15,10102.143031,11254.298833
2022-06-16,9915.152780,11045.982225
2022-06-17,9921.436397,11052.982493
2022-06-18,9782.356564,10898.040517
2022-06-19,9940.704744,11074.448407
2022-06-20,9940.694564,11074.437066
2022-06-21,9954.542453,11089.864315
2022-06-22,9886.868311,11014.471894
2022-06-23,9993.184955,11132.914019
2022-06-24,10004.751193,11145.799394
2022-06-25,10027.625164,11171.282156
2022-06-26,9987.128854,11126.167216
2022-06-27,9960.258615,11096.232410
2022-06-28,9917.833009,11048.968136
2022-06-29,9903.007423,11032.451683
2022-06-30,9885.964771,11013.465306
2022-07-01,9823.066712,10943.393683
2022-07-02,9820.432735,10940.459299
2022-07-03,9826.589881,10947.318672
2022-07-04,9916.323894,11047.286905
2022-07-05,9910.609765,11040.921076
2022-07-06,9947.179832,11081.661982
2022-07-07,10045.432551,11191.120487
2022-07-08,10042.742778,11188.123943
2022-07-09,10042.482671,11187.834171
2022-07-10,9977.505894,11115.446751
2022-07-11,9895.165505,11023.715389
2022-07-12,9834.891987,10956.567638
2022-07-13,9923.203257,11054.950865
2022-07-14,9956.452558,11091.992269
2022-07-15,9978.794177,11116.881964
2022-07-16,10012.337897,11154.251366
2022-07-17,9976.377378,11114.189527
2022-07-18,10126.544969,11281.483827
2022-07-19,10209.901899,11374.347668
2022-07-20,10195.414791,11358.208295
2022-07-21,10189.435134,11351.546655
2022-07-22,10150.037135,11307.655290
2022-07-23,10130.003171,11285.336440
2022-07-24,10141.118233,11297.719181
2022-07-25,10031.969430,11176.121888
2022-07-26,10026.899323,11170.473532
2022-07-27,10180.310956,11341.381859
2022-07-28,10255.963015,11425.662083
2022-07-29,10250.263184,11419.312183
2022-07-30,10239.507295,11407.329578
2022-07-31,10210.458011,11374.967204
2022-08-01,10208.332954,11372.599783
2022-08-02,10184.784668,11346.365800
2022-08-03,10170.407150,11330.348518
2022-08-04,10153.726206,11311.765101
2022-08-05,10212.996448,11377.795152
2022-08-06,10182.937892,11344.308398
2022-08-07,10201.647005,11365.151298
2022-08-08,10255.241143,11424.857881
2022-08-09,10200.787379,11364.193631
2022-08-10,10268.654322,11439.800842
2022-08-11,10267.040028,11438.002437
2022-08-12,10305.599296,11480.959414
2022-08-13,10310.044120,11485.911172
2022-08-14,10291.602493,11465.366266
2022-08-15,10262.990456,11433.491008
2022-08-16,10224.199150,11390.275529
2022-08-17,10141.552662,11298.203157
2022-08-18,10116.773648,11270.598080
2022-08-19,9783.932763,10899.796482
2022-08-20,9809.069672,10927.800272
2022-08-21,9840.435020,10962.742857
2022-08-22,9830.903401,10952.124151
2022-08-23,9841.594455,10964.034527
2022-08-24,9828.343553,10949.272351
2022-08-25,9844.153475,10966.885405
2022-08-26,9735.827258,10846.204514
2022-08-27,9718.212770,10826.581083
2022-08-28,9676.135144,10779.704476
2022-08-29,9741.162681,10852.148446
2022-08-30,9700.186155,10806.498521
2022-08-31,9721.193206,10829.901439
2022-09-01,9728.300676,10837.819521
2022-09-02,9712.678535,10820.415665
2022-09-03,9702.167038,10808.705325
2022-09-04,9716.996282,10825.225853
2022-09-05,9699.203368,10805.403647
2022-09-06,9610.465302,10706.544948
2022-09-07,9656.701136,10758.054008
2022-09-08,9659.127419,10760.757010
2022-09-09,9842.743618,10965.314753
2022-09-10,9882.819852,11009.961706
2022-09-11,9907.794145,11037.784333
2022-09-12,9986.921065,11125.935729
2022-09-13,9683.273922,10787.657437
2022-09-14,9687.253090,10792.090432
2022-09-15,9642.008511,10741.685679
2022-09-16,9650.942717,10751.638837
2022-09-17,9678.164366,10781.965133
2022-09-18,9617.758084,10714.669476
2022-09-19,9628.532489,10726.672708
2022-09-20,9569.804464,10661.246715
2022-09-21,9532.054970,10619.191867
2022-09-22,9619.442191,10716.545657
2022-09-23,9609.471733,10705.438062
2022-09-24,9576.347147,10668.535595
2022-09-25,9566.041407,10657.054479
2022-09-26,9604.534294,10699.937505
2022-09-27,9591.165245,10685.043707
2022-09-28,9621.359791,10718.681960
2022-09-29,9637.300975,10736.441246
2022-09-30,9622.345863,10719.780495
2022-10-01,9612.388520,10708.687509
2022-10-02,9589.617090,10683.318984
2022-10-03,9641.453195,10741.067030
2022-10-04,9704.114871,10810.875309
2022-10-05,9688.693122,10793.694700
2022-10-06,9671.598888,10774.650858
2022-10-07,9634.045466,10732.814444
2022-10-08,9624.089148,10721.722602
2022-10-09,9625.967975,10723.815711
2022-10-10,9598.590520,10693.315840
2022-10-11,9592.100139,10686.085227
2022-10-12,9600.753864,10695.725915
2022-10-13,9620.565303,10717.796860
2022-10-14,9595.544458,10689.922372
2022-10-15,9579.038577,10671.533984
2022-10-16,9608.422560,10704.269230
2022-10-17,9651.661150,10752.439208
2022-10-18,9618.481264,10715.475136
2022-10-19,9579.107446,10671.610709
2022-10-20,9566.374726,10657.425814
2022-10-21,9584.823881,10677.979107
2022-10-22,9590.820596,10684.659751
2022-10-23,9655.251226,10756.438735
2022-10-24,9613.232740,10709.628014
2022-10-25,9716.403954,10824.565970
2022-10-26,9868.560601,10994.076178
2022-10-27,9738.994834,10849.733354
2022-10-28,9820.143239,10940.136786
2022-10-29,9879.345211,11006.090780
2022-10-30,9824.035599,10944.473072
2022-10-31,9782.636342,10898.352204
2022-11-01,9780.475458,10895.944869
2022-11-02,9679.769150,10783.752943
2022-11-03,9694.012852,10799.621149
2022-11-04,9940.351047,11074.054370
2022-11-05,9982.505927,11121.017041
2022-11-06,9862.483500,10987.305981
2022-11-07,9774.442370,10889.223704
2022-11-08,9200.479622,10249.800142
2022-11-09,8827.933438,9834.764829
2022-11-10,8994.960733,10020.841693
2022-11-11,8946.129873,9966.441643
2022-11-12,8921.770114,9939.303638
2022-11-13,8875.706680,9887.986640
2022-11-14,8904.040609,9919.552072
2022-11-15,8931.149954,9949.753255
2022-11-16,8908.529118,9924.552498
2022-11-17,8911.396911,9927.747365
2022-11-18,8912.155091,9928.592016
2022-11-19,8912.177184,9928.616629
2022-11-20,8871.790656,9883.623992
2022-11-21,8822.849799,9829.101398
2022-11-22,8867.696737,9879.063158
2022-11-23,8904.699220,9920.285797
2022-11-24,8904.297618,9919.838393
2022-11-25,8896.880942,9911.575840
2022-11-26,8890.719304,9904.711463
2022-11-27,8887.822708,9901.484509
2022-11-28,8866.801636,9878.065970
2022-11-29,8889.405789,9903.248141
2022-11-30,8959.580093,9981.425869
2022-12-01,8942.077851,9961.927485
2022-12-02,8953.015738,9974.112845
2022-12-03,8933.448389,9952.313828
2022-12-04,8954.447167,9975.707530
2022-12-05,8941.316784,9961.079618
2022-12-06,8952.947634,9974.036974
2022-12-07,8929.153243,9947.528818
2022-12-08,8966.140680,9988.734695
2022-12-09,8957.188542,9978.761560
2022-12-10,8956.704109,9978.221877
2022-12-11,8949.574770,9970.279433
2022-12-12,8969.857316,9992.875215
2022-12-13,9061.215781,10094.653172
2022-12-14,9066.234625,10100.244418
2022-12-15,8983.800916,10008.409093
2022-12-16,8847.993235,9857.112459
2022-12-17,8864.215784,9875.185200
2022-12-18,8859.774530,9870.237418
2022-12-19,8815.530015,9820.946789
2022-12-20,8883.520007,9896.691082
2022-12-21,8873.172058,9885.162943
2022-12-22,8872.697670,9884.634450
2022-12-23,8866.411148,9877.630946
2022-12-24,8874.864418,9887.048318
2022-12-25,8874.277577,9886.394547
2022-12-26,8887.052726,9900.626710
2022-12-27,8855.987779,9866.018786
2022-12-28,8832.580785,9839.942210
2022-12-29,8841.684127,9850.083793
2022-12-30,8838.853081,9846.929865
2022-12-31,8831.755209,9839.022476
2023-01-01,8839.889467,9848.084451
2023-01-02,8846.007430,9854.900172
2023-01-03,8846.258583,9855.179969
2023-01-04,8865.302754,9876.396140
2023-01-05,8862.504382,9873.278612
2023-01-06,8882.244460,9895.270058
2023-01-07,8881.058397,9893.948724
2023-01-08,8911.934962,9928.346781
2023-01-09,8924.621858,9942.480625
2023-01-10,8976.675634,10000.471167
2023-01-11,9097.101899,10134.632124
2023-01-12,9368.268419,10436.725357
2023-01-13,9753.892369,10729.424564
2023-01-14,10191.552352,11064.282606
2023-01-15,10156.093896,11036.470713
2023-01-16,10246.631256,11115.391262
2023-01-17,10205.550705,11078.118861
2023-01-18,9868.016367,10769.638607
2023-01-19,10104.847297,10985.436687
2023-01-20,10769.608391,11588.866955
2023-01-21,10675.234762,11505.972416
2023-01-22,10659.670692,11492.093908
2023-01-23,10704.858561,11532.264167
2023-01-24,10407.193028,11267.847035
2023-01-25,10598.817984,11437.421257
2023-01-26,10575.245078,11416.629833
2023-01-27,10604.893902,11442.790895
2023-01-28,10581.196904,11421.892189
2023-01-29,10911.971335,11713.726012
2023-01-30,10490.908399,11344.289945
2023-01-31,10628.319736,11465.737065
2023-02-01,10907.540787,11711.935879
2023-02-02,10795.526969,11613.631272
2023-02-03,10922.185365,11722.299127
2023-02-04,10887.657033,11692.651200
2023-02-05,10710.324728,11540.226019
2023-02-06,10616.888328,11459.647725
2023-02-07,10900.218357,11704.417012
2023-02-08,10762.069451,11577.842439
2023-02-09,10130.237675,10998.651417
2023-02-10,10027.753570,10929.930125
2023-02-11,10161.339415,11016.437425
2023-02-12,10123.335617,10983.273784
2023-02-13,9957.655289,10844.172124
2023-02-14,10166.968590,11026.297368
2023-02-15,11006.036164,11757.792522
2023-02-16,10664.874188,11474.281395
2023-02-17,11083.217468,11806.606895
2023-02-18,11089.835658,11811.878947
2023-02-19,10969.844633,11709.924364
2023-02-20,11175.552770,11912.210346
2023-02-21,10994.500960,11761.659075
2023-02-22,10873.122500,11660.362933
2023-02-23,10764.306789,11569.328098
2023-02-24,10424.874251,11303.066564
2023-02-25,10412.185605,11293.036783
2023-02-26,10591.040667,11434.460025
2023-02-27,10562.821692,11412.248981
2023-02-28,10405.216291,11288.108594
2023-03-01,10624.367473,11461.434945
2023-03-02,10550.785013,11388.422434
2023-03-03,10044.724310,10891.701268
2023-03-04,10036.210567,10885.420532
2023-03-05,10073.788135,10913.149674
2023-03-06,10064.698019,10906.449918
2023-03-07,9969.467382,10836.241098
2023-03-08,9748.268584,10693.141232
2023-03-09,9139.400274,10268.719023
2023-03-10,9057.337599,10210.095201
2023-03-11,9270.441201,10345.476505
2023-03-12,9960.938994,10780.896327
2023-03-13,10733.587500,11326.080304
2023-03-14,10976.125898,11517.342171
2023-03-15,10804.946561,11383.106580
2023-03-16,11122.221179,11632.903257
2023-03-17,12188.382596,12466.263351
2023-03-18,11971.426411,12282.814238
2023-03-19,12445.425222,12683.811836
2023-03-20,12331.590407,12588.152426
2023-03-21,12504.420362,12733.622767
2023-03-22,12124.244290,12414.405974
2023-03-23,12588.926674,12806.725578
2023-03-24,12214.783589,12492.891819
2023-03-25,12218.556430,12496.073512
2023-03-26,12443.280753,12685.576599
2023-03-27,12068.158865,12370.250257
2023-03-28,12128.737887,12421.450527
2023-03-29,12612.591467,12830.036260
2023-03-30,12470.188944,12710.595166
2023-03-31,12664.539223,12873.934416
2023-04-01,12658.920003,12869.224529
2023-04-02,12533.962423,12764.480117
2023-04-03,12368.513534,12625.551685
2023-04-04,12531.114996,12762.409574
2023-04-05,12533.134890,12764.105801
2023-04-06,12472.542521,12713.224156
2023-04-07,12415.820874,12665.552297
2023-04-08,12430.080257,12677.546240
2023-04-09,12601.539888,12808.179687
2023-04-10,13185.965500,13253.526084
2023-04-11,13436.485737,13461.228534
2023-04-12,13297.517924,13346.106000
2023-04-13,13513.642127,13525.469680
2023-04-14,13555.058850,13559.746680
2023-04-15,13478.605420,13482.093137
2023-04-16,13482.858765,13486.347582
2023-04-17,13139.470713,13142.870676
2023-04-18,13444.927787,13448.406789
2023-04-19,12737.675249,12740.971243
2023-04-20,12492.870517,12496.103165
2023-04-21,12059.033802,12094.639921
2023-04-22,12304.086236,12304.645743
2023-04-23,12204.010221,12218.963636
2023-04-24,12168.770194,12185.948913
2023-04-25,12518.144963,12509.213389
2023-04-26,12568.791168,12558.307238
2023-04-27,13036.540935,13014.702077
2023-04-28,12965.295658,12945.244843
2023-04-29,12929.356758,12910.203384
2023-04-30,12930.577575,12911.393793
2023-05-01,12415.291147,12408.943091
2023-05-02,12681.393825,12649.800084
2023-05-03,12838.994198,12792.420264
2023-05-04,12755.837111,12712.620725
2023-05-05,13051.066886,12994.819530
2023-05-06,12760.278053,12717.122746
2023-05-07,12575.342000,12540.348416
2023-05-08,12238.595607,12218.269986
2023-05-09,12220.672601,12201.758377
2023-05-10,12207.615169,12189.973347
2023-05-11,11928.892961,11938.385830
2023-05-12,11852.100930,11868.914244
2023-05-13,11843.373859,11861.014196
2023-05-14,11906.334389,11918.012293
2023-05-15,12014.491681,12015.877236
2023-05-16,11957.741393,11967.877022
2023-05-17,12122.184532,12092.610859
2023-05-18,11863.720805,11896.472039
2023-05-19,11889.809130,11916.372733
2023-05-20,11956.289829,11964.971827
2023-05-21,11830.386442,11872.747760
2023-05-22,11893.600006,11922.993185
2023-05-23,12095.717094,12084.724805
2023-05-24,11721.168474,11786.026139
2023-05-25,11771.987321,11823.565720
2023-05-26,11895.933625,11915.837715
2023-05-27,11935.808061,11945.442250
2023-05-28,12461.703158,12335.552330
2023-05-29,12336.385633,12221.290511
2023-05-30,12353.085706,12236.388508
2023-05-31,12157.515782,12059.600950
2023-06-01,12031.403808,11953.607237
2023-06-02,12271.740927,12142.639635
2023-06-03,12185.644167,12068.493162
2023-06-04,12189.394314,12071.706613
2023-06-05,11621.240357,11584.883232
2023-06-06,12198.379457,11992.709240
2023-06-07,11828.928943,11712.301576
2023-06-08,11908.305667,11767.360061
2023-06-09,11886.630616,11752.250844
2023-06-10,11456.835754,11452.489054
2023-06-11,11479.554787,11466.965652
2023-06-12,11441.677917,11442.329810
2023-06-13,11448.792157,11446.895249
2023-06-14,11093.134314,11218.708900
2023-06-15,11300.569383,11353.325935
2023-06-16,11487.958912,11543.624261
2023-06-17,11560.520540,11593.347030
2023-06-18,11483.345742,11546.103844
2023-06-19,11703.238549,11680.057179
2023-06-20,12341.336624,12120.319525
2023-06-21,13076.332624,12729.813489
2023-06-22,13028.825349,12692.861565
2023-06-23,13379.159346,12963.014757
2023-06-24,13308.938215,12894.973855
2023-06-25,13280.700662,12868.109231
2023-06-26,13195.831054,12787.362939
2023-06-27,13380.877054,12952.516036
2023-06-28,13112.744550,12712.925544
2023-06-29,13274.008575,12857.250009
2023-06-30,13284.772589,12866.874345
2023-07-01,13334.429179,12914.212640
2023-07-02,13348.000817,12927.274070
2023-07-03,13583.060900,13153.495929
2023-07-04,13413.169097,12990.009795
2023-07-05,13299.076651,12880.210408
2023-07-06,13033.407358,12624.523919
2023-07-07,13229.274048,12813.054834
2023-07-08,13203.085537,12787.849502
2023-07-09,13149.060563,12735.852106
2023-07-10,13258.427131,12841.116819
2023-07-11,13350.211168,12929.453870
2023-07-12,13244.663667,12827.874632
2023-07-13,13712.992010,13278.617812
2023-07-14,13631.133257,13199.393707
2023-07-15,13827.962372,13377.684021
2023-07-16,13804.759044,13356.636964
2023-07-17,13627.228524,13195.587355
2023-07-18,13243.839887,12872.395291
2023-07-19,13454.589079,13050.471580
2023-07-20,13192.230242,12829.240471
2023-07-21,13245.932878,12879.134603
2023-07-22,12967.544160,12617.275269
2023-07-23,13094.062268,12736.364593
2023-07-24,12529.076980,12204.721082
2023-07-25,12513.524126,12190.768544
2023-07-26,13050.730132,12656.344039
2023-07-27,13003.863932,12612.854698
2023-07-28,12951.659593,12569.368726
2023-07-29,13051.541237,12651.378310
2023-07-30,12797.049975,12442.669971
2023-07-31,12649.171939,12321.023847
2023-08-01,12836.955941,12475.775101
2023-08-02,12484.413007,12154.443781
2023-08-03,12351.224011,12044.160809
2023-08-04,12311.350135,12010.684102
2023-08-05,12293.648916,11995.816088
2023-08-06,12300.537422,12001.603198
2023-08-07,12299.109544,12000.583059
2023-08-08,12709.449447,12360.882125
2023-08-09,12711.207631,12362.420910
2023-08-10,12746.650757,12393.440741
2023-08-11,12740.220256,12387.814331
2023-08-12,12816.150269,12454.253155
2023-08-13,12613.714000,12277.226310
2023-08-14,12888.343365,12517.770549
2023-08-15,12510.196133,12167.234421
2023-08-16,12126.966859,11811.838513
2023-08-17,11374.047411,11202.189251
2023-08-18,11168.396985,11063.765103
2023-08-19,11177.203206,11072.488822
2023-08-20,11201.203771,11096.264536
2023-08-21,11186.088331,11081.290706
2023-08-22,11169.570679,11064.927801
2023-08-23,11257.419706,11151.953808
2023-08-24,11198.881390,11093.963912
2023-08-25,11170.948254,11066.292469
2023-08-26,11161.721248,11057.151907
2023-08-27,11179.375404,11074.640669
2023-08-28,11183.182300,11078.411900
2023-08-29,11516.420184,11408.527822
2023-08-30,11170.639162,11205.504235
2023-08-31,10867.094205,10901.011874
2023-09-01,10840.783605,10874.619154
2023-09-02,10853.092058,10886.966024
2023-09-03,10872.484989,10906.419483
2023-09-04,10844.858191,10878.706458
2023-09-05,10838.384090,10872.212151
2023-09-06,10832.243417,10866.052311
2023-09-07,10939.090552,10973.232931
2023-09-08,10855.450170,10889.331495
2023-09-09,10853.289092,10887.163673
2023-09-10,10838.701544,10872.530595
2023-09-11,10673.436317,10706.749553
2023-09-12,10800.438202,10834.147829
2023-09-13,10879.101535,10913.056680
2023-09-14,10940.799481,10974.947193
2023-09-15,10958.334687,10992.537129
2023-09-16,10939.318307,10983.176200
2023-09-17,10926.072341,10974.004066
2023-09-18,10983.096039,11037.414772
2023-09-19,11095.385875,11144.628775
2023-09-20,11058.462310,11121.484349
2023-09-21,10831.414242,10960.760499
2023-09-22,10836.330927,10963.207444
2023-09-23,10834.626802,10961.662257
2023-09-24,10701.077269,10870.778267
2023-09-25,10713.078653,10884.749302
2023-09-26,10692.358715,10863.697340
2023-09-27,10730.116700,10902.060374
2023-09-28,10867.376968,11041.520155
2023-09-29,10818.759275,11007.902751
2023-09-30,10841.114941,11023.783728
2023-10-01,11255.261699,11317.801419
2023-10-02,11031.623173,11134.867817
2023-10-03,11072.256160,11165.602270
2023-10-04,11033.077412,11135.678348
2023-10-05,10857.405019,11001.387796
2023-10-06,11130.327496,11210.838907
2023-10-07,11109.274363,11193.237533
2023-10-08,11082.330654,11171.116444
2023-10-09,10750.165247,10898.282140
2023-10-10,10713.633589,10868.104076
2023-10-11,10588.762778,10771.960843
2023-10-12,10390.335479,10619.254559
2023-10-13,10546.924734,10740.323393
2023-10-14,10583.689222,10765.334511
2023-10-15,10626.301938,10794.771656
2023-10-16,11379.193040,11314.204599
2023-10-17,11353.506666,11288.093642
2023-10-18,11217.347280,11158.116049
2023-10-19,11656.938278,11537.318492
2023-10-20,12341.822607,12125.952196
2023-10-21,12914.702473,12659.857972
2023-10-22,12873.084272,12621.124020
2023-10-23,14160.575285,13819.584480
2023-10-24,13963.369956,13626.882268
2023-10-25,14606.669862,14254.353253
2023-10-26,14608.051394,14255.700760
2023-10-27,14320.719036,13975.444888
2023-10-28,14338.078270,13992.376772
2023-10-29,14703.645977,14348.944694
2023-10-30,15165.257368,14799.186008
2023-10-31,15952.441732,15566.968853
2023-11-01,16703.642018,16299.635693
2023-11-02,16403.779646,16007.178305
2023-11-03,16191.987199,15800.614023
2023-11-04,16879.965276,16471.613704
2023-11-05,16617.132102,16215.272346
2023-11-06,16829.178729,16422.083255
2023-11-07,17067.623481,16654.638960
2023-11-08,17161.766671,16746.456358
2023-11-09,17850.771120,17418.437147
2023-11-10,20239.495243,19748.094777
2023-11-11,20134.003692,19645.218058
2023-11-12,20105.423475,19617.346186
2023-11-13,19106.423335,18643.105008
2023-11-14,19832.127510,19350.842778
2023-11-15,21980.209432,21445.704302
2023-11-16,20206.655780,19716.179796
2023-11-17,20456.597531,19959.927782
2023-11-18,20452.538105,19955.968977
2023-11-19,21117.511222,20604.459449
2023-11-20,20359.807968,19865.549447
2023-11-21,19010.384085,18549.569722
2023-11-22,20541.248479,19758.550296
2023-11-23,20322.577776,19546.339929
2023-11-24,20499.753432,19716.748213
2023-11-25,20871.309721,20074.112599
2023-11-26,20557.492271,19772.281669
2023-11-27,20053.152973,19287.206032
2023-11-28,20776.431485,19982.858317
2023-11-29,20988.021843,20186.366804
2023-11-30,20950.025565,20149.821826
2023-12-01,21295.684002,20482.277550
2023-12-02,22203.826357,21355.732649
2023-12-03,22232.111741,21382.937648
2023-12-04,22557.027720,21695.443190
2023-12-05,23004.683249,22126.000142
2023-12-06,23078.160057,22196.670441
2023-12-07,24047.949651,23129.418111
2023-12-08,25575.441597,24598.566226
2023-12-09,24992.536760,24037.925926
2023-12-10,25458.433450,24486.027303
2023-12-11,23935.727831,23021.482698
2023-12-12,23723.964557,22835.477290
2023-12-13,24466.811664,23484.757642
2023-12-14,25387.075314,24286.862173
2023-12-15,24536.154703,23547.669288
2023-12-16,24839.666816,23837.871243
2023-12-17,24094.136595,23122.408610
2023-12-18,25071.210075,24060.076252
2023-12-19,24719.819213,23722.857151
2023-12-20,26686.442861,25610.165932
2023-12-21,28633.000254,27478.217740
2023-12-22,29287.408681,28106.233564
2023-12-23,30691.315706,29453.520351
2023-12-24,31091.844201,29837.895342
2023-12-25,32472.822223,31163.177863
2023-12-26,30944.504329,29696.497756
2023-12-27,30511.841675,29281.284593
2023-12-28,29478.757699,28289.865385
2023-12-29,29939.439525,28731.967694
2023-12-30,29363.474410,28179.231526
2023-12-31,29387.465973,28202.255498
2024-01-01,31229.391982,29969.895755
2024-01-02,31048.829243,29796.615197
2024-01-03,29128.734832,27953.959106
2024-01-04,30517.282673,29286.506153
2024-01-05,29792.350573,28590.810910
2024-01-06,28813.049356,27651.005376
2024-01-07,28134.925005,27000.230103
2024-01-08,30430.146671,29202.884387
2024-01-09,30387.657476,29162.108802
2024-01-10,30970.609832,29662.252886
2024-01-11,30547.296947,29255.290822
2024-01-12,28185.598231,26993.480787
2024-01-13,28777.721930,27456.176595
2024-01-14,27866.302899,26725.415865
2024-01-15,28241.879644,27004.586712
2024-01-16,29020.754399,27626.991124
2024-01-17,29076.998298,27687.589438
2024-01-18,27787.171702,26660.413645
2024-01-19,27867.773144,26721.620292
2024-01-20,27707.373110,26599.647005
2024-01-21,27434.263912,26383.196450
2024-01-22,25703.117916,25009.227615
2024-01-23,25878.349351,25132.760291
2024-01-24,26617.108010,25651.390870
2024-01-25,26297.154115,25428.501493
2024-01-26,27722.379562,26424.703706
2024-01-27,28121.267275,26722.493540
2024-01-28,28344.900028,26889.395056
2024-01-29,29615.348792,27835.950455
2024-01-30,29450.920588,27714.570130
2024-01-31,28682.307881,27146.503064
2024-02-01,28977.422303,27365.870930
2024-02-02,29427.112740,27699.409419
2024-02-03,28979.499386,27368.500349
2024-02-04,28469.892315,26926.300582
2024-02-05,28537.294781,26984.637376
2024-02-06,28849.649520,27200.465644
2024-02-07,29902.517946,27933.842943
2024-02-08,30458.573381,28442.077116
2024-02-09,31698.184920,29582.298839
2024-02-10,32212.889497,30055.458275
2024-02-11,32169.017902,30015.137483
2024-02-12,33333.251004,31085.163721
2024-02-13,33385.973698,31133.594899
2024-02-14,34756.186526,32392.245540
2024-02-15,34269.114566,31945.094738
2024-02-16,33871.177598,31579.695588
2024-02-17,33498.309542,31237.255365
2024-02-18,34169.394082,31853.678826
2024-02-19,34321.291167,31995.519935
2024-02-20,34438.761922,32105.030321
2024-02-21,33821.531381,31529.626209
2024-02-22,33771.994834,31483.446490
2024-02-23,33267.020869,31012.691923
2024-02-24,33913.085436,31614.976133
2024-02-25,34640.936564,32293.504664
2024-02-26,35862.561381,33432.346469
2024-02-27,36599.306886,34119.166653
2024-02-28,39145.905397,36493.195736
2024-02-29,39811.928103,37114.085628
2024-03-01,40815.164402,38049.337943
2024-03-02,40711.139898,37952.362625
2024-03-03,41288.280902,38490.393855
2024-03-04,43190.051342,40263.291434
2024-03-05,40448.622003,37798.750786
2024-03-06,42740.168623,39826.458876
2024-03-07,44240.834301,41150.777493
2024-03-08,44619.404771,41487.152893
2024-03-09,44715.307415,41572.334777
2024-03-10,44693.485730,41552.954353
2024-03-11,45839.407893,42573.412645
2024-03-12,46237.173811,42927.256740
2024-03-13,50033.337621,46303.017941
2024-03-14,50392.920870,46621.756198
2024-03-15,51204.514517,47340.944563
2024-03-16,48642.790149,45072.406958
2024-03-17,51317.777591,47446.506574
2024-03-18,50188.307628,46446.285491
2024-03-19,45086.272305,41923.803830
2024-03-20,49934.841611,45067.281624
2024-03-21,48056.962719,43883.541881
2024-03-22,47158.369240,43310.429780
2024-03-23,46933.935073,43166.465864
2024-03-24,49283.017080,44675.463871
2024-03-25,50964.369957,45740.002970
2024-03-26,50991.361129,45756.922264
2024-03-27,50319.418233,45335.785137
2024-03-28,51210.392050,45896.447540
2024-03-29,51804.778360,46268.514180
2024-03-30,51682.461379,46192.212614
2024-03-31,53084.395765,47067.366100
2024-04-01,50985.847943,45767.786606
2024-04-02,48225.871887,44037.386471
2024-04-03,48921.133976,44480.812273
2024-04-04,50095.646816,45226.685340
2024-04-05,48818.092564,44421.111999
2024-04-06,49710.583712,44988.321504
2024-04-07,49894.562171,45104.613243
2024-04-08,50710.991955,45620.100044
2024-04-09,49071.334106,44589.860247
2024-04-10,50218.752537,45305.318758
2024-04-11,49836.098083,45051.369152
2024-04-12,46977.405182,43163.368143
2024-04-13,43930.249623,41191.125574
2024-04-14,45756.246965,42276.319731
2024-04-15,43773.926024,41105.488423
2024-04-16,43470.844833,40911.336532
2024-04-17,42177.454088,39955.396036
2024-04-18,44016.815949,41013.356876
2024-04-19,44214.079664,41151.766052
2024-04-20,45519.456996,42079.738057
2024-04-21,45547.661569,42109.219989
2024-04-22,47228.775152,43336.347307
2024-04-23,46981.695676,43138.043274
2024-04-24,45798.122854,42201.450966
2024-04-25,45807.772140,42219.745874
2024-04-26,44916.973724,41579.444432
2024-04-27,44875.145271,41538.038842
2024-04-28,44626.943955,41364.324955
2024-04-29,44797.319850,41473.481627
2024-04-30,42650.874285,40084.663909
2024-05-01,41432.860913,39327.881013
2024-05-02,41835.143053,39567.904055
2024-05-03,44203.427131,40999.727921
2024-05-04,44714.375678,41329.064316
2024-05-05,44864.427963,41424.893542
2024-05-06,44853.239069,41431.912912
2024-05-07,43994.242196,40897.292876
2024-05-08,43419.477235,40545.691397
2024-05-09,44898.809742,41524.144432
2024-05-10,43407.297821,40566.604367
2024-05-11,43507.309428,40623.461790
2024-05-12,43716.117583,40743.891199
2024-05-13,44474.774457,41180.645018
2024-05-14,43183.152416,40221.845966
2024-05-15,46198.863053,42431.329438
2024-05-16,45659.209387,42045.756579
2024-05-17,47194.892797,43142.224142
2024-05-18,47325.017830,43234.453395
2024-05-19,46807.762269,42843.417993
2024-05-20,50305.549949,45288.193302
2024-05-21,49618.348904,44749.607530
2024-05-22,49109.278848,44346.017199
2024-05-23,48316.385885,43716.776452
2024-05-24,47978.398135,43465.501698
2024-05-25,48335.758027,43721.304655
2024-05-26,47693.004830,43261.703238
2024-05-27,48287.866617,43689.565759
2024-05-28,47728.608793,43288.276244
2024-05-29,47112.826040,42845.356467
2024-05-30,47289.010379,42972.424978
2024-05-31,47020.103345,42778.632090
2024-06-01,47424.883163,43070.689480
2024-06-02,47338.894739,43008.756557
2024-06-03,48128.279789,43715.802836
2024-06-04,50030.273750,45394.471280
2024-06-05,50643.478975,45940.133515
2024-06-06,50601.782869,45898.579499
2024-06-07,49179.345014,44633.205436
2024-06-08,49143.892543,44603.390424
2024-06-09,49165.562426,44621.370072
2024-06-10,48154.715537,43835.015381
2024-06-11,46326.903484,42373.709359
2024-06-12,47333.036514,43181.598866
2024-06-13,45902.120165,41956.794912
2024-06-14,45478.990250,41629.661811
2024-06-15,45777.661820,41858.761918
2024-06-16,46369.353123,42317.625469
2024-06-17,45589.518940,41692.125863
2024-06-18,44462.613493,40804.544776
2024-06-19,44508.000562,40830.462087
2024-06-20,44065.480252,40474.484584
2024-06-21,43837.549098,40290.818399
2024-06-22,43880.023198,40325.065728
2024-06-23,43021.082788,39632.574995
2024-06-24,41702.955792,38567.277508
2024-06-25,42513.082529,39118.698021
2024-06-26,42107.169656,38829.621361
2024-06-27,43684.559141,39887.875755
2024-06-28,42062.778802,38843.059871
2024-06-29,42311.748047,38997.026194
2024-06-30,43655.228395,39826.975409
2024-07-01,43602.676506,39786.247981
2024-07-02,44027.986954,40061.784967
2024-07-03,41789.005719,38693.461929
2024-07-04,40364.117370,37375.013108
2024-07-05,40216.565395,37238.387874
2024-07-06,40767.439691,37748.467999
2024-07-07,39962.913460,37003.519753
2024-07-08,40259.846842,37278.464179
2024-07-09,40719.027114,37703.640542
2024-07-10,40608.887777,37601.657410
2024-07-11,40477.367015,37479.876221
2024-07-12,40665.166802,37653.768776
2024-07-13,41112.598093,38068.066212
2024-07-14,41739.417408,38648.467361
2024-07-15,44663.238917,40341.593218
2024-07-16,44388.278328,40161.025960
2024-07-17,43729.480881,39725.133961
2024-07-18,43919.300682,39862.630855
2024-07-19,45437.020426,40854.495509
2024-07-20,45836.859675,41121.013157
2024-07-21,47141.426719,42029.864677
2024-07-22,46198.961801,41343.665391
2024-07-23,45151.827619,40571.202297
2024-07-24,45219.605747,40618.472827
2024-07-25,44737.635914,40306.171676
2024-07-26,46461.457297,41449.139395
2024-07-27,46543.164735,41505.240682
2024-07-28,46772.771230,41663.242407
2024-07-29,45964.963000,41107.979236
2024-07-30,45786.565321,40984.861947
2024-07-31,44506.841788,40116.752392
2024-08-01,44380.297736,40030.317226
2024-08-02,41429.426231,38013.349900
2024-08-03,41157.609721,37764.333028
2024-08-04,40327.784710,37002.923698
2024-08-05,39174.898498,35945.088241
2024-08-06,39572.098819,36309.541019
2024-08-07,39399.564030,36151.231018
2024-08-08,40687.635479,37333.106241
2024-08-09,40438.477669,37104.490474
2024-08-10,40463.459396,37127.412560
2024-08-11,39818.123310,36535.281797
2024-08-12,40007.099846,36708.677990
2024-08-13,40374.615662,37045.893628
2024-08-14,39555.547308,36671.459249
2024-08-15,39206.593281,36349.808520
2024-08-16,39603.516337,36717.809814
2024-08-17,39784.936018,36886.010367
2024-08-18,39473.920558,36597.657020
2024-08-19,39772.341083,36874.333161
2024-08-20,39648.200264,36759.237851
2024-08-21,40276.917005,37342.143205
2024-08-22,40460.814755,37422.730126
2024-08-23,42479.319949,38395.925779
2024-08-24,42842.078448,38605.665973
2024-08-25,42569.907694,38445.585352
2024-08-26,41557.066843,37848.567113
2024-08-27,39049.946819,36375.909392
2024-08-28,38769.209359,36253.402500
2024-08-29,38680.889831,36219.309325
2024-08-30,38551.377812,36167.714715
2024-08-31,38419.638114,36100.453481
2024-09-01,37135.991095,35462.163051
2024-09-02,37678.154435,35981.114923
2024-09-03,36872.145283,35564.589940
2024-09-04,36632.570309,35440.505434
2024-09-05,35879.086457,35049.067268
2024-09-06,35186.937447,34373.551275
2024-09-07,35235.485756,34420.977335
2024-09-08,35458.665000,34638.997536
2024-09-09,36143.021430,35307.534287
2024-09-10,36350.946681,35409.495063
2024-09-11,36356.524686,35411.680266
2024-09-12,37093.071100,35836.618928
2024-09-13,37872.489071,36589.635704
2024-09-14,37707.233259,36429.977595
2024-09-15,37424.321833,36156.649217
2024-09-16,37120.592234,35863.207839
2024-09-17,37820.619826,36539.523423
2024-09-18,38294.629504,36997.476990
2024-09-19,38909.599378,37365.311489
2024-09-20,39056.434111,37441.676275
2024-09-21,39774.812898,37910.991736
2024-09-22,39850.333747,37960.307248
2024-09-23,40310.272309,38260.470323
2024-09-24,40650.562311,38481.750978
2024-09-25,39678.674870,37851.426861
2024-09-26,40614.480183,38463.030821
2024-09-27,41157.754191,38847.307554
2024-09-28,40991.995810,38730.077157
2024-09-29,40724.791716,38540.909062
2024-09-30,39054.725284,37356.634736
2024-10-01,37585.361382,36303.511949
2024-10-02,37245.262003,36083.095860
2024-10-03,37346.662419,36146.923256
2024-10-04,38116.364232,36632.289238
2024-10-05,38372.037201,36812.213950
2024-10-06,38856.362107,37155.460702
2024-10-07,38467.666688,36880.884757
2024-10-08,39010.428132,37219.215233
2024-10-09,38192.875872,36709.709844
2024-10-10,38074.382317,36595.817818
2024-10-11,38847.520617,37338.932391
2024-10-12,39145.275961,37520.139152
2024-10-13,38980.299529,37415.612864
2024-10-14,40895.460584,38651.423852
2024-10-15,41145.654918,38820.483003
2024-10-16,41403.486366,39023.833975
2024-10-17,41056.837912,38754.298208
2024-10-18,41581.338921,39162.800828
2024-10-19,41530.164973,39122.056797
2024-10-20,42696.941282,40067.344149
2024-10-21,42028.420872,39527.961442
2024-10-22,42223.123633,39685.403954
2024-10-23,42396.658997,39825.639139
2024-10-24,43669.668334,40853.776795
2024-10-25,41861.840354,39429.049700
2024-10-26,42639.545443,39991.165718
2024-10-27,43483.848682,40652.488967
2024-10-28,44297.561617,41305.221674
2024-10-29,45316.205465,42120.484497
2024-10-30,44619.595365,41514.850124
2024-10-31,43198.130623,40280.988242
2024-11-01,42621.915162,39779.717128
2024-11-02,42593.708844,39755.157163
2024-11-03,41943.389360,39188.882160
2024-11-04,41070.062494,38501.880716
2024-11-05,42657.884908,39751.804552
2024-11-06,47120.464716,43243.758983
2024-11-07,48441.966284,44378.391946
2024-11-08,49081.857550,44927.852903
2024-11-09,49140.553693,44978.212830
2024-11-10,51575.097766,47066.838674
2024-11-11,55711.621869,50837.728885
2024-11-12,54177.444963,49591.547155
2024-11-13,55643.013917,50750.363382
2024-11-14,53765.402673,49271.073246
2024-11-15,56047.441531,51077.545637
2024-11-16,55773.367586,50861.790496
2024-11-17,55323.342046,50507.286518
2024-11-18,55753.122514,50852.966335
2024-11-19,56071.078552,51108.167633
2024-11-20,56417.479439,51386.010405
2024-11-21,60125.811573,54358.213983
2024-11-22,60363.745221,54547.504474
2024-11-23,59755.378216,54063.741007
2024-11-24,59571.821776,53917.601571
2024-11-25,55897.798115,50991.426275
2024-11-26,55241.908048,50470.033867
2024-11-27,57583.340341,52334.170407
2024-11-28,57451.712676,52229.922616
2024-11-29,58542.565014,53094.121218
2024-11-30,57910.640493,52594.695287
2024-12-01,58377.485313,52964.172202
2024-12-02,56578.712357,51504.602695
2024-12-03,56555.777400,51486.048759
2024-12-04,56758.533035,51648.293442
2024-12-05,55785.002646,50847.486531
2024-12-06,57393.438191,52172.771219
2024-12-07,57445.888240,52215.871593
2024-12-08,58181.052057,52819.933143
2024-12-09,55975.376470,51009.796335
2024-12-10,55582.090297,50685.815941
2024-12-11,58189.919366,52835.547216
2024-12-12,57545.034080,52247.464418
2024-12-13,58362.115493,52989.325688
2024-12-14,58359.669934,52987.105266
2024-12-15,60111.259874,54577.444633
2024-12-16,61028.873903,55410.583532
2024-12-17,61072.076861,55449.809245
2024-12-18,57659.958092,52351.808578
2024-12-19,56082.054632,50919.166193
2024-12-20,56279.759379,51098.670330
2024-12-21,55984.307076,50830.417232
2024-12-22,54772.621766,49730.279120
2024-12-23,54597.232026,49571.035680
2024-12-24,56773.555150,51547.007488
2024-12-25,57214.342710,51947.216346
2024-12-26,55120.944177,50046.535129
2024-12-27,54262.081108,49266.738603
2024-12-28,54838.064925,49789.697612
2024-12-29,53939.365137,48973.731718
2024-12-30,53394.926154,48479.413540
2024-12-31,53846.031096,48888.989966
2025-01-01,54430.542722,49419.691718
2025-01-02,55807.536315,50669.919907
2025-01-03,56491.941835,51291.319366
2025-01-04,56518.595551,51315.519353
2025-01-05,56600.944716,51390.287492
2025-01-06,58828.987099,53413.217306
2025-01-07,55790.169969,50654.152298
2025-01-08,54700.313778,49664.627773
2025-01-09,53257.077184,48354.254883
2025-01-10,54507.833896,49408.026596
2025-01-11,54435.261213,49346.885862
2025-01-12,54403.653081,49320.254269
2025-01-13,54398.497268,49315.910033
2025-01-14,55563.596117,50297.616851
2025-01-15,57828.753454,52203.403678
2025-01-16,57535.257598,51939.111724
2025-01-17,59888.852104,54045.566077
2025-01-18,60164.337136,54292.040605
2025-01-19,58109.846827,52438.310105
2025-01-20,57198.530564,51615.938555
2025-01-21,59245.944226,53463.524092
2025-01-22,59397.673334,53600.444398
2025-01-23,58965.560262,53210.505678
2025-01-24,59268.274566,53483.674985
2025-01-25,59588.891933,53773.000010
2025-01-26,57135.208177,51558.796450
2025-01-27,56807.563202,51280.043270
2025-01-28,56391.696400,50926.116152
2025-01-29,57725.991604,52062.158930
2025-01-30,58276.744804,52557.385429
2025-01-31,57000.513245,51406.404979
2025-02-01,54168.453639,48864.123495
2025-02-02,52561.535015,47463.701983
2025-02-03,54513.310021,49034.201173
2025-02-04,52595.180650,47387.086036
2025-02-05,51976.120331,46920.952893
2025-02-06,51944.874113,46897.527171
2025-02-07,51919.292886,46878.346615
2025-02-08,51885.905484,46853.310974
2025-02-09,51895.594609,46860.577186
2025-02-10,52416.402572,47251.136790
2025-02-11,51527.316395,46585.524283
2025-02-12,52652.669818,47348.754947
2025-02-13,51973.812372,46889.705199
2025-02-14,52453.878666,47215.382241
2025-02-15,52491.096527,47240.573525
2025-02-16,51710.188546,46712.101041
2025-02-17,51528.284770,46588.538168
2025-02-18,51470.042422,46548.940896
2025-02-19,51993.303599,46958.640502
2025-02-20,52886.699042,47661.949610
2025-02-21,51744.544322,46660.183938
2025-02-22,51943.077240,46834.005310
2025-02-23,51785.442006,46696.006390
2025-02-24,49254.154021,44681.316506
2025-02-25,47708.800425,43445.208337
2025-02-26,45325.356331,41907.938504
2025-02-27,45572.017464,42044.688544
2025-02-28,45379.074218,41936.350408
2025-03-01,46301.499378,42455.156466
2025-03-02,50715.926135,45266.444535
2025-03-03,46385.468209,42580.205445
2025-03-04,46956.470252,42883.939886
2025-03-05,48744.751359,43837.684062
2025-03-06,48382.084337,43628.320442
2025-03-07,46698.113307,42659.112819
2025-03-08,46386.458103,42504.002169
2025-03-09,43433.948716,41050.518314
2025-03-10,42874.945123,40531.687911
2025-03-11,43881.268951,41483.012822
2025-03-12,44049.592023,41642.136482
2025-03-13,43474.826353,41098.783653
2025-03-14,44129.190407,41717.384552
2025-03-15,44208.669156,41792.519525
2025-03-16,43814.979579,41420.346382
2025-03-17,44139.300763,41726.942344
2025-03-18,43849.593292,41453.068342
2025-03-19,44782.036711,42334.550652
2025-03-20,44280.423852,41860.352590
2025-03-21,44254.240100,41835.599867
2025-03-22,44211.441630,41795.140474
2025-03-23,44588.583522,42151.670318
2025-03-24,44822.507110,42372.809209
2025-03-25,44805.300687,42356.543174
2025-03-26,44726.189895,42281.756048
2025-03-27,44796.299395,42348.033833
2025-03-28,44164.793869,41751.042167
2025-03-29,43757.898091,41366.384586
2025-03-30,43697.941514,41309.704834
2025-03-31,43735.114874,41344.846547
2025-04-01,44340.381461,41917.033318
2025-04-02,43737.843668,41347.426203
2025-04-03,43899.613241,41500.354535
2025-04-04,44055.995536,41648.190022
2025-04-05,43975.055927,41571.674029
2025-04-06,42797.332160,40458.316753
2025-04-07,42932.051380,40585.673122
2025-04-08,42405.387788,40087.793433
2025-04-09,43600.598112,41217.681570
2025-04-10,42904.891402,40559.997527
2025-04-11,43661.469152,41275.225807
2025-04-12,44088.078765,41678.519796
2025-04-13,43741.821512,41351.186645
2025-04-14,43933.563130,41532.448952
2025-04-15,43716.272041,41327.033537
2025-04-16,43805.435399,41411.323823
2025-04-17,44016.620903,41610.967343
2025-04-18,43908.358104,41508.621463
2025-04-19,44046.587380,41639.296053
2025-04-20,44069.955866,41661.387374
2025-04-21,44603.804169,42166.059106
2025-04-22,47612.000668,43602.545975
2025-04-23,47738.409950,43672.050923
2025-04-24,47885.862818,43756.073294
2025-04-25,48221.240517,43946.958063
2025-04-26,48215.798737,43943.868924
2025-04-27,47768.074783,43654.256561
2025-04-28,48411.040418,44068.685817
2025-04-29,48026.671416,43821.907029
2025-04-30,47983.453087,43794.093856
2025-05-01,49164.497620,44554.357296
2025-05-02,49366.898196,44683.724475
2025-05-03,48841.715501,44348.452140
2025-05-04,48037.269639,43833.273124
2025-05-05,48269.645861,43982.824723
2025-05-06,49339.831966,44670.592935
2025-05-07,49439.944407,44745.293520
2025-05-08,52614.876389,47225.163806
2025-05-09,52467.311424,47089.943508
2025-05-10,53403.593062,47927.773805
2025-05-11,53051.237825,47612.485614
2025-05-12,52375.254651,47007.602563
2025-05-13,53043.961738,47605.997730
2025-05-14,51839.387033,46534.944422
2025-05-15,51941.623654,46624.070040
2025-05-16,51791.545961,46493.246008
2025-05-17,51622.726702,46346.072479
2025-05-18,53288.448430,47798.355197
2025-05-19,52847.681244,47414.412992
2025-05-20,53486.541373,47971.043427
2025-05-21,54885.150738,49189.213155
2025-05-22,55912.442832,50083.312306
2025-05-23,53720.966123,48176.981975
2025-05-24,53943.026646,48370.376358
2025-05-25,54564.882208,48911.891246
2025-05-26,54780.430237,49099.529772
2025-05-27,54531.834180,48883.146914
2025-05-28,53952.973091,48379.228614
2025-05-29,52855.695466,47423.715166
2025-05-30,52052.636395,46768.805246
2025-05-31,52356.185686,46998.977349
2025-06-01,52882.316098,47399.909991
2025-06-02,52989.969974,47487.498485
2025-06-03,52749.142857,47287.462678
2025-06-04,52408.736155,46980.572733
2025-06-05,50812.809740,45672.257605
2025-06-06,52204.290902,46814.249830
2025-06-07,52836.873808,47332.209406
2025-06-08,52927.903555,47411.698297
2025-06-09,55195.022304,49442.535396
2025-06-10,55200.713853,49447.633766
2025-06-11,54326.390534,48664.433401
2025-06-12,52319.116674,46866.359865
2025-06-13,52488.456199,47016.574424
2025-06-14,52165.830111,46730.394255
2025-06-15,52254.593730,46809.135303
2025-06-16,52848.686945,47336.138932
2025-06-17,51738.530551,46351.457691
2025-06-18,51904.611602,46498.798233
2025-06-19,51791.688760,46398.620672
2025-06-20,51118.377838,45801.291772
2025-06-21,50535.438840,45284.070184
2025-06-22,49963.307656,44823.029153
2025-06-23,52125.889699,46559.558269
2025-06-24,52496.576905,46880.966697
2025-06-25,53118.907016,47423.632742
2025-06-26,52924.168434,47253.869386
2025-06-27,52973.917036,47297.241488
2025-06-28,53097.236955,47404.752566
2025-06-29,53621.861268,47862.098304
2025-06-30,53022.863959,47340.037627
2025-07-01,52297.711164,46707.856972
2025-07-02,53865.665540,48075.229787
2025-07-03,54229.479095,48392.284691
2025-07-04,53437.430688,47702.142340
2025-07-05,53543.272037,47794.398196
2025-07-06,54040.965893,48228.189289
2025-07-07,53575.349072,47822.444663
2025-07-08,53901.978604,48107.132212
2025-07-09,55045.612497,49103.771581
2025-07-10,57409.084271,51162.451475
2025-07-11,57823.298674,51532.198220
2025-07-12,57650.800961,51378.468037
2025-07-13,58440.261465,52082.036254
2025-07-14,58810.542421,52412.031119
2025-07-15,59482.571454,53010.944258
2025-07-16,61915.652870,55179.309549
2025-07-17,63027.382129,56170.084095
2025-07-18,63331.049841,56440.713151
2025-07-19,63710.814372,56779.159790
2025-07-20,65015.857718,57942.216100
2025-07-21,65096.609106,58014.181841
2025-07-22,65977.424551,58799.165700
2025-07-23,64824.146053,57771.362417
2025-07-24,65397.266620,58282.128204
2025-07-25,65598.229434,58461.226523
2025-07-26,65922.428700,58750.153326
2025-07-27,68025.470223,60624.386639
2025-07-28,66898.422417,59619.960183
2025-07-29,66457.826163,59227.300234
2025-07-30,66283.281637,59071.745928
2025-07-31,64935.674801,57870.756981
2025-08-01,62382.531399,55601.692058
2025-08-02,61332.752122,54739.599284
2025-08-03,62714.595216,55873.048780
2025-08-04,64957.917022,57709.839196
2025-08-05,63745.391212,56636.859465
2025-08-06,64615.512244,57361.408101
2025-08-07,67303.315814,59602.438007
2025-08-08,67828.799124,60069.606596
2025-08-09,69429.541963,61487.234415
2025-08-10,70208.872450,62177.414344
2025-08-11,69855.359885,61864.341416
2025-08-12,73131.171389,64765.420470
2025-08-13,75131.314741,66536.759868
2025-08-14,72619.939871,64312.670656
2025-08-15,71506.469213,63326.574112
2025-08-16,71650.877241,63454.462761
2025-08-17,72303.186218,64032.151649
2025-08-18,70922.904248,62809.765348
2025-08-19,68319.291622,60503.989804
2025-08-20,70998.131799,62876.387335
2025-08-21,69343.218001,61410.785377
2025-08-22,74930.216015,66358.665585
2025-08-23,73838.832321,65392.129395
2025-08-24,73225.556957,64849.008916
2025-08-25,69546.583057,61769.862119
2025-08-26,71631.311000,63367.449642
2025-08-27,70853.192997,62766.075613
2025-08-28,71615.061028,63390.489347
2025-08-29,69459.145703,61671.648057
2025-08-30,69645.692567,61782.786676
2025-08-31,69466.547160,61664.066354
2025-09-01,69182.482390,61506.072955
2025-09-02,69991.686008,62003.150592
2025-09-03,70693.878009,62458.082282
2025-09-04,69554.887089,61731.721426
2025-09-05,69706.093272,61828.231123
2025-09-06,69639.131701,61783.850031
2025-09-07,70462.318926,62297.336512
2025-09-08,70719.977279,62451.872399
2025-09-09,70608.934610,62386.703235
2025-09-10,71812.864718,63126.699186
2025-09-11,72922.211861,63821.529263
2025-09-12,74561.193724,64868.643714
2025-09-13,74526.424848,64840.630294
2025-09-14,73928.767209,64423.594494
2025-09-15,73499.683369,64122.784470
2025-09-16,74590.537238,64883.759645
2025-09-17,75468.552712,65557.443267
2025-09-18,75502.716821,65583.676698
2025-09-19,74637.700926,64919.495950
2025-09-20,75830.813968,65765.555537
2025-09-21,75614.464537,65612.864709
2025-09-22,72726.393892,63553.805115
2025-09-23,72790.773543,63589.941126
2025-09-24,73240.752825,63862.059357
2025-09-25,69374.769939,61339.197616
2025-09-26,69595.299832,61533.637424
2025-09-27,69590.484451,61529.379839
2025-09-28,70599.366915,62421.397086
2025-09-29,72219.204058,63443.031305
2025-09-30,71472.803688,62887.049539
2025-10-01,74101.165852,64785.542574
2025-10-02,76457.959195,66740.447388
2025-10-03,78846.890686,68814.314684
2025-10-04,78134.540552,68190.357266
2025-10-05,78866.261584,68829.500097
2025-10-06,81062.901606,70746.588996
2025-10-07,80185.656081,69980.984418
2025-10-08,81234.904318,70858.388436
2025-10-09,79130.198673,69046.514610
2025-10-10,71284.587267,62259.484992
2025-10-11,70762.454922,61958.794669
2025-10-12,75921.741554,64615.193040
2025-10-13,76218.355994,64790.545020
2025-10-14,73720.008923,63339.364044
2025-10-15,71655.558733,62135.163432
2025-10-16,70141.821407,61249.298062
2025-10-17,68156.074935,60222.140622
2025-10-18,68404.858524,60441.252335
2025-10-19,68917.019513,60893.788196
2025-10-20,69307.779803,61099.827218
2025-10-21,67458.964029,59978.294145
2025-10-22,67194.607852,59743.702598
2025-10-23,68039.188423,60494.631460
2025-10-24,68310.959795,60638.061932
2025-10-25,68703.358671,60876.262434
2025-10-26,70775.957210,62129.978921
2025-10-27,70480.474837,61937.157610
2025-10-28,68949.301458,60939.199853
2025-10-29,67808.775048,60191.585617
2025-10-30,66419.042547,59347.715944
2025-10-31,67151.659683,59794.683777
2025-11-01,67504.842758,60006.340280
2025-11-02,67608.059318,60065.434143
2025-11-03,63751.903681,57813.536572
2025-11-04,61989.331335,56213.658723
2025-11-05,62717.172568,56873.685503
2025-11-06,61823.881817,56063.624475
2025-11-07,62418.289210,56602.649718
2025-11-08,62113.851436,56326.577033
2025-11-09,62832.510970,56978.277590
2025-11-10,63212.140807,57322.536539
2025-11-11,62347.510141,56538.465279
2025-11-12,61930.125243,56159.968985
2025-11-13,61431.615864,55707.906742
2025-11-14,60127.865866,54525.629795
2025-11-15,60309.486070,54690.328073
2025-11-16,60064.483782,54468.153149
2025-11-17,59685.114549,54124.130522
2025-11-18,59825.535285,54251.467971
2025-11-19,59562.301948,54012.760622
2025-11-20,58631.486887,53168.671501
2025-11-21,58422.164498,52978.852107
2025-11-22,58367.982393,52929.718259
2025-11-23,58659.675765,53194.233964
2025-11-24,58860.876166,53376.688113
2025-11-25,58691.246049,53222.862780
2025-11-26,59256.873610,53735.789666
2025-11-27,59407.375655,53872.269128
2025-11-28,59329.419706,53801.576494
2025-11-29,59313.841875,53787.450082
2025-11-30,59235.696134,53716.585339
2025-12-01,58513.559084,53061.731273
2025-12-02,59428.876634,53891.766816
2025-12-03,59807.738386,54235.329246
2025-12-04,59573.744229,54023.136802
2025-12-05,58866.236575,53381.549081
2025-12-06,58844.932075,53362.229566
2025-12-07,59075.288161,53571.122904
2025-12-08,59122.390600,53613.836713
2025-12-09,59524.522806,53978.501440
2025-12-10,59352.838746,53822.813534
2025-12-11,59480.143398,53938.256951
2025-12-12,58908.136642,53419.545234
2025-12-13,58900.789207,53412.882374
2025-12-14,58365.899792,52927.829699
2025-12-15,57980.136886,52578.009110
2025-12-16,58300.169073,52868.223245
2025-12-17,57941.844231,52543.284260
2025-12-18,57811.690280,52425.257018
2025-12-19,58176.942794,52756.478210
2025-12-20,58213.993824,52790.077119
2025-12-21,58265.287975,52836.592089
2025-12-22,58258.750451,52830.663681
2025-12-23,58063.818216,52653.893680
2025-12-24,58095.632882,52682.744108
2025-12-25,58018.720401,52612.997720
2025-12-26,58043.799081,52635.739768
2025-12-27,58131.890083,52715.623152
2025-12-28,58144.975202,52727.489104
2025-12-29,58021.362309,52615.393476
2025-12-30,58189.851390,52768.184085
2025-12-31,58077.032115,52665.876413
2026-01-01,58238.709777,52812.490236
2026-01-02,58446.287463,53000.727485
2026-01-03,58579.610302,53121.628363
2026-01-04,58770.799941,53295.004473
2026-01-05,59382.068469,53849.319865
2026-01-06,59347.913775,53818.347433
2026-01-07,58651.378261,53186.709556
2026-01-08,58573.104916,53115.729098
2026-01-09,58464.768568,53017.486668
2026-01-10,58433.323552,52988.971449
2026-01-11,58550.613575,53095.333321
2026-01-12,58615.494455,53154.169117
2026-01-13,59559.167343,54009.918075
2026-01-14,60071.846515,54474.829881
2026-01-15,59621.362981,54066.318818
2026-01-16,59603.233260,54049.878280
2026-01-17,59467.487697,53926.780408
2026-01-18,58970.018011,53475.660989
2026-01-19,58615.902600,53154.539234
2026-01-20,57180.227381,51852.628807
2026-01-21,57461.416113,52107.618611
2026-01-22,57490.279885,52133.793087
2026-01-23,57501.436694,52143.910393
2026-01-24,57398.410645,52050.483491
2026-01-25,56694.628616,51412.274271
2026-01-26,56984.883276,51675.485312
2026-01-27,57141.404934,51817.423527
2026-01-28,57150.267515,51825.460364
2026-01-29,56124.477333,50895.245148
2026-01-30,56067.918827,50843.956313
2026-01-31,55320.210512,50165.913509
2026-02-01,55066.632479,49935.961859
2026-02-02,55324.501053,50169.804292
2026-02-03,54899.879464,49784.745564
2026-02-04,54515.706201,49436.366508
2026-02-05,52959.955640,48025.568404
2026-02-06,54274.565217,49217.693122
2026-02-07,54072.473341,49034.430558
2026-02-08,54237.863694,49184.411155
2026-02-09,54207.659349,49157.021011
2026-02-10,54003.626533,48971.998349
2026-02-11,53722.738744,48717.281449
2026-02-12,53590.617913,48597.470585
2026-02-13,54015.656514,48982.907471
2026-02-14,54170.416940,49123.248553
2026-02-15,54013.990073,48981.396296
2026-02-16,54023.551578,48990.066936
2026-02-17,53801.815879,48788.990806
2026-02-18,53632.653106,48635.589274
2026-02-19,53721.818457,48716.446907
2026-02-20,53887.706464,48866.878790
2026-02-21,53880.596876,48860.431616
2026-02-22,53826.935975,48811.770411
2026-02-23,53342.970273,48372.896782
2026-02-24,53242.549196,48281.832141
2026-02-25,53907.538605,48884.863129
2026-02-26,53826.365164,48811.252783
2026-02-27,53564.430826,48573.723403
2026-02-28,53746.726053,48739.033811
2026-03-01,53551.193797,48561.719694
2026-03-02,54057.320445,49020.689490
2026-03-03,53978.644075,48949.343558
2026-03-04,54674.748034,49580.590088
2026-03-05,54402.693475,49333.883409
2026-03-06,53968.873185,48940.483041
2026-03-07,53831.582074,48815.983624
2026-03-08,53621.118763,48625.129609
2026-03-09,54028.345166,48994.413896
2026-03-10,54272.095447,49215.453466
2026-03-11,54310.516070,49250.294361
2026-03-12,54365.567600,49300.216627
2026-03-13,54426.549360,49355.516592
2026-03-14,54470.594990,49395.458401
2026-03-15,54720.267778,49621.868665
2026-03-16,55123.574538,49987.598511
2026-03-17,54936.672261,49818.110301
2026-03-18,54421.405437,49350.851939
2026-03-19,54224.130555,49171.957560
2026-03-20,54311.662499,49251.333974
2026-03-21,54073.205229,49035.094256
2026-03-22,53911.673775,48888.613017
2026-03-23,54382.298989,49315.389119
2026-03-24,54330.162340,49268.110148
2026-03-25,54446.881835,49373.954649
2026-03-26,54073.569032,49035.424162
2026-03-27,53705.020764,48701.214289
2026-03-28,53700.265356,48696.901952
2026-03-29,53642.691994,48644.692818
2026-03-30,53766.921154,48757.347294
2026-03-31,53999.602808,48968.349522
2026-04-01,53973.384239,48944.573791
2026-04-02,53786.709929,48775.292308
2026-04-03,53796.447641,48784.122737
2026-04-04,53848.936589,48831.721182
2026-04-05,54118.593514,49076.253621
2026-04-06,54091.084761,49051.307915
2026-04-07,54830.368684,49721.711245
2026-04-08,54629.947469,49539.963684
2026-04-09,54799.805426,49693.995628
2026-04-10,55075.772816,49944.250572
2026-04-11,55097.333646,49963.802536
2026-04-12,54412.790462,49343.039639
2026-04-13,55527.688837,50354.060655
2026-04-14,55424.410483,50260.404956
2026-04-15,55664.324697,50477.965872
2026-04-16,55785.496313,50587.847682
2026-04-17,56458.778291,51198.398603
2026-04-18,55897.218698,50689.160664
2026-04-19,55125.162469,49989.038491
2026-04-20,55867.919839,50662.591639
2026-04-21,56046.225825,50824.284493
2026-04-22,56707.328348,51423.790743
2026-04-23,56737.847073,51451.465976
2026-04-24,56397.721348,51143.030460
2026-04-25,56475.967510,51213.986268
2026-04-26,56905.569676,51603.561522
2026-04-27,56373.429193,51121.001654
2026-04-28,55944.867686,50732.370098
2026-04-29,55709.028167,50518.504229
2026-04-30,55919.860587,50709.692962
2026-05-01,56624.257045,51348.459363
2026-05-02,56792.583217,51501.102242
2026-05-03,56742.970423,51456.111973
2026-05-04,57216.811532,51885.804338
2026-05-05,57597.936329,52231.418960
2026-05-06,57818.670333,52431.586726
2026-05-07,56783.499144,51895.673552
2026-05-08,56855.452075,51965.811720
2026-05-09,57069.553927,52162.655312
2026-05-10,57743.849724,52786.921534
2026-05-11,57406.740617,52598.940321
2026-05-12,56830.182445,52095.498455
2026-05-13,56330.599670,51609.714544
2026-05-14,56986.946649,52210.073288
2026-05-15,56262.044068,51545.934934
2026-05-16,55903.882500,51217.795899
2026-05-17,55686.568859,51018.698355
2026-05-18,55543.986686,50888.067989
2026-05-19,55482.297494,50831.549831
2026-05-20,55739.643535,51067.324099
2026-05-21,55763.347376,51089.040990
2026-05-22,54927.980961,50323.698322
2026-05-23,55289.126000,50654.570743
2026-05-24,55394.322421,50750.949180
2026-05-25,55481.896275,50831.182244
2026-05-26,55008.487879,50397.456830
2026-05-27,54500.053606,49931.641547
2026-05-28,54211.452118,49667.231788
2026-05-29,54162.529136,49622.409726
2026-05-30,54290.116793,49739.302475
2026-05-31,54227.082619,49681.552078
2026-06-01,53545.888092,49057.457996
2026-06-02,52122.065921,47752.986283
2026-06-03,51551.883489,47230.598818
2026-06-04,51508.235669,47190.609732
2026-06-05,51047.123432,46768.149765
2026-06-06,51018.082407,46741.543074
2026-06-07,51432.599597,47121.313779
2026-06-08,51392.215679,47084.315002
2026-06-09,51168.938807,46879.754088
2026-06-10,51132.244650,46846.135782
2026-06-11,51487.610219,47171.713190
2026-06-12,51480.089489,47164.822878
2026-06-13,51623.782635,47296.471090
2026-06-14,51832.356535,47487.561494
2026-06-15,51925.144321,47572.571437
2026-06-16,51821.702248,47477.800292
2026-06-17,51635.798723,47307.479942
2026-06-18,51384.799881,47077.520825
2026-06-19,51481.456146,47166.074976
2026-06-20,51604.945256,47279.212736
2026-06-21,51444.988589,47132.664275
2026-06-22,51561.274064,47239.202237
2026-06-23,51352.015834,47047.484868
2026-06-24,51077.930487,46796.374449
2026-06-25,50860.893860,46597.530698
2026-06-26,50913.034777,46645.300956
2026-06-27,50901.344441,46634.590551
2026-06-28,50823.876894,46563.616643
2026-06-29,50941.680824,46671.545777
2026-06-30,50662.223168,46415.513377
2026-07-01,50906.641683,46639.443756
2026-07-02,51169.949385,46880.679956
2026-07-03,51341.868912,47038.188502
2026-07-04,51434.852352,47123.377698
2026-07-05,51518.161004,47199.703086
2026-07-06,51582.295694,47258.461751
2026-07-07,51426.240362,47115.487599
2026-07-08,51180.449018,46890.299467
2026-07-09,51344.308995,47040.424047
2026-07-10,51506.517571,47189.035652
2026-07-11,51447.532120,47134.994598
2026-07-12,51440.791522,47128.819024
2026-07-13,51190.840754,46899.820127
2026-07-14,51667.892674,47336.883650
2026-07-15,51592.741645,47268.032081
2026-07-16,51358.691546,47053.600995
2026-07-17,51384.590308,47077.328820
2026-07-18,51614.703613,47288.153109
2026-07-19,51577.186768,47253.781075
2026-07-20,51746.397623,47408.808001
2026-07-21,52213.653760,47836.896863
2026-07-22,52056.193539,47692.635587
2026-07-23,51692.829986,47359.730618
2026-07-24,51414.447919,47104.683646
2026-07-25,51482.727844,47167.240075
2026-07-26,51779.835841,47439.443295
2026-07-27,51239.068451,46944.005186
2026-07-28,51284.209537,46985.362365
2026-07-29,51304.399589,47003.860007
2026-07-30,51536.139699,47216.174735
2026-07-31,50989.409869,46715.273982
2026-08-01,50971.882132,46699.215491
2026-08-02,51160.169699,46871.720042
2026-08-03,51137.248752,46850.720420
