date,BTC,ETH,SOL,BNB,XRP
2020-10-01,10619.13,352.85,2.8669,27.4673,0.23819
2020-10-02,10570.4,345.6,2.6232,27.3369,0.23386
2020-10-03,10542.06,345.95,2.5439,28.1867,0.23273
2020-10-04,10666.63,352.37,2.5202,28.9668,0.24794
2020-10-05,10792.21,353.62,2.6522,28.6158,0.2503
2020-10-06,10599.66,340.75,2.174,27.6812,0.24545
2020-10-07,10666.39,341.58,2.3005,27.6898,0.2487
2020-10-08,10925.57,350.95,2.3638,27.7424,0.25141
2020-10-09,11050.64,365.02,2.5314,28.4076,0.25293
2020-10-10,11293.22,370.52,2.3999,28.4414,0.25402
2020-10-11,11369.02,374.16,2.4227,28.5271,0.25544
2020-10-12,11528.25,386.51,2.5836,30.6503,0.25603
2020-10-13,11420.56,381.04,2.4062,30.7256,0.2565
2020-10-14,11417.89,378.69,2.3107,30.838,0.24906
2020-10-15,11505.12,377.64,2.2682,31.3256,0.24596
2020-10-16,11319.32,365.5,2.1398,30.0516,0.24011
2020-10-17,11360.2,368.32,2.2053,30.2414,0.24057
2020-10-18,11503.14,378.11,2.215,30.6593,0.24221
2020-10-19,11751.47,379.3,2.0592,29.9107,0.24558
2020-10-20,11909.99,368.52,1.885,28.8227,0.24322
2020-10-21,12780.96,390.38,1.8887,29.7329,0.25088
2020-10-22,12968.52,413.98,1.9582,30.6396,0.25709
2020-10-23,12923.07,409.11,1.959,30.6377,0.25471
2020-10-24,13111.73,412.14,1.9142,30.6639,0.2562
2020-10-25,13028.83,405.86,1.7926,30.128,0.25313
2020-10-26,13052.19,392.52,1.6799,31.0467,0.2481
2020-10-27,13636.17,403.45,1.711,31.4826,0.25273
2020-10-28,13266.4,388.23,1.518,30.3338,0.2454
2020-10-29,13455.7,387.13,1.4327,29.8702,0.24239
2020-10-30,13560.1,382.49,1.4381,28.4909,0.23905
2020-10-31,13791,386.46,1.5497,28.5058,0.23968
2020-11-01,13761.5,396.67,1.608,28.5318,0.23999
2020-11-02,13549.37,383.02,1.4738,27.7983,0.23523
2020-11-03,14023.53,387.88,1.4118,26.8638,0.2396
2020-11-04,14144.01,402.49,1.3912,26.96,0.23758
2020-11-05,15590.02,416.69,1.4007,27.6875,0.24561
2020-11-06,15579.92,455.91,1.9,29.0435,0.25863
2020-11-07,14818.3,435.21,2.0215,27.7651,0.2491
2020-11-08,15475.1,454.3,2.1558,28.4101,0.25374
2020-11-09,15328.41,444.32,2.0299,28.0941,0.25059
2020-11-10,15297.21,450.34,2.2661,28.2188,0.2538
2020-11-11,15684.24,463.09,2,28.016,0.25581
2020-11-12,16291.86,462.39,1.9089,27.6874,0.2549
2020-11-13,16320.7,476.43,2.0141,28.1974,0.2659
2020-11-14,16070.45,460.89,1.9182,27.9311,0.26824
2020-11-15,15957,448.08,2.0407,27.6786,0.26954
2020-11-16,16713.57,460.55,2.2626,27.9451,0.28813
2020-11-17,17659.38,482.15,2.1998,28.5552,0.30247
2020-11-18,17776.12,478.41,2.1153,28.0931,0.29335
2020-11-19,17802.82,471.25,2.085,28.1387,0.30358
2020-11-20,18655.67,510.12,2.1033,28.9715,0.32991
2020-11-21,18703.8,552.35,2.3822,30.5161,0.46283
2020-11-22,18414.43,560.03,2.1514,30.0226,0.44611
2020-11-23,18368,608.58,2.2786,30.995,0.61579
2020-11-24,19160.01,604.97,2.2823,33.9407,0.694
2020-11-25,18719.11,569.5,2.2661,31.2953,0.63022
2020-11-26,17149.47,519.83,1.9111,28.2356,0.53654
2020-11-27,17139.52,518.68,1.861,28.4606,0.5623
2020-11-28,17719.85,537.52,1.8868,29.1766,0.62579
2020-11-29,18184.99,576.3,1.9153,30.1045,0.60543
2020-11-30,19695.87,616.66,1.9665,31.4935,0.66417
2020-12-01,18764.96,585.26,1.9738,30.1996,0.61088
2020-12-02,19204.09,596.89,2.1209,30.2875,0.62972
2020-12-03,19421.9,615.85,2.0967,30.7065,0.63046
2020-12-04,18650.52,567.24,1.8535,29.0231,0.55367
2020-12-05,19147.66,596.8,1.9795,29.728,0.58517
2020-12-06,19359.4,601.54,1.8505,29.5026,0.62107
2020-12-07,19166.9,591.28,1.8272,29.37,0.60818
2020-12-08,18324.11,554.94,1.6631,27.6705,0.5589
2020-12-09,18541.28,573.09,1.6592,28.1452,0.58265
2020-12-10,18254.63,558.99,1.5683,27.6926,0.57267
2020-12-11,18036.53,544.43,1.4389,27.3419,0.54945
2020-12-12,18808.69,568.04,1.4912,28.1603,0.50658
2020-12-13,19174.99,590.7,1.5701,29.1571,0.51365
2020-12-14,19273.14,586.29,1.5946,30.0338,0.4974
2020-12-15,19426.43,588.64,1.7586,29.5053,0.46793
2020-12-16,21335.52,637.18,1.7829,30.5577,0.56941
2020-12-17,22797.16,642.7,1.68,30.2255,0.5769
2020-12-18,23107.39,653.85,1.7014,30.9882,0.58337
2020-12-19,23821.61,658.03,1.6707,33.3167,0.57666
2020-12-20,23455.52,638.18,1.5635,34.3148,0.55586
2020-12-21,22719.71,607.58,1.5331,32.05,0.51445
2020-12-22,23810.79,636.45,1.49,33.5151,0.44642
2020-12-23,23232.76,585.56,1.198,31.1843,0.2605
2020-12-24,23729.2,612.31,1.3612,32.4895,0.33863
2020-12-25,24712.47,626.82,1.4464,33.1996,0.31768
2020-12-26,26493.39,637.44,1.3258,33.6361,0.29481
2020-12-27,26281.66,685.11,1.3037,33.674,0.28407
2020-12-28,27079.41,730.41,1.5172,35.951,0.24845
2020-12-29,27385,732,1.6704,39.0667,0.22142
2020-12-30,28875.54,752.17,1.535,38.1558,0.21138
2020-12-31,28923.63,736.42,1.5073,37.3588,0.21959
2021-01-01,29331.69,728.91,1.8421,37.7762,0.23746
2021-01-02,32178.33,774.56,1.7999,38.2331,0.22064
2021-01-03,33000.05,978.28,2.1779,41.2575,0.2254
2021-01-04,31988.71,1041.43,2.4909,41.1333,0.23565
2021-01-05,33949.53,1099.56,2.1636,41.8219,0.22573
2021-01-06,36769.36,1208.42,1.9414,42.2417,0.24854
2021-01-07,39432.28,1224.87,2.3635,43.5728,0.32389
2021-01-08,40582.81,1216.93,3.2214,42.356,0.32032
2021-01-09,40088.22,1276,3.3829,43.8479,0.32419
2021-01-10,38150.02,1254.25,3.449,42.4031,0.31491
2021-01-11,35404.47,1087.01,3.1016,38.1674,0.28743
2021-01-12,34051.24,1050.16,3.6354,38.2541,0.29254
2021-01-13,37371.38,1129.89,3.5242,40.1114,0.30582
2021-01-14,39144.5,1231.62,3.2921,41.8723,0.29642
2021-01-15,36742.22,1168.53,3.2475,40.8668,0.27991
2021-01-16,35994.98,1227.83,3.4247,43.142,0.27924
2021-01-17,35828.61,1232.45,3.8268,45.8675,0.27746
2021-01-18,36631.27,1258.45,3.7868,45.3412,0.28528
2021-01-19,35891.49,1365.36,3.6287,42.5241,0.29396
2021-01-20,35468.23,1376.99,3.7166,42.6069,0.29539
2021-01-21,30850.13,1110.96,2.9899,38.6343,0.26802
2021-01-22,32945.17,1232.62,3.3352,40.8936,0.27217
2021-01-23,32078,1233.6,3.5079,40.9109,0.27167
2021-01-24,32259.9,1392.51,3.6278,41.8263,0.27339
2021-01-25,32254.2,1317.88,3.7038,41.8347,0.26757
2021-01-26,32467.77,1365.97,4.041,41.8396,0.26834
2021-01-27,30366.15,1239.03,3.675,40.8826,0.25039
2021-01-28,33364.86,1329.69,3.81,42.5254,0.26407
2021-01-29,34252.2,1379.5,3.8293,42.8618,0.2829
2021-01-30,34262.88,1378.05,4.228,44.7849,0.44372
2021-01-31,33092.98,1312.55,4.2525,44.3292,0.49507
2021-02-01,33526.37,1374.17,4.6148,51.4781,0.37106
2021-02-02,35466.24,1511.87,5.2331,51.0071,0.37254
2021-02-03,37618.87,1664.49,5.7311,52.12,0.39721
2021-02-04,36936.66,1595.67,6.4085,55.9599,0.44545
2021-02-05,38290.24,1719.19,6.7005,67.7005,0.45219
2021-02-06,39186.94,1676.35,6.1225,72.8356,0.44307
2021-02-07,38795.69,1611.62,6.6976,68.3542,0.41849
2021-02-08,46374.87,1750.15,7.855,79.8374,0.45099
2021-02-09,46420.42,1769.13,7.8005,107.3469,0.47636
2021-02-10,44807.58,1740.78,9.09,128.9711,0.50429
2021-02-11,47969.51,1785.62,9.2004,124.085,0.52806
2021-02-12,47287.6,1840.26,9.2,136.6139,0.609
2021-02-13,47153.69,1814.96,8.7441,133.3496,0.63309
2021-02-14,48577.79,1800.42,8.7158,135.8623,0.59211
2021-02-15,47911.1,1779.25,8.8516,130.303,0.54976
2021-02-16,49133.45,1781.99,8.3002,130.183,0.51995
2021-02-17,52119.71,1849.88,8.2357,165.3233,0.53467
2021-02-18,51552.6,1939.61,8.9771,195.6,0.53204
2021-02-19,55906,1955,11.4912,333.111,0.56465
2021-02-20,55841.19,1913,9.9869,253,0.51167
2021-02-21,57408.57,1933.53,11.0753,295.2597,0.54468
2021-02-22,54087.67,1777.58,14.4191,267.5147,0.56646
2021-02-23,48891,1577.89,15.2244,231.3646,0.47579
2021-02-24,49676.2,1623.39,17.1691,254.5056,0.4686
2021-02-25,47073.73,1481.75,13.8442,234.9146,0.43601
2021-02-26,46276.87,1444.59,13.5962,221.717,0.42788
2021-02-27,46106.43,1458.13,13.1916,225.3853,0.43589
2021-02-28,45135.66,1419.18,13.0887,210.2138,0.41565
2021-03-01,49587.03,1569.86,14.9855,254.9637,0.44537
2021-03-02,48440.65,1486.78,13.9438,239.6841,0.4357
2021-03-03,50349.37,1567.69,14.0742,240.5701,0.44846
2021-03-04,48374.09,1539.23,13.0508,229.6369,0.48096
2021-03-05,48751.71,1528.31,12.5382,225.4714,0.45457
2021-03-06,48882.2,1650.35,13.0421,226.3814,0.46285
2021-03-07,50971.75,1726.16,13.8174,240.11,0.46558
2021-03-08,52375.17,1833.18,13.6028,240.5509,0.47412
2021-03-09,54884.5,1870.51,14.839,293.2052,0.4849
2021-03-10,55851.59,1795.12,14.2048,278.4499,0.46155
2021-03-11,57773.16,1825.78,16.031,290.0301,0.45187
2021-03-12,57221.72,1766.1,14.5597,263.2201,0.43934
2021-03-13,61188.39,1922.35,15.3033,276.2822,0.45787
2021-03-14,58968.31,1848.1,14.4605,263.238,0.43905
2021-03-15,55605.2,1793.48,14.1577,254.5144,0.43574
2021-03-16,56900.75,1805.12,13.6392,258.5352,0.46024
2021-03-17,58912.97,1823.58,14.2018,269.7896,0.4698
2021-03-18,57648.16,1776.08,14.204,261.4816,0.46893
2021-03-19,58030.01,1809.1,14.1552,262.935,0.46651
2021-03-20,58102.28,1806.1,14.1894,264.3023,0.52613
2021-03-21,57351.56,1782.98,14.3372,264.6513,0.51651
2021-03-22,54083.25,1680.97,14.7964,254.7976,0.5441
2021-03-23,54340.89,1668.08,14.1552,255.4646,0.5498
2021-03-24,52303.65,1581.84,13.5973,248.5236,0.48021
2021-03-25,51293.78,1585.74,12.9787,233.9466,0.51058
2021-03-26,55025.59,1698.84,14.7664,255.2105,0.56357
2021-03-27,55817.14,1712.63,16.4589,269.2234,0.54752
2021-03-28,55777.63,1687.01,18.0645,268.4263,0.54552
2021-03-29,57635.47,1816.74,18.9504,275.2991,0.56538
2021-03-30,58746.57,1840.46,19.0685,311.2962,0.5621
2021-03-31,58740.55,1919.37,19.3861,302.3724,0.56982
2021-04-01,58720.44,1968.05,19.0443,334.7991,0.57087
2021-04-02,58950.01,2133.69,19.7501,338.2932,0.60701
2021-04-03,57051.94,2008.52,22.5,321.9497,0.57831
2021-04-04,58202.01,2075.69,23.7755,348.8617,0.635
2021-04-05,59129.99,2107.38,22.9717,368.0263,0.91584
2021-04-06,57991.15,2112.21,25.0548,403.3648,1.09663
2021-04-07,55953.45,1963.47,26.5385,375.5538,0.91542
2021-04-08,58077.52,2080.46,26.9384,418.7048,1.05599
2021-04-09,58142.54,2066.87,27.6172,453.9937,1.01721
2021-04-10,59769.13,2133.49,26.8021,471.2975,1.3728
2021-04-11,60002.43,2151.36,27.8517,525.9275,1.35118
2021-04-12,59860,2137.69,28.5424,596.7104,1.46843
2021-04-13,63575,2299.19,27.4507,551.6442,1.79611
2021-04-14,62959.53,2432.6,26.4067,550.0182,1.83468
2021-04-15,63159.98,2514.04,27.7816,541.8824,1.75781
2021-04-16,61334.8,2422.67,25.2996,508.2743,1.54805
2021-04-17,60006.66,2317.6,24.85,514.6861,1.53896
2021-04-18,56150.01,2235.64,32.3358,481.4367,1.40797
2021-04-19,55633.14,2161.12,31.4711,504.0322,1.30945
2021-04-20,56425,2330.03,31.7028,586.3635,1.38501
2021-04-21,53787.63,2357.06,32.5534,543.6327,1.29097
2021-04-22,51690.96,2397.94,38.9,505.2411,1.15489
2021-04-23,51125.14,2367.39,37.3893,526.5357,1.17073
2021-04-24,50047.84,2213.35,40.8401,496.992,1.04833
2021-04-25,49066.77,2320.49,47.405,505,1.0351
2021-04-26,54001.39,2532.6,43.878,535.33,1.3629
2021-04-27,55011.97,2666.13,43.147,568.78,1.4017
2021-04-28,54846.22,2748.24,44.833,562.78,1.3576
2021-04-29,53555,2757.04,42.484,599.7,1.3978
2021-04-30,57694.27,2772.42,42.786,622.65,1.5988
2021-05-01,57800.37,2944.77,49.67,620,1.651
2021-05-02,56578.21,2949.56,46.897,621.78,1.5605
2021-05-03,57169.39,3431.04,45.912,676.15,1.5546
2021-05-04,53200.01,3239.01,42.636,609.3,1.3877
2021-05-05,57436.11,3524.26,44.98,651.1,1.6133
2021-05-06,56393.68,3489.73,43.496,633.99,1.6028
2021-05-07,57314.75,3479.53,43.182,624.3,1.5793
2021-05-08,58862.05,3910.26,45.612,646.1,1.5611
2021-05-09,58240.84,3923.95,44.33,661.74,1.5345
2021-05-10,55816.14,3945.88,42.854,631.1,1.3906
2021-05-11,56670.02,4173.45,44.538,671.91,1.4786
2021-05-12,49631.32,3823.21,43.709,594.65,1.2691
2021-05-13,49670.97,3717.91,41.049,571.1,1.364
2021-05-14,49841.45,4075.01,42.7,602.61,1.4
2021-05-15,46762.99,3646.68,43.486,563.41,1.4904
2021-05-16,46431.5,3582.1,46.85,564.32,1.4496
2021-05-17,43538.04,3282.51,46.708,512.07,1.4946
2021-05-18,42849.78,3375.07,55.977,507.88,1.5889
2021-05-19,36690.09,2438.92,34.988,334.8,1.0568
2021-05-20,40526.64,2768.62,44.42,391.17,1.1795
2021-05-21,37252.01,2430.98,38.925,326.01,1.0062
2021-05-22,37449.73,2294.87,31.222,299.76,0.9052
2021-05-23,34655.25,2096.39,24.536,260.72,0.7898
2021-05-24,38796.29,2648.43,31.416,345.64,0.993
2021-05-25,38324.72,2705.11,29.973,343.18,0.9746
2021-05-26,39241.91,2884.94,35.43,379.16,1.0316
2021-05-27,38529.98,2742.23,33.747,369.67,0.9747
2021-05-28,35663.49,2412.1,28.989,328.82,0.8985
2021-05-29,34605.15,2278.74,27.388,305.04,0.8318
2021-05-30,35641.27,2385.98,28.588,325.57,0.9058
2021-05-31,37253.81,2706.15,32.75,353.33,1.0409
2021-06-01,36693.09,2634.57,30.938,362.39,1.0108
2021-06-02,37568.68,2706.22,33.994,401.54,1.0241
2021-06-03,39246.79,2857.25,39.602,428.48,1.045
2021-06-04,36829,2689.51,37.338,390.7,0.9683
2021-06-05,35513.2,2627.73,39.633,390.08,0.923
2021-06-06,35796.31,2711.92,42.205,393.73,0.947
2021-06-07,33552.79,2592.05,38.235,357.96,0.8618
2021-06-08,33380.81,2507.23,41.245,352.5,0.8731
2021-06-09,37388.05,2610.18,42.032,375.54,0.9218
2021-06-10,36675.72,2471.09,41.105,351.94,0.8686
2021-06-11,37331.98,2354.01,36.157,345.75,0.8471
2021-06-12,35546.11,2370.74,36.476,343.7,0.8326
2021-06-13,39020.57,2509.33,38.706,365.8,0.8832
2021-06-14,40516.29,2580.77,39.694,370.19,0.8906
2021-06-15,40144.04,2543.54,39.536,366.48,0.8663
2021-06-16,38349.01,2367.89,39.728,347.22,0.832
2021-06-17,38092.97,2373.28,39.265,352.85,0.8419
2021-06-18,35819.84,2234.09,36.82,337.16,0.7972
2021-06-19,35483.72,2164.67,35.19,334.01,0.7582
2021-06-20,35600.16,2243.47,35.257,339.08,0.7741
2021-06-21,31608.93,1885.49,26.59,270.76,0.6067
2021-06-22,32509.56,1879.28,26.958,262.1,0.5468
2021-06-23,33678.07,1968.14,30.837,296.25,0.6383
2021-06-24,34663.09,1989.52,31.141,308.62,0.6731
2021-06-25,31584.45,1808.82,28.641,280.81,0.6111
2021-06-26,32283.65,1829.64,29.698,279.65,0.6162
2021-06-27,34700.34,1982.28,31.897,290.87,0.6484
2021-06-28,34494.89,2084.41,33.001,290,0.6444
2021-06-29,35911.73,2165.33,33.97,300.79,0.7063
2021-06-30,35045,2275.68,35.51,303.71,0.7063
2021-07-01,33504.69,2106.41,33.271,287.43,0.6591
2021-07-02,33786.55,2154.13,34,287.17,0.6556
2021-07-03,34669.13,2226.99,34.498,298.13,0.6732
2021-07-04,35286.51,2322.69,34.28,307.62,0.696
2021-07-05,33690.14,2196.53,32.908,302.02,0.6526
2021-07-06,34220.01,2322.5,34.226,319.92,0.6648
2021-07-07,33862.12,2316.57,36.673,327.51,0.6522
2021-07-08,32875.71,2116.33,33.142,310.14,0.6215
2021-07-09,33815.81,2146.99,33.315,317.09,0.6369
2021-07-10,33502.87,2110.69,31.693,316.12,0.6246
2021-07-11,34258.99,2140.45,32.182,322.16,0.6364
2021-07-12,33086.63,2031.58,30.77,316.12,0.6288
2021-07-13,32729.77,1940.15,29.136,308.94,0.6192
2021-07-14,32820.02,1994.58,31.365,309.4,0.6197
2021-07-15,31880,1919.51,28.545,316.11,0.5979
2021-07-16,31383.87,1876.26,26.271,302.88,0.5893
2021-07-17,31520.07,1899.59,26.802,300.52,0.5821
2021-07-18,31778.56,1891.64,26.673,302.1,0.5866
2021-07-19,30839.65,1818.73,24.509,280.54,0.557
2021-07-20,29790.35,1786.03,23.474,264.44,0.5284
2021-07-21,32144.51,1995.5,26.7,293.26,0.5719
2021-07-22,32287.83,2024.56,27.699,293.36,0.592
2021-07-23,33634.09,2124.25,28.516,299.27,0.6091
2021-07-24,34258.14,2184.75,28.616,301.56,0.6085
2021-07-25,35381.02,2189.79,28.248,302.56,0.6069
2021-07-26,37237.6,2228.08,28.184,304,0.6234
2021-07-27,39457.87,2299.49,28.103,313.48,0.6451
2021-07-28,40019.56,2300.9,27.875,313.8,0.7327
2021-07-29,40016.48,2382.92,31.235,317.03,0.7488
2021-07-30,42206.37,2461.81,32.354,322.58,0.7521
2021-07-31,41461.83,2531.05,36.744,332.38,0.746
2021-08-01,39845.44,2555.69,34.165,332.59,0.7242
2021-08-02,39147.82,2606.93,33.167,330.55,0.738
2021-08-03,38207.05,2509.04,34.105,323.43,0.7136
2021-08-04,39723.18,2724.78,35.76,334.77,0.731
2021-08-05,40862.46,2826.99,37.353,337.91,0.7327
2021-08-06,42836.87,2891.58,39.525,342.39,0.7474
2021-08-07,44572.54,3160.31,39.469,356.18,0.8162
2021-08-08,43794.37,3011.85,37.65,341.79,0.7788
2021-08-09,46253.4,3160.52,38.646,354.32,0.817
2021-08-10,45584.99,3141.66,40.64,371.92,0.8511
2021-08-11,45511,3160.5,41.621,390.96,1.0105
2021-08-12,44399,3045.96,41.102,385.66,0.966
2021-08-13,47800,3322.32,44.83,410.76,1.0901
2021-08-14,47068.51,3263.16,44.14,408.67,1.2791
2021-08-15,46973.82,3307.09,53.531,414.05,1.2839
2021-08-16,45901.29,3146.53,62.016,415.72,1.1855
2021-08-17,44695.95,3011.72,64.123,401.8,1.0978
2021-08-18,44705.29,3014.55,72.663,396.15,1.1431
2021-08-19,46760.62,3184.12,72.764,431.27,1.2347
2021-08-20,49322.47,3284.82,78.643,454.93,1.2629
2021-08-21,48821.87,3223.43,73.801,448.74,1.2158
2021-08-22,49239.22,3238,72.775,448.68,1.226
2021-08-23,49488.85,3321.28,75.623,499.06,1.2457
2021-08-24,47674.01,3170.62,70.527,471.62,1.1353
2021-08-25,48973.32,3226.87,71.973,503.19,1.1735
2021-08-26,46843.87,3093.2,74.92,478.1,1.0712
2021-08-27,49069.9,3273.45,87.98,494.5,1.1918
2021-08-28,48895.35,3244.48,96.22,486.2,1.1459
2021-08-29,48767.83,3223.47,94.23,479.7,1.1408
2021-08-30,46982.91,3229.64,110.25,460.3,1.1002
2021-08-31,47100.89,3429.2,108.27,463.9,1.1856
2021-09-01,48810.52,3826.82,110.71,489.4,1.2362
2021-09-02,49246.64,3785.82,128.23,483.7,1.2533
2021-09-03,49999.14,3938.11,146.4,488.5,1.2907
2021-09-04,49915.64,3885.52,138.88,497.7,1.2548
2021-09-05,51756.88,3950.29,142,504.8,1.3076
2021-09-06,52663.9,3926.77,164.22,496.1,1.3894
2021-09-07,46863.73,3434.57,173.46,418.7,1.1292
2021-09-08,46048.31,3499,191.02,415,1.0998
2021-09-09,46395.14,3424.93,187.9,421.3,1.0868
2021-09-10,44850.91,3208.86,179.6,401.4,1.0552
2021-09-11,45173.69,3267.21,179.04,405.1,1.0787
2021-09-12,46025.24,3404.21,174.29,416.3,1.1181
2021-09-13,44940.73,3285.35,169.53,399.1,1.0643
2021-09-14,47111.52,3434.37,158.88,414.3,1.0963
2021-09-15,48121.41,3613.55,158.79,431.3,1.1207
2021-09-16,47737.82,3567.98,152.29,424.3,1.0902
2021-09-17,47299.98,3399.81,147.58,406.6,1.0661
2021-09-18,48292.74,3435.64,169.22,410.7,1.0751
2021-09-19,47241.75,3328.62,152.76,408.6,1.0483
2021-09-20,43015.62,2977.28,132.77,364.1,0.9216
2021-09-21,40734.38,2765.9,124.29,344.4,0.8743
2021-09-22,43543.61,3076.92,148.02,379,1.0033
2021-09-23,44865.26,3152.5,149.91,383.5,1.0016
2021-09-24,42810.57,2928.53,139.13,355,0.944
2021-09-25,42670.64,2921.73,136.06,349.6,0.94
2021-09-26,43160.9,3059.37,135.64,344,0.9436
2021-09-27,42147.35,2925.59,136.35,335.5,0.9218
2021-09-28,41026.54,2804.91,132.2,333,0.8928
2021-09-29,41524.28,2850.45,135.25,367.7,0.9268
2021-09-30,43824.1,3000.61,141.37,387.5,0.9533
2021-10-01,48141.61,3309.91,161.56,421.5,1.0422
2021-10-02,47634.9,3387.76,168.98,427.1,1.0359
2021-10-03,48200.01,3417.73,172.98,430.5,1.0552
2021-10-04,49224.94,3386.31,167.13,426.3,1.0425
2021-10-05,51471.99,3515.27,164.62,442.1,1.0839
2021-10-06,55315,3574.89,153.87,434.9,1.0765
2021-10-07,53785.22,3587.47,154.26,438.5,1.0678
2021-10-08,53951.43,3563.13,158.86,419.2,1.0636
2021-10-09,54949.72,3574.82,156.84,421.9,1.1604
2021-10-10,54659,3414.22,147.55,404.1,1.1352
2021-10-11,57471.35,3542.12,144.77,413.1,1.1364
2021-10-12,55996.93,3491.46,152.32,444.2,1.1018
2021-10-13,57367,3607.42,148.04,470.8,1.1275
2021-10-14,57347.94,3790.82,150.02,472.7,1.1336
2021-10-15,61672.42,3868.99,163.18,474.5,1.1413
2021-10-16,60875.57,3829.96,157.54,465.8,1.1343
2021-10-17,61528.33,3846.85,160.12,470.9,1.0944
2021-10-18,62009.84,3744.96,157.12,484.9,1.0827
2021-10-19,64280.59,3877.03,155.78,488.1,1.0911
2021-10-20,66001.41,4161.15,176.72,501.3,1.1455
2021-10-21,62193.15,4052.99,190.5,470.9,1.0886
2021-10-22,60688.22,3972.2,196.29,479.3,1.0885
2021-10-23,61286.75,4167.12,197.75,485.5,1.0934
2021-10-24,60852.22,4082.33,202.14,475.8,1.0821
2021-10-25,63078.78,4220.37,209.7,485.1,1.0951
2021-10-26,60328.81,4131.52,199.85,478.1,1.1075
2021-10-27,58413.44,3922,184.49,448.7,0.995
2021-10-28,60575.89,4286.02,195.42,491.9,1.0579
2021-10-29,62253.71,4418.89,200.41,530.3,1.0825
2021-10-30,61859.19,4322.68,195.7,528.3,1.0846
2021-10-31,61299.8,4287.21,202.49,524.6,1.1128
2021-11-01,60911.11,4319.43,203.9,551.3,1.0915
2021-11-02,63219.99,4589.89,220.82,554.4,1.1349
2021-11-03,62896.48,4603.35,243.37,568.4,1.2101
2021-11-04,61395.01,4532.32,247.07,558.7,1.2004
2021-11-05,60937.12,4474.24,236.06,607.3,1.1581
2021-11-06,61470.61,4518,258.44,637.7,1.151
2021-11-07,63273.59,4612.59,249.68,649.6,1.2198
2021-11-08,67525.83,4807.98,248.26,653.5,1.2815
2021-11-09,66947.66,4732.33,239.04,635,1.2571
2021-11-10,64882.43,4628.78,233.09,614.1,1.1902
2021-11-11,64774.26,4719,233.37,628.4,1.2142
2021-11-12,64122.23,4665.46,228.48,626.9,1.1883
2021-11-13,64380,4644.28,241.59,649.5,1.1892
2021-11-14,65519.1,4626.5,238.64,650.8,1.1879
2021-11-15,63606.74,4563.78,238.2,633.8,1.172
2021-11-16,60058.87,4209.76,219.04,588.7,1.0877
2021-11-17,60344.87,4287.8,218.94,578,1.0953
2021-11-18,56891.62,3996.9,195.01,531.8,1.0406
2021-11-19,58052.24,4294.76,215.25,581,1.0892
2021-11-20,59707.51,4412.17,217.63,604.3,1.0965
2021-11-21,58622.02,4258.31,230.51,584,1.0569
2021-11-22,56247.18,4085.97,215.59,559.3,1.0354
2021-11-23,57541.27,4339.44,221.75,591.1,1.0661
2021-11-24,57138.29,4269.36,205.7,590.3,1.0326
2021-11-25,58960.36,4524.85,209.97,639.1,1.0438
2021-11-26,53726.53,4041.2,192.42,587.3,0.9394
2021-11-27,54721.03,4095.29,192.74,599.9,0.9452
2021-11-28,57274.88,4294.78,200.69,611.3,0.9687
2021-11-29,57776.25,4444.53,204.09,623.4,0.9898
2021-11-30,56950.56,4630.26,208.53,622.5,0.9983
2021-12-01,57184.07,4582.95,229.81,627.5,0.9899
2021-12-02,56480.34,4511.21,233.6,619.9,0.9716
2021-12-03,53601.05,4215.73,211.65,595,0.9211
2021-12-04,49152.47,4117.25,200.67,568.6,0.8449
2021-12-05,49396.33,4196.44,196.43,557.8,0.8045
2021-12-06,50441.92,4347.59,193.56,587.5,0.8255
2021-12-07,50588.95,4306.4,190.19,578.7,0.8154
2021-12-08,50471.19,4436.91,194.61,607.2,0.8622
2021-12-09,47545.59,4105.64,181.11,570.2,0.8583
2021-12-10,47140.54,3897.94,167.39,552.4,0.7992
2021-12-11,49389.99,4089.37,172.15,564.5,0.8392
2021-12-12,50053.9,4130,172.8,570.3,0.8393
2021-12-13,46702.75,3781.93,155.21,521,0.7818
2021-12-14,48343.28,3858.99,161.26,528.1,0.8103
2021-12-15,48864.98,4019.08,178.52,541.1,0.8262
2021-12-16,47632.38,3958.11,176.86,526.2,0.8051
2021-12-17,46131.2,3875.42,175.51,525.5,0.7966
2021-12-18,46834.48,3959.93,182.78,533.9,0.8262
2021-12-19,46681.23,3924.14,179.93,529.8,0.835
2021-12-20,46914.16,3944.73,173.9,524,0.8798
2021-12-21,48889.88,4014.15,179.63,528.3,0.9467
2021-12-22,48588.16,3979.51,178.4,533.6,0.9537
2021-12-23,50838.81,4111.41,190.03,549,0.9941
2021-12-24,50820,4046.36,190.36,542.1,0.9115
2021-12-25,50399.66,4094.83,193.1,547.4,0.9252
2021-12-26,50775.49,4063.56,197.81,546.4,0.92
2021-12-27,50701.44,4037.23,195.67,563.7,0.9269
2021-12-28,47543.74,3792.75,177.32,534.2,0.8515
2021-12-29,46464.66,3630.19,170.63,514.5,0.8171
2021-12-30,47120.87,3709.27,172.52,518.5,0.8386
2021-12-31,46216.93,3676.23,169.99,511.4,0.8297
2022-01-01,47722.65,3765.54,179.06,527.3,0.8507
2022-01-02,47286.18,3828.27,176.35,531,0.8586
2022-01-03,46446.1,3765.89,170.15,511.9,0.8324
2022-01-04,45832.01,3785.11,167.72,506.9,0.8228
2022-01-05,43451.13,3540.63,154.52,474.1,0.7726
2022-01-06,43082.31,3406.81,150.26,472.6,0.7791
2022-01-07,41566.48,3199.24,136.45,448.1,0.7634
2022-01-08,41679.74,3080.95,142.14,429.9,0.7452
2022-01-09,41864.62,3151.97,140.82,438.7,0.753
2022-01-10,41822.49,3082.68,135.86,424.7,0.7399
2022-01-11,42729.29,3239.72,140.2,463.6,0.7703
2022-01-12,43902.66,3371.26,151.51,487.8,0.7987
2022-01-13,42560.11,3240.61,146.14,475.2,0.768
2022-01-14,43059.96,3307.42,146.17,490,0.7732
2022-01-15,43084.29,3326.04,147.64,494.5,0.7791
2022-01-16,43071.66,3346.88,147.98,498.6,0.7784
2022-01-17,42201.62,3209.67,139.8,475.2,0.7617
2022-01-18,42352.12,3159.85,141.22,471.4,0.7509
2022-01-19,41660.01,3084.02,135.25,461.9,0.7381
2022-01-20,40680.91,3001.48,127.54,440.2,0.7199
2022-01-21,36445.31,2568.15,112.27,383.9,0.6368
2022-01-22,35071.42,2412.18,94.54,358.3,0.5966
2022-01-23,36244.55,2539.01,99.78,383.9,0.6283
2022-01-24,36660.35,2439.29,91.93,371.3,0.6118
2022-01-25,36958.32,2458.83,94.67,385.1,0.618
2022-01-26,36809.34,2462.99,92.12,375.1,0.6193
2022-01-27,37160.1,2424.25,89.51,389.9,0.6088
2022-01-28,37716.56,2544.99,91.34,385.9,0.6111
2022-01-29,38166.84,2601.43,96.13,389.3,0.6174
2022-01-30,37881.76,2601.68,93.29,377.2,0.6013
2022-01-31,38466.9,2686.94,99.49,374.3,0.6174
2022-02-01,38694.59,2787.23,110.02,384.2,0.6284
2022-02-02,36896.36,2680.67,101.88,366.9,0.6006
2022-02-03,37311.61,2695.46,101.77,372.3,0.6102
2022-02-04,41574.25,2994.99,112.62,399.5,0.6555
2022-02-05,41382.59,3012.65,113.75,413.7,0.6656
2022-02-06,42380.87,3054.99,115.28,419.9,0.6825
2022-02-07,43839.99,3139.77,117.55,433.5,0.8314
2022-02-08,44042.99,3116.69,113.45,407.8,0.8763
2022-02-09,44372.72,3243.94,113.93,422.9,0.8697
2022-02-10,43495.44,3072.49,106.17,414.7,0.8253
2022-02-11,42373.73,2927.54,96.53,400,0.7591
2022-02-12,42217.87,2918.88,95.96,403.6,0.8223
2022-02-13,42053.66,2871.13,92.85,397.9,0.8057
2022-02-14,42535.94,2929.75,96.37,403.4,0.8012
2022-02-15,44544.86,3183.52,105.52,432.4,0.8515
2022-02-16,43873.56,3122.3,101.86,427.3,0.8366
2022-02-17,40515.7,2891.87,93.52,402.4,0.769
2022-02-18,39974.44,2779.48,89.86,399.2,0.784
2022-02-19,40079.17,2763.63,91.27,399.8,0.8215
2022-02-20,38386.89,2621.99,90.72,380.6,0.7769
2022-02-21,37008.16,2568.02,82.96,356.6,0.7018
2022-02-22,38230.33,2636.29,86.38,374.3,0.7209
2022-02-23,37250.01,2579.71,84.59,365.6,0.6967
2022-02-24,38327.21,2596.2,89.36,361.2,0.6963
2022-02-25,39219.17,2768.49,92.71,375,0.7699
2022-02-26,39116.72,2779.47,90.23,373.7,0.7508
2022-02-27,37699.07,2616.79,85.63,360.1,0.7215
2022-02-28,43160,2920.95,99.68,395.6,0.7809
2022-03-01,44421.2,2976.33,98.66,408.7,0.7839
2022-03-02,43892.98,2947.3,100.68,409.3,0.7687
2022-03-03,42454,2833.99,95.62,402.6,0.7515
2022-03-04,39148.66,2622.1,88.32,374.2,0.7127
2022-03-05,39397.96,2665.15,89.63,384.7,0.754
2022-03-06,38420.81,2551.29,84.57,375,0.7251
2022-03-07,37988,2491.12,81.66,380.6,0.7197
2022-03-08,38730.63,2575.97,82.32,381.4,0.7207
2022-03-09,41941.71,2726.98,88.06,393.2,0.7658
2022-03-10,39422,2606.7,82.87,372,0.7361
2022-03-11,38729.57,2556.86,80.67,371.9,0.8029
2022-03-12,38807.36,2568.8,81.38,372.4,0.7857
2022-03-13,37777.34,2515.65,78.73,361.4,0.7602
2022-03-14,39671.37,2589.41,81.22,373.4,0.7748
2022-03-15,39280.33,2617.73,82.84,371.7,0.7657
2022-03-16,41114,2773.81,87.77,385.4,0.7919
2022-03-17,40917.9,2811.92,87.8,391.8,0.7935
2022-03-18,41757.51,2938.92,89.8,397.2,0.7965
2022-03-19,42201.13,2950.84,92.31,399.9,0.8194
2022-03-20,41262.11,2861.38,88.62,390.8,0.8057
2022-03-21,41002.25,2890.03,88.59,396,0.8373
2022-03-22,42364.13,2969.64,90.43,404.3,0.8366
2022-03-23,42882.76,3036,94.89,408.4,0.8376
2022-03-24,43991.46,3110.76,102.32,414.2,0.8428
2022-03-25,44313.16,3102.14,98.6,410.3,0.8239
2022-03-26,44511.27,3145,101.73,415.8,0.8327
2022-03-27,46827.76,3295.65,107.04,430.5,0.858
2022-03-28,47122.21,3332.92,105.75,430.2,0.8641
2022-03-29,47434.8,3400.51,111.62,434.2,0.8577
2022-03-30,47067.99,3385.79,120.82,442.1,0.8613
2022-03-31,45510.34,3281.51,122.77,428.9,0.8148
2022-04-01,46283.49,3455.21,134.52,447.7,0.8277
2022-04-02,45811,3443.77,132.49,437.2,0.824
2022-04-03,46407.35,3521.91,136.9,450.4,0.8432
2022-04-04,46580.51,3519.5,132.14,447.6,0.826
2022-04-05,45497.55,3406.99,126.87,444.7,0.8164
2022-04-06,43170.47,3168.51,112.95,420.1,0.7595
2022-04-07,43444.19,3227.19,118.48,436,0.7871
2022-04-08,42252.01,3192.39,109.92,421.5,0.7549
2022-04-09,42753.97,3258.57,112.96,426.6,0.7622
2022-04-10,42158.85,3203.04,111.07,418.1,0.7543
2022-04-11,39530.45,2979.74,99.67,394.6,0.6948
2022-04-12,40074.94,3027.66,103.22,413.6,0.7152
2022-04-13,41147.79,3118.28,104.94,423.4,0.7232
2022-04-14,39942.38,3021.98,100.77,414.7,0.7262
2022-04-15,40551.9,3040.56,101.31,417.3,0.7858
2022-04-16,40378.71,3059.3,102.06,417.3,0.7808
2022-04-17,39678.12,2988.06,100.15,406.6,0.7519
2022-04-18,40801.13,3055.56,102.33,416.8,0.7699
2022-04-19,41493.18,3101.77,108.51,422.3,0.7749
2022-04-20,41358.19,3076.04,105.59,418.4,0.7517
2022-04-21,40480.01,2983.58,101.78,404.9,0.7328
2022-04-22,39709.18,2962.39,100.55,406.6,0.7179
2022-04-23,39441.6,2933.03,100.63,401.1,0.7057
2022-04-24,39450.13,2921,99.23,398.8,0.6981
2022-04-25,40426.08,3006.62,100.99,404.3,0.6931
2022-04-26,38112.65,2809.67,95.7,385.9,0.642
2022-04-27,39235.72,2888.96,98.36,391.3,0.6522
2022-04-28,39742.07,2936.93,98.24,407.1,0.6428
2022-04-29,38596.11,2817.13,93.96,393,0.6116
2022-04-30,37630.8,2726.66,84.63,377.1,0.5845
2022-05-01,38468.35,2824.81,89.68,389.9,0.607
2022-05-02,38525.16,2856.54,87.5,389.5,0.6143
2022-05-03,37728.95,2781.7,85.86,383.9,0.6047
2022-05-04,39690,2940.64,92.77,402.6,0.6459
2022-05-05,36552.97,2747.97,84.52,378.4,0.5981
2022-05-06,36013.77,2692.85,81.68,379.1,0.6022
2022-05-07,35472.39,2635.34,78.86,365.5,0.5808
2022-05-08,34038.4,2519.71,75.38,355.9,0.5662
2022-05-09,30076.31,2228.55,62.16,296.1,0.4873
2022-05-10,31017.1,2342.05,66.9,319.1,0.513
2022-05-11,29103.94,2084.99,50.9,271.5,0.4172
2022-05-12,29029.75,1960.22,44.64,269,0.3856
2022-05-13,29287.05,2009.69,48.92,290.6,0.4228
2022-05-14,30086.74,2056.48,52.43,296.9,0.4262
2022-05-15,31328.89,2145.29,58.83,312.4,0.4481
2022-05-16,29874.01,2023.66,53.79,297.2,0.4231
2022-05-17,30444.93,2090.72,57.02,306.2,0.438
2022-05-18,28715.32,1915.11,49.93,287.7,0.4056
2022-05-19,30319.23,2019.55,52.2,307.1,0.4205
2022-05-20,29201.01,1959.08,49.43,302.2,0.4101
2022-05-21,29445.06,1975.07,50.31,312.4,0.4145
2022-05-22,30293.94,2043.19,52.48,319.4,0.4218
2022-05-23,29109.15,1973.32,49.17,317.2,0.4052
2022-05-24,29654.58,1979.41,49.67,328.3,0.4086
2022-05-25,29542.15,1942.63,47.98,325.7,0.406
2022-05-26,29201.35,1792.23,43.44,303,0.392
2022-05-27,28629.8,1727.27,41.17,301.6,0.3819
2022-05-28,29031.33,1792.22,44.25,307.5,0.3863
2022-05-29,29468.1,1813.64,44.98,305.8,0.3891
2022-05-30,31734.22,1998.78,47.22,321.8,0.4187
2022-05-31,31801.04,1941.9,45.77,320.9,0.4217
2022-06-01,29805.83,1817.95,40.11,300.4,0.398
2022-06-02,30452.62,1834.08,40.85,308.3,0.4055
2022-06-03,29700.21,1775.12,38.28,298.6,0.3904
2022-06-04,29864.04,1804.58,39,301.3,0.3925
2022-06-05,29919.21,1806.23,38.52,299.1,0.3953
2022-06-06,31373.1,1859.84,42.39,295.1,0.4026
2022-06-07,31125.33,1813.33,39.31,290.3,0.4076
2022-06-08,30204.77,1791.88,38.83,288.5,0.4006
2022-06-09,30109.93,1788.81,39.96,289.9,0.4002
2022-06-10,29091.88,1662.91,37.17,286.4,0.3815
2022-06-11,28424.7,1532.89,33.93,269.9,0.3599
2022-06-12,26574.53,1434.84,30.61,254.8,0.3433
2022-06-13,22487.41,1209.82,28.6,223,0.3118
2022-06-14,22136.41,1208.9,29.59,223,0.3214
2022-06-15,22583.72,1237.52,34.76,233.6,0.3436
2022-06-16,20401.31,1068.5,30.12,210.2,0.3132
2022-06-17,20468.81,1086.94,30.71,215.8,0.321
2022-06-18,18970.79,995.13,32.02,197,0.3075
2022-06-19,20574,1128.53,34.19,215.1,0.3264
2022-06-20,20573.89,1128.24,35.24,216.5,0.3227
2022-06-21,20723.52,1125.85,36.42,220.1,0.3294
2022-06-22,19987.99,1050.19,34.12,214.4,0.3223
2022-06-23,21110.13,1144.72,38.15,228.9,0.3358
2022-06-24,21237.69,1225.02,41.91,240.2,0.3672
2022-06-25,21491.19,1242.36,42.22,239.7,0.3676
2022-06-26,21038.07,1197.79,39.39,233.9,0.3592
2022-06-27,20742.56,1192.51,38.52,233.8,0.3537
2022-06-28,20281.29,1144.05,35.35,226.9,0.3375
2022-06-29,20123.01,1100.21,34.05,219.7,0.3296
2022-06-30,19942.21,1071.01,33.76,219.6,0.3321
2022-07-01,19279.8,1059.73,32.84,216.9,0.3139
2022-07-02,19252.81,1067.01,33.36,218.3,0.3156
2022-07-03,19315.83,1074.26,33.39,219.2,0.3215
2022-07-04,20236.71,1151,36.71,231.5,0.3287
2022-07-05,20175.83,1132.5,35.4,230.8,0.3252
2022-07-06,20564.51,1186.57,37.04,238.6,0.3324
2022-07-07,21624.98,1237.49,38.46,241.4,0.3422
2022-07-08,21594.75,1214.04,38.12,240.7,0.3402
2022-07-09,21591.83,1217.02,38.06,243.3,0.3448
2022-07-10,20862.47,1168.36,36.71,234.7,0.3255
2022-07-11,19963.61,1096.4,33.42,225.6,0.3152
2022-07-12,19328.75,1038.58,32.68,220.6,0.3116
2022-07-13,20234.87,1115,34.94,230.5,0.3237
2022-07-14,20588.84,1193.42,37.15,238.5,0.3338
2022-07-15,20830.04,1231.25,37.36,238.5,0.3342
2022-07-16,21195.6,1355.85,39.58,249.8,0.3505
2022-07-17,20798.16,1338.65,38.62,247.8,0.3433
2022-07-18,22432.58,1581.04,43.52,264.1,0.3653
2022-07-19,23396.62,1542.32,44.87,268.6,0.3729
2022-07-20,23223.3,1521.58,42.04,258.2,0.3635
2022-07-21,23152.19,1575.45,43.11,265.6,0.3669
2022-07-22,22684.83,1535.27,40.54,262.4,0.3578
2022-07-23,22451.07,1548.67,39.97,259.2,0.3592
2022-07-24,22579.68,1597.7,40.93,261.4,0.3586
2022-07-25,21310.9,1440.79,36.65,244.6,0.3362
2022-07-26,21254.67,1449.12,36.25,249.4,0.3372
2022-07-27,22952.45,1635.74,40.23,271.6,0.3594
2022-07-28,23842.93,1724.52,42.91,277.2,0.3739
2022-07-29,23773.75,1721.68,41.91,293.6,0.3679
2022-07-30,23643.51,1697,43.84,287.8,0.3879
2022-07-31,23293.32,1678.12,42.35,283.4,0.3792
2022-08-01,23268.01,1630.28,41.65,283.2,0.3791
2022-08-02,22987.79,1630.91,39.79,283.8,0.3714
2022-08-03,22818.37,1618.16,38.54,297.5,0.3695
2022-08-04,22622.98,1607.96,38.83,311.8,0.371
2022-08-05,23312.42,1736.81,40.55,315.9,0.3764
2022-08-06,22954.21,1690.6,40.07,315.2,0.3715
2022-08-07,23174.39,1700.19,40.6,322.8,0.3722
2022-08-08,23810,1777.05,42.18,324.9,0.3787
2022-08-09,23149.95,1702.76,40.33,324.4,0.3672
2022-08-10,23954.05,1853.57,42.47,328.8,0.3814
2022-08-11,23934.39,1880.19,42.77,323.6,0.3802
2022-08-12,24403.68,1958.28,45.48,327.9,0.3796
2022-08-13,24441.38,1983.55,46.6,324.3,0.378
2022-08-14,24305.24,1935.31,44.87,317.6,0.3757
2022-08-15,24094.82,1899.06,43.72,319.5,0.3751
2022-08-16,23854.74,1876.67,43.08,316.1,0.377
2022-08-17,23342.66,1834.25,40.54,306.9,0.3795
2022-08-18,23191.2,1846.39,39.52,298.1,0.3704
2022-08-19,20834.39,1609.01,35.81,279.1,0.3344
2022-08-20,21140.07,1576.04,35.28,283.7,0.3368
2022-08-21,21515.61,1618.13,36.47,301.9,0.3449
2022-08-22,21399.83,1624.66,35.41,300,0.344
2022-08-23,21529.12,1665.41,35.68,299.3,0.3472
2022-08-24,21368.08,1656.56,34.89,296.4,0.3456
2022-08-25,21559.04,1695.11,35.27,301.2,0.3491
2022-08-26,20241.05,1508.18,31.72,279.6,0.3393
2022-08-27,20037.6,1491.06,31.53,277.9,0.3346
2022-08-28,19555.61,1426.76,30.44,276.5,0.3224
2022-08-29,20285.73,1551.8,32.42,285.9,0.3337
2022-08-30,19811.66,1524.59,31.47,281.6,0.3267
2022-08-31,20050.02,1554.1,31.5,279.2,0.3277
2022-09-01,20131.46,1586.16,31.61,278.3,0.3331
2022-09-02,19951.86,1575.35,31.23,277.5,0.3314
2022-09-03,19831.9,1557.46,31.12,277.8,0.3297
2022-09-04,20000.3,1579.28,32.16,279.1,0.3317
2022-09-05,19796.84,1617.8,32.18,276.9,0.3329
2022-09-06,18790.61,1559.01,30.88,262.5,0.3212
2022-09-07,19292.84,1630,32.69,278.9,0.3369
2022-09-08,19319.77,1635.37,33.61,280.5,0.3396
2022-09-09,21360.11,1718.23,34.67,293.4,0.3568
2022-09-10,21648.34,1774.12,35.03,296.7,0.3573
2022-09-11,21826.87,1766.11,34.99,295.3,0.3552
2022-09-12,22395.74,1716.37,37.44,294.1,0.3598
2022-09-13,20173.57,1574.4,33,277.4,0.3326
2022-09-14,20226.71,1638.39,34.12,279.3,0.3415
2022-09-15,19701.88,1472.75,33.07,271.1,0.3261
2022-09-16,19803.3,1433.9,32.25,274.9,0.3552
2022-09-17,20113.62,1468.83,33.68,279.1,0.3762
2022-09-18,19416.18,1334.51,31.1,266.2,0.3576
2022-09-19,19537.02,1375.98,32.62,271.9,0.3848
2022-09-20,18875,1322.93,31.41,266.3,0.414
2022-09-21,18461.36,1245.78,30.65,264,0.3936
2022-09-22,19401.63,1326.46,32.43,275.3,0.4862
2022-09-23,19289.91,1327.25,33.66,276.7,0.5069
2022-09-24,18920.5,1317.13,33.38,274.4,0.4878
2022-09-25,18807.38,1294.63,32.34,274.3,0.4917
2022-09-26,19227.82,1336.17,33.88,276.1,0.4683
2022-09-27,19079.13,1328.02,32.69,272.3,0.4457
2022-09-28,19412.82,1337.2,33.22,281.6,0.4489
2022-09-29,19591.51,1335.7,33.93,284.1,0.4877
2022-09-30,19422.61,1328.72,33.25,284.8,0.4799
2022-10-01,19310.95,1311.79,32.44,282.9,0.4754
2022-10-02,19056.8,1276.72,32.06,284.7,0.4485
2022-10-03,19629.08,1323.09,32.89,286.9,0.4621
2022-10-04,20337.82,1361.49,34.09,296.2,0.4795
2022-10-05,20158.26,1352.2,34.04,294.2,0.4887
2022-10-06,19960.67,1352.06,33.36,287,0.4934
2022-10-07,19530.09,1331.1,32.98,282.3,0.5177
2022-10-08,19417.96,1315.48,32.58,276.4,0.517
2022-10-09,19439.02,1323.13,32.92,278.2,0.5325
2022-10-10,19131.87,1290.03,31.96,271.5,0.4939
2022-10-11,19060,1280.11,30.8,271.4,0.4861
2022-10-12,19155.53,1294.44,31.16,270.9,0.4881
2022-10-13,19375.13,1287.08,30.49,271.6,0.4791
2022-10-14,19176.93,1296.27,30,269.4,0.4883
2022-10-15,19069.39,1274.92,29.59,268.2,0.4818
2022-10-16,19262.98,1305.95,30.17,272.5,0.4766
2022-10-17,19549.86,1331.4,31.21,275.6,0.4804
2022-10-18,19327.44,1310.71,30.15,273.1,0.4658
2022-10-19,19123.97,1285.09,28.86,272,0.4504
2022-10-20,19041.92,1282.57,28.01,269,0.4465
2022-10-21,19164.37,1299.75,28.1,270.1,0.4614
2022-10-22,19204.35,1313.61,28.01,270.4,0.4653
2022-10-23,19570.4,1364.2,29.28,276,0.4688
2022-10-24,19329.72,1343.61,28.3,274.1,0.4529
2022-10-25,20080.07,1459.74,30.86,284.2,0.4605
2022-10-26,20771.59,1566.1,31.29,290.2,0.4689
2022-10-27,20295.11,1514.05,30.58,286.7,0.4615
2022-10-28,20591.84,1554.41,32.07,297.9,0.4744
2022-10-29,20809.67,1619.55,32.87,304.4,0.4701
2022-10-30,20627.48,1590.44,32.94,313.5,0.4582
2022-10-31,20490.74,1572.69,32.56,325.7,0.4641
2022-11-01,20483.62,1578.48,32.2,323.9,0.4636
2022-11-02,20151.84,1518.34,30.8,320.2,0.4497
2022-11-03,20207.82,1531.01,30.85,329.5,0.4548
2022-11-04,21148.52,1644.78,33.74,354.6,0.5064
2022-11-05,21299.37,1626.98,36.9,349.2,0.493
2022-11-06,20905.58,1568.29,32.62,337.9,0.4709
2022-11-07,20591.13,1568.1,29.62,337,0.4648
2022-11-08,18547.23,1334.77,24.38,327.4,0.4059
2022-11-09,15922.81,1102.73,14.08,267.3,0.3331
2022-11-10,17601.15,1299.28,17.66,304,0.3942
2022-11-11,17070.31,1289.28,16.45,290.4,0.3843
2022-11-12,16812.08,1257.25,14.58,282.8,0.3636
2022-11-13,16329.85,1221.49,13.18,276.4,0.3408
2022-11-14,16619.46,1243.28,14,279,0.3776
2022-11-15,16900.57,1253.23,14.32,277,0.3888
2022-11-16,16662.76,1216.17,14.27,271.8,0.3752
2022-11-17,16692.56,1200.43,13.65,267.9,0.3819
2022-11-18,16700.45,1212.58,13.27,274.1,0.3829
2022-11-19,16700.68,1217.67,12.84,272.6,0.3841
2022-11-20,16280.23,1142.21,12.27,264.2,0.3608
2022-11-21,15781.29,1107.34,11.83,253.9,0.3645
2022-11-22,16226.94,1139.6,12.44,266.7,0.3757
2022-11-23,16603.11,1184.52,14.36,298.8,0.3815
2022-11-24,16598.95,1203.73,14.59,300.2,0.4018
2022-11-25,16522.14,1199.3,14.03,300.8,0.4078
2022-11-26,16458.57,1205.6,14.17,311.4,0.396
2022-11-27,16428.78,1193.88,14.12,307.6,0.3962
2022-11-28,16212.91,1167.77,13.32,293.5,0.3888
2022-11-29,16442.53,1216.49,13.34,295.4,0.3981
2022-11-30,17163.64,1294.46,14.16,300.6,0.4078
2022-12-01,16977.37,1276.41,13.51,292.3,0.3969
2022-12-02,17092.74,1295.59,13.71,293.4,0.3961
2022-12-03,16885.2,1240.51,13.29,290.4,0.3873
2022-12-04,17105.7,1279.41,13.71,291.8,0.3895
2022-12-05,16966.35,1259.41,13.82,288.4,0.3893
2022-12-06,17088.96,1271.32,14.3,290.2,0.3914
2022-12-07,16836.64,1231.18,13.49,284.2,0.3835
2022-12-08,17224.1,1280.18,13.69,290.4,0.3941
2022-12-09,17128.56,1263.1,13.59,286,0.3889
2022-12-10,17127.49,1266.35,13.58,288.2,0.3865
2022-12-11,17085.05,1263.01,13.42,284.4,0.3809
2022-12-12,17209.83,1275.4,13.31,276.1,0.3874
2022-12-13,17774.7,1320.69,13.89,272.2,0.3952
2022-12-14,17803.15,1307.44,14.12,267.7,0.3853
2022-12-15,17356.34,1266.54,14.04,258.8,0.378
2022-12-16,16632.12,1166.83,12.25,231.2,0.3511
2022-12-17,16776.52,1187.16,12.51,242.1,0.3545
2022-12-18,16738.21,1183.06,12.38,251,0.3499
2022-12-19,16438.88,1167.82,11.94,240.4,0.3389
2022-12-20,16895.56,1216.94,12.26,251.4,0.3482
2022-12-21,16824.67,1213.78,12.14,246.2,0.3449
2022-12-22,16821.43,1217.71,11.82,245.8,0.3492
2022-12-23,16778.5,1219.99,11.78,246.2,0.3543
2022-12-24,16836.12,1220.41,11.45,244.5,0.3517
2022-12-25,16832.11,1218.51,11.38,243.2,0.3457
2022-12-26,16919.39,1228.11,11.32,244.3,0.3658
2022-12-27,16706.36,1211.55,11.09,246.7,0.3675
2022-12-28,16547.31,1190.15,9.76,244.5,0.3558
2022-12-29,16633.47,1200.49,9.64,246.3,0.3421
2022-12-30,16607.48,1199.99,9.9,245.8,0.3451
2022-12-31,16542.4,1196.13,9.97,246.3,0.3389
2023-01-01,16616.75,1200.34,9.99,244.4,0.3387
2023-01-02,16672.87,1214,11.28,245.2,0.3482
2023-01-03,16675.18,1214.55,13.37,246.1,0.3436
2023-01-04,16850.36,1256.9,13.43,258.9,0.3472
2023-01-05,16831.85,1251.24,13.43,256.7,0.338
2023-01-06,16950.65,1269.14,13.5,259.9,0.3443
2023-01-07,16943.57,1264.07,13.1,261.3,0.3442
2023-01-08,17127.83,1290.16,14.45,274.9,0.3452
2023-01-09,17178.26,1320.39,16.25,272.6,0.349
2023-01-10,17440.66,1335.62,16.2,277.1,0.3507
2023-01-11,17943.26,1389.39,16.36,284.8,0.3728
2023-01-12,18846.62,1415.92,16.59,287.7,0.3748
2023-01-13,19930.01,1451.2,18.29,293.7,0.3858
2023-01-14,20954.92,1549.9,24.24,305.1,0.3953
2023-01-15,20871.5,1552.52,22.89,302.2,0.3845
2023-01-16,21185.65,1576.94,23.58,299,0.3855
2023-01-17,21134.81,1565.57,22.86,299.4,0.3868
2023-01-18,20677.47,1511.43,20.79,286.7,0.3782
2023-01-19,21071.59,1551.09,21.4,294.6,0.3928
2023-01-20,22667.21,1658.52,25.51,305.1,0.4129
2023-01-21,22783.55,1626.66,24.57,299,0.4034
2023-01-22,22707.88,1627.44,24.21,303,0.4004
2023-01-23,22916.45,1626.29,24.33,305.1,0.4234
2023-01-24,22632.89,1555.97,22.78,300.3,0.4078
2023-01-25,23060.94,1611.94,24.52,306.9,0.417
2023-01-26,23009.65,1601.09,24.33,304.7,0.4092
2023-01-27,23074.16,1597.62,24.43,308,0.4128
2023-01-28,23022.6,1572.1,24,306.1,0.4078
2023-01-29,23742.3,1644.72,26.07,317.2,0.4134
2023-01-30,22826.15,1566.2,23.96,307.2,0.3934
2023-01-31,23125.13,1585.33,23.92,312,0.4057
2023-02-01,23732.66,1641.68,25,317,0.4131
2023-02-02,23488.94,1643.12,24.32,323.5,0.4098
2023-02-03,23431.9,1663.52,24.69,332.2,0.4117
2023-02-04,23326.84,1666.38,24.34,330.4,0.4106
2023-02-05,22932.91,1629.02,23.47,327.8,0.3984
2023-02-06,22762.52,1614.29,22.66,324.3,0.392
2023-02-07,23240.46,1671.03,23.82,333,0.4036
2023-02-08,22963,1650.43,23.22,328.2,0.3975
2023-02-09,21796.35,1545.35,20.48,306.2,0.3819
2023-02-10,21625.19,1513.06,20.11,305.8,0.3817
2023-02-11,21862.55,1538.51,20.81,310.4,0.3833
2023-02-12,21783.54,1514.83,21.49,312.6,0.3747
2023-02-13,21773.97,1505.24,20.77,294.3,0.3703
2023-02-14,22199.84,1555.71,21.84,296.2,0.3819
2023-02-15,24324.05,1674.92,23.86,317.4,0.4011
2023-02-16,23517.72,1637.84,22.24,304.4,0.3841
2023-02-17,24569.97,1693.87,23.14,313,0.395
2023-02-18,24631.95,1691.62,23.45,316.5,0.3943
2023-02-19,24271.76,1679.75,24.84,311.5,0.3863
2023-02-20,24842.2,1703.27,26.26,315.4,0.3984
2023-02-21,24452.16,1659.76,24.98,311.5,0.3919
2023-02-22,24182.21,1643.14,24.16,312.4,0.3953
2023-02-23,23940.2,1650.53,23.91,308.3,0.3882
2023-02-24,23185.29,1607.8,23.07,302.3,0.3783
2023-02-25,23157.07,1594.58,22.37,302.4,0.3778
2023-02-26,23554.85,1641.36,23.25,308.7,0.3779
2023-02-27,23492.09,1633.45,22.68,304.6,0.3785
2023-02-28,23141.57,1605.23,21.89,301.4,0.3762
2023-03-01,23628.97,1665.22,22.51,302.7,0.3835
2023-03-02,23465.32,1647.86,22,299.8,0.3772
2023-03-03,22354.34,1569.45,21.42,290.4,0.3774
2023-03-04,22346.57,1566.73,20.98,289.6,0.3735
2023-03-05,22430.24,1564.58,20.97,288.7,0.3668
2023-03-06,22410,1565.84,20.63,287.8,0.3695
2023-03-07,22197.96,1561.96,20.25,289.3,0.3801
2023-03-08,21705.44,1532.38,18.41,287.1,0.3889
2023-03-09,20362.22,1437.32,17.33,277.1,0.3706
2023-03-10,20150.69,1426.44,18.17,277.4,0.37
2023-03-11,20455.73,1471.97,18.07,276,0.3638
2023-03-12,21997.11,1580.33,20.2,288.1,0.3714
2023-03-13,24113.48,1673.45,20.4,307.9,0.3724
2023-03-14,24670.41,1699.4,20.86,308.4,0.3724
2023-03-15,24285.66,1649.96,19.24,306.3,0.3589
2023-03-16,24998.78,1673.73,19.67,329.4,0.3647
2023-03-17,27395.13,1789.27,21.6,338.9,0.3798
2023-03-18,26907.49,1758.84,21.2,331,0.3739
2023-03-19,27972.87,1780.68,21.86,336.7,0.3857
2023-03-20,27717.01,1732.78,22.13,332.5,0.3734
2023-03-21,28105.47,1801.23,22.53,334.4,0.4696
2023-03-22,27250.97,1734.33,21.42,321.1,0.4213
2023-03-23,28295.41,1813.79,22.16,329.4,0.4438
2023-03-24,27454.47,1749.57,20.66,322.1,0.4259
2023-03-25,27462.95,1741.88,20.41,322.4,0.4429
2023-03-26,27968.05,1773.88,20.94,328.6,0.4479
2023-03-27,27124.91,1715.22,19.91,310.6,0.479
2023-03-28,27261.07,1772.99,20.45,313.2,0.5144
2023-03-29,28348.6,1793.07,21.1,313.7,0.5425
2023-03-30,28028.53,1793.61,20.55,316.4,0.5319
2023-03-31,28465.36,1821.52,21.16,316.9,0.5374
2023-04-01,28452.73,1820.79,21.08,314.9,0.5095
2023-04-02,28171.87,1794.51,20.52,313.7,0.518
2023-04-03,27800,1810.51,20.45,308.8,0.4959
2023-04-04,28165.47,1870.37,20.92,310.8,0.5026
2023-04-05,28170.01,1908.69,20.97,313.9,0.5055
2023-04-06,28033.82,1872.41,20.62,312.3,0.5028
2023-04-07,27906.33,1863.72,20.44,310.3,0.5126
2023-04-08,27938.38,1848.82,20.04,310.5,0.5048
2023-04-09,28323.76,1858.92,20.28,312.8,0.5054
2023-04-10,29637.34,1910.2,20.89,318.5,0.5176
2023-04-11,30200.42,1889.86,22.98,322.3,0.5167
2023-04-12,29888.07,1917.39,23.8,319.9,0.5049
2023-04-13,30373.84,2012.01,24.43,324.7,0.5125
2023-04-14,30466.93,2099.99,24.71,328.9,0.5227
2023-04-15,30295.09,2090.6,24.05,333,0.5192
2023-04-16,30304.65,2118.67,25.34,347.7,0.5209
2023-04-17,29430.27,2074,24.58,340,0.5109
2023-04-18,30380.01,2103.5,24.82,343.1,0.5324
2023-04-19,28797.1,1933.73,22.66,322.4,0.4911
2023-04-20,28243.65,1942.98,22.2,318.1,0.4752
2023-04-21,27262.84,1848.78,21.25,321.2,0.4491
2023-04-22,27816.85,1874.16,21.79,332.2,0.4719
2023-04-23,27590.6,1862,21.47,330.7,0.4647
2023-04-24,27510.93,1841.84,21.38,331.2,0.4611
2023-04-25,28300.79,1866.1,21.93,338.4,0.4695
2023-04-26,28415.29,1866.01,21.28,330.6,0.4618
2023-04-27,29472.77,1908.68,22.33,330.9,0.4667
2023-04-28,29311.7,1890.94,23.34,324.1,0.4796
2023-04-29,29230.45,1907.8,23.19,321.9,0.478
2023-04-30,29233.21,1870.09,22.74,337.5,0.4705
2023-05-01,28068.26,1830.73,21.96,328.5,0.4649
2023-05-02,28669.86,1870.08,22.25,321.5,0.4645
2023-05-03,29026.16,1905.12,22.24,325.9,0.4632
2023-05-04,28838.16,1877.07,21.74,323.8,0.4608
2023-05-05,29505.61,1993.3,22.82,326.5,0.4671
2023-05-06,28848.2,1896.33,21.91,321.9,0.4582
2023-05-07,28430.1,1870.4,21.66,321,0.449
2023-05-08,27668.79,1847.56,20.62,313.8,0.4283
2023-05-09,27628.27,1846.52,20.65,312.1,0.4289
2023-05-10,27598.75,1840.84,20.91,314.3,0.4303
2023-05-11,26968.62,1794.3,20.17,307.5,0.4207
2023-05-12,26795.01,1807.45,20.9,308.5,0.4305
2023-05-13,26775.28,1795.11,20.84,310.7,0.424
2023-05-14,26917.62,1799.21,20.93,312.1,0.4253
2023-05-15,27162.14,1816.2,20.99,313.4,0.4273
2023-05-16,27033.84,1824.21,20.67,311.4,0.4425
2023-05-17,27405.61,1822.12,21.06,314.3,0.4484
2023-05-18,26821.28,1800.56,20.34,309.3,0.4596
2023-05-19,26880.26,1812.32,20.36,308.9,0.4675
2023-05-20,27102.43,1819.42,20.28,310.6,0.4685
2023-05-21,26747.78,1804.91,19.61,306.4,0.4575
2023-05-22,26849.27,1817.35,19.53,309,0.4618
2023-05-23,27219.61,1854.05,20.02,313.5,0.4651
2023-05-24,26329.01,1799.89,19.22,306,0.453
2023-05-25,26473.79,1805.6,19.25,304.5,0.4538
2023-05-26,26705.92,1827.79,19.35,306.8,0.4684
2023-05-27,26854.27,1829.89,20.43,307.4,0.4714
2023-05-28,28065,1908.64,20.81,314.1,0.482
2023-05-29,27736.4,1892.6,20.57,311.6,0.4946
2023-05-30,27694.4,1900.59,21.25,311.5,0.5205
2023-05-31,27210.35,1873.63,20.81,306.8,0.5166
2023-06-01,26817.93,1861.78,20.49,304.9,0.5065
2023-06-02,27242.59,1906.68,21.26,307.2,0.5244
2023-06-03,27069.22,1892.06,21.19,306.6,0.5188
2023-06-04,27115.21,1890.01,21.82,305,0.5359
2023-06-05,25728.2,1810.5,20,276.9,0.509
2023-06-06,27230.08,1884.64,20.38,281.2,0.53
2023-06-07,26339.34,1832.13,18.64,259.3,0.5183
2023-06-08,26498.61,1845.64,18.89,262,0.5236
2023-06-09,26477.81,1840.37,17.4,260.5,0.538
2023-06-10,25841.21,1751.53,15.61,238.7,0.5067
2023-06-11,25925.55,1752.76,15.55,235.4,0.5208
2023-06-12,25905.19,1742.57,15.19,231.3,0.5251
2023-06-13,25934.25,1740.12,15.04,244.2,0.5192
2023-06-14,25128.6,1650.95,14.48,237.9,0.4801
2023-06-15,25598.49,1666.96,14.77,236.4,0.4801
2023-06-16,26345,1717.92,15.31,239.3,0.4759
2023-06-17,26516.99,1727.76,15.64,244.5,0.4794
2023-06-18,26339.97,1720.95,15.45,244.1,0.4868
2023-06-19,26844.35,1737.11,16.1,243.1,0.4936
2023-06-20,28307.99,1791.99,16.64,247.7,0.4929
2023-06-21,29993.89,1889.11,17.23,248.8,0.4999
2023-06-22,29884.92,1872.01,16.62,240.8,0.4938
2023-06-23,30688.5,1892.63,17.13,244.3,0.4961
2023-06-24,30527.43,1874.96,16.64,236.4,0.4865
2023-06-25,30462.66,1898.8,16.96,238.8,0.4903
2023-06-26,30267.99,1858.97,16.27,236.1,0.479
2023-06-27,30692.44,1889.58,16.63,237.5,0.4838
2023-06-28,30077.41,1828.02,15.97,230.6,0.4647
2023-06-29,30447.31,1851.99,17.99,233.1,0.4747
2023-06-30,30472,1933.79,18.86,240.3,0.4729
2023-07-01,30585.9,1924.5,18.7,247.9,0.4732
2023-07-02,30617.03,1937.48,19.45,246.5,0.4845
2023-07-03,31156.2,1955.54,19.26,246.5,0.489
2023-07-04,30766.51,1936.2,19.13,242.5,0.4872
2023-07-05,30504.81,1910.36,19,238.9,0.4777
2023-07-06,29895.43,1846.17,19.61,232.2,0.4622
2023-07-07,30344.7,1870.91,21.5,235.6,0.4687
2023-07-08,30284.63,1865.24,21.81,236.3,0.4704
2023-07-09,30160.71,1862.8,21.32,234.1,0.468
2023-07-10,30411.57,1880.4,21.3,246.2,0.478
2023-07-11,30622.1,1878.3,22.07,248.6,0.4753
2023-07-12,30380,1871.82,21.94,243.9,0.471
2023-07-13,31454.23,2004.49,26.01,256.1,0.8153
2023-07-14,30312.01,1937.83,26.67,248.1,0.7179
2023-07-15,30289.52,1931.41,27.46,251.1,0.7145
2023-07-16,30231.99,1922.11,27.42,242.3,0.7468
2023-07-17,30138,1911.2,26.8,244.1,0.7374
2023-07-18,29859.13,1897.21,25.54,240.2,0.7779
2023-07-19,29909.21,1888.63,26.31,240.8,0.8199
2023-07-20,29800,1891.59,25.38,242.8,0.7942
2023-07-21,29901.72,1891.73,25.5,243.7,0.7713
2023-07-22,29794,1866.52,24.52,241.1,0.7331
2023-07-23,30083.75,1888.73,24.76,242.5,0.7384
2023-07-24,29176.5,1850,23.37,238.9,0.7021
2023-07-25,29228.91,1857.66,23.27,237.7,0.7089
2023-07-26,29351.96,1872,25.17,239,0.7161
2023-07-27,29222.78,1861.28,25.1,240.6,0.7139
2023-07-28,29314.14,1874.19,24.82,241.9,0.712
2023-07-29,29352.9,1880.46,25.17,242.4,0.7121
2023-07-30,29281.09,1861.79,24.25,242.5,0.7046
2023-07-31,29232.25,1856.14,23.73,241,0.6976
2023-08-01,29705.99,1873.47,24.05,247.7,0.7069
2023-08-02,29186.01,1839.9,23.15,240.7,0.685
2023-08-03,29193.64,1835.81,22.65,241.1,0.663
2023-08-04,29113.99,1830.23,22.8,241.7,0.6356
2023-08-05,29072.13,1836.48,22.65,243.2,0.6288
2023-08-06,29088.42,1830.28,23.2,243.2,0.624
2023-08-07,29211.06,1829.1,23.12,242.1,0.6236
2023-08-08,29770.42,1856.3,24.22,245.2,0.6418
2023-08-09,29581.99,1855.35,24.38,243.8,0.6433
2023-08-10,29455.75,1852.47,24.62,241.5,0.6331
2023-08-11,29426.03,1848.84,24.62,239.7,0.6318
2023-08-12,29430.17,1849.93,24.91,240.3,0.6276
2023-08-13,29303.84,1840.73,24.23,240.2,0.6256
2023-08-14,29430.93,1845.5,25.18,240.4,0.6343
2023-08-15,29200,1828.98,23.9,236.7,0.6104
2023-08-16,28730.51,1807.81,22.82,232,0.5889
2023-08-17,26623.41,1681.49,21.66,218.1,0.5064
2023-08-18,26054,1661.59,21.34,216.1,0.5062
2023-08-19,26100.01,1669.67,21.9,216.8,0.5199
2023-08-20,26189.99,1685.24,21.77,216.5,0.5384
2023-08-21,26126.92,1667.55,21.2,210.4,0.5245
2023-08-22,26056,1634.99,20.59,210.9,0.521
2023-08-23,26432.72,1679.61,21.74,216.6,0.5301
2023-08-24,26180.05,1661.16,21.06,219,0.5187
2023-08-25,26060.01,1653.8,20.42,218.4,0.5258
2023-08-26,26017.37,1647.04,20.29,216.5,0.5231
2023-08-27,26101.77,1658.33,20.79,218.4,0.5236
2023-08-28,26120,1653.08,20.56,218.8,0.5232
2023-08-29,27716.34,1729.42,21.79,226.9,0.5398
2023-08-30,27299.99,1705.23,20.82,223.8,0.5284
2023-08-31,25940.78,1645.76,19.74,216.7,0.511
2023-09-01,25805.05,1629.12,19.33,213.7,0.498
2023-09-02,25869.51,1637.03,19.5,214.4,0.4988
2023-09-03,25971.21,1635.84,19.57,214.4,0.5047
2023-09-04,25826.02,1630.51,19.52,215.2,0.5087
2023-09-05,25792.1,1634.45,20.26,214.6,0.5056
2023-09-06,25759.95,1633.15,19.64,215.2,0.5033
2023-09-07,26255,1648.11,19.92,217.1,0.505
2023-09-08,25910.5,1636.44,19.61,214.7,0.505
2023-09-09,25901.61,1635.54,19.44,214.1,0.5038
2023-09-10,25841.61,1617.42,18.24,212.4,0.4969
2023-09-11,25162.52,1551.85,17.72,206.1,0.4744
2023-09-12,25840.1,1592.97,17.92,210.7,0.4804
2023-09-13,26222,1607.62,18.4,212.5,0.4832
2023-09-14,26522.73,1626.47,18.85,212.2,0.4892
2023-09-15,26600,1641.29,19.14,214.1,0.5005
2023-09-16,26559.67,1634.4,19.12,214.9,0.4998
2023-09-17,26527.51,1622.48,18.81,216.5,0.4925
2023-09-18,26762.51,1636.66,19.64,216,0.503
2023-09-19,27210.26,1643.12,20.03,217.2,0.514
2023-09-20,27125,1622.26,20.29,214.4,0.5212
2023-09-21,26568.08,1583.94,19.46,210.8,0.5071
2023-09-22,26580.14,1593.08,19.43,211.1,0.5122
2023-09-23,26575.96,1593.86,19.49,210.5,0.5076
2023-09-24,26248.38,1580.71,19.36,208.3,0.5021
2023-09-25,26304.81,1588.33,19.39,209.9,0.5056
2023-09-26,26221.67,1594.01,19.03,212.6,0.5019
2023-09-27,26372.99,1598.64,19.14,212,0.4993
2023-09-28,27021.39,1652.99,19.96,215,0.5098
2023-09-29,26906.96,1667.45,20.28,215.2,0.5215
2023-09-30,26962.56,1670.89,21.37,214.6,0.5149
2023-10-01,27992.57,1733.79,23.87,218.2,0.5241
2023-10-02,27494.51,1662.4,23.37,214.6,0.5123
2023-10-03,27426.46,1656.88,23.6,213.5,0.539
2023-10-04,27778.57,1646.58,23.13,213.4,0.5326
2023-10-05,27410.39,1611.79,22.7,210.6,0.5227
2023-10-06,27931.09,1645.03,23.41,213.4,0.5255
2023-10-07,27956.67,1633.57,23.3,212.3,0.5216
2023-10-08,27917.05,1632.84,23.22,211.4,0.5174
2023-10-09,27590.12,1580.13,22.1,205.8,0.5027
2023-10-10,27390.12,1567.63,22.11,208.6,0.4965
2023-10-11,26875.52,1566.87,22.01,206.6,0.4888
2023-10-12,26759.63,1539.61,21.28,205.1,0.483
2023-10-13,26862,1552.16,21.84,206.1,0.4851
2023-10-14,26852.48,1554.94,22,206.5,0.4865
2023-10-15,27154.15,1557.77,21.93,209.7,0.4874
2023-10-16,28500.78,1599.42,23.95,214.6,0.4978
2023-10-17,28395.91,1565.01,23.93,211.4,0.4912
2023-10-18,28320,1563.44,23.42,210.2,0.4878
2023-10-19,28713.71,1566.57,24.93,211.2,0.5197
2023-10-20,29669.04,1603.89,27.03,212.1,0.5149
2023-10-21,29909.8,1628.94,29.32,214.2,0.5208
2023-10-22,29992.46,1663.7,29.05,217.8,0.5226
2023-10-23,33069.99,1765.46,31.88,228.5,0.5475
2023-10-24,33922.73,1784.98,30.17,225.2,0.5588
2023-10-25,34496.05,1787.15,32.44,222.1,0.5552
2023-10-26,34151.66,1803.38,32.77,223.2,0.5533
2023-10-27,33892.02,1779.4,31.73,224.1,0.543
2023-10-28,34081,1776.2,31.63,225.7,0.5446
2023-10-29,34525.89,1795.14,32.83,227.1,0.5561
2023-10-30,34474.73,1809.04,34.94,228,0.578
2023-10-31,34639.77,1814.67,38.4,226.2,0.5996
2023-11-01,35421.43,1846.99,41.15,227.9,0.6085
2023-11-02,34941.59,1800.8,40.23,231.9,0.6054
2023-11-03,34716.78,1832.71,39.45,230.2,0.6121
2023-11-04,35062.07,1855.54,42.41,237.1,0.6149
2023-11-05,35011.88,1891.71,41.15,244,0.6607
2023-11-06,35046.09,1900.95,42.16,255.1,0.7148
2023-11-07,35399.12,1885.27,42.93,246.2,0.685
2023-11-08,35624.72,1888.12,43.13,246.7,0.6869
2023-11-09,36701.09,2121.32,45.29,251.6,0.6665
2023-11-10,37301.63,2077.72,56.67,251,0.6595
2023-11-11,37130,2053.17,56.34,251.5,0.6626
2023-11-12,37064.13,2044.68,56.28,247.4,0.6613
2023-11-13,36462.93,2053.65,51.6,241.1,0.6702
2023-11-14,35551.19,1979.39,56.81,242.3,0.6296
2023-11-15,37858.2,2058.48,65.43,253.7,0.6481
2023-11-16,36163.51,1961.77,57.8,242.7,0.6119
2023-11-17,36613.92,1960.82,58.51,244.9,0.6133
2023-11-18,36568.1,1962.6,58.56,244.8,0.6106
2023-11-19,37359.86,2011.47,61.1,246.4,0.6258
2023-11-20,37448.78,2021.4,56.57,253.1,0.6122
2023-11-21,35741.65,1933.01,51.65,225.5,0.5788
2023-11-22,37408.34,2063.21,57.56,236.1,0.6109
2023-11-23,37294.28,2062.2,56.51,233.8,0.6209
2023-11-24,37713.57,2080.84,56.86,232.7,0.6212
2023-11-25,37780.67,2083.09,58.82,234.4,0.6228
2023-11-26,37447.43,2062.33,57.57,231.7,0.6157
2023-11-27,37242.7,2027.5,55.06,227.2,0.6039
2023-11-28,37818.87,2048.14,58.18,229.6,0.6107
2023-11-29,37854.64,2028.81,59.31,227.3,0.6091
2023-11-30,37723.96,2051.96,59.3,227.6,0.6063
2023-12-01,38682.52,2087.24,59.75,228.5,0.6125
2023-12-02,39450.35,2164.74,63.66,229,0.6208
2023-12-03,39972.26,2192.95,62.98,228.1,0.6229
2023-12-04,41991.1,2243.37,61.64,233.5,0.6245
2023-12-05,44073.32,2293.33,61.03,231.2,0.621
2023-12-06,43762.69,2232.7,61.85,229.4,0.64
2023-12-07,43273.14,2355.73,67.74,232.6,0.6432
2023-12-08,44170.99,2358.72,74.94,238.9,0.6721
2023-12-09,43713.6,2340.49,72.3,237.7,0.6584
2023-12-10,43789.51,2352.39,74.87,239.8,0.6617
2023-12-11,41253.4,2225.12,70.25,246.4,0.6187
2023-12-12,41492.39,2203.46,68.6,254.6,0.6192
2023-12-13,42869.03,2260.16,70.62,252,0.6275
2023-12-14,43022.26,2315.32,75.68,253.3,0.6316
2023-12-15,41940.3,2220.5,72.51,244.9,0.6156
2023-12-16,42278.03,2228.96,73.72,244.4,0.6203
2023-12-17,41374.65,2196.52,70.87,238.8,0.6103
2023-12-18,42657.8,2219.43,74.42,241.7,0.6125
2023-12-19,42275.99,2177.91,73,252.9,0.6047
2023-12-20,43668.93,2202.17,82.21,260.3,0.6171
2023-12-21,43861.8,2239.61,93.84,272.1,0.6241
2023-12-22,43969.04,2324.54,97.9,271.1,0.6244
2023-12-23,43702.16,2308.2,107.88,271,0.6195
2023-12-24,42991.5,2264.05,112.45,264.5,0.6121
2023-12-25,43576.13,2271.35,120.91,266.9,0.6462
2023-12-26,42508.93,2230.88,112.49,297.7,0.6219
2023-12-27,43428.85,2378.35,106.91,324.1,0.634
2023-12-28,42563.76,2344.15,101.8,322.6,0.6346
2023-12-29,42066.95,2299.2,106.17,313.7,0.623
2023-12-30,42140.28,2291.68,101.9,317.1,0.6207
2023-12-31,42283.58,2281.87,101.72,311.8,0.6156
2024-01-01,44179.55,2352.04,109.91,313.5,0.6294
2024-01-02,44946.91,2355.34,106.73,312.2,0.6246
2024-01-03,42845.23,2209.72,98.52,315.8,0.5823
2024-01-04,44151.1,2267.11,104.91,323.7,0.5868
2024-01-05,44145.11,2268.78,99.94,317.5,0.5757
2024-01-06,43968.32,2240.78,93.77,307.5,0.5679
2024-01-07,43929.02,2221.42,89.44,302.4,0.5515
2024-01-08,46951.04,2330.44,97.88,303.7,0.5776
2024-01-09,46110,2344.29,99.36,301.1,0.5669
2024-01-10,46653.99,2584.38,102,305.8,0.6008
2024-01-11,46339.16,2618.01,99.9,308.2,0.6019
2024-01-12,42782.73,2522.54,92.12,296.6,0.5699
2024-01-13,42847.99,2578.19,95.85,302.2,0.5747
2024-01-14,41732.35,2472.87,93.81,299.5,0.5763
2024-01-15,42511.1,2511.78,94.36,317.5,0.5757
2024-01-16,43137.95,2587.4,97.61,315.2,0.5757
2024-01-17,42776.1,2530.19,102.1,309.4,0.5685
2024-01-18,41327.5,2470.81,94.4,313,0.552
2024-01-19,41659.03,2492,93.62,314.7,0.5443
2024-01-20,41696.04,2472.01,92.88,317.2,0.5534
2024-01-21,41580.33,2457.05,91.09,318.6,0.5464
2024-01-22,39568.02,2314.2,83.84,305.9,0.5275
2024-01-23,39897.6,2242.6,84.35,298.8,0.5183
2024-01-24,40084.88,2235.02,88.77,293.1,0.5181
2024-01-25,39961.09,2218.64,86.91,292.1,0.5138
2024-01-26,41823.51,2267.68,92.28,302.2,0.5323
2024-01-27,42120.63,2267.94,94.28,305.6,0.5303
2024-01-28,42031.06,2256.9,95.98,305.3,0.5241
2024-01-29,43302.7,2317.6,101.68,310.7,0.5352
2024-01-30,42941.1,2343.01,101.4,307.6,0.5107
2024-01-31,42580,2283.14,96.96,300.5,0.5033
2024-02-01,43082.94,2304.28,97.81,300.2,0.5058
2024-02-02,43200,2309.06,100.58,301.4,0.5105
2024-02-03,43011.09,2296.49,97.96,299.7,0.5186
2024-02-04,42582.88,2289.79,95.49,304.7,0.5032
2024-02-05,42708.7,2301.83,95.66,301.2,0.5069
2024-02-06,43098.95,2372.64,96.88,302.7,0.505
2024-02-07,44349.6,2425.1,101.14,307.3,0.5138
2024-02-08,45288.65,2419.55,102.76,319.2,0.5147
2024-02-09,47132.77,2486.56,106.94,324,0.5262
2024-02-10,47751.09,2500.24,109.01,323,0.5239
2024-02-11,48299.99,2507.21,107.46,320.7,0.5261
2024-02-12,49917.27,2659.99,111.64,327.8,0.5315
2024-02-13,49699.59,2639.99,112.48,324.7,0.5247
2024-02-14,51795.17,2774.81,116.97,333.9,0.5378
2024-02-15,51880,2822.59,113.5,354.2,0.5622
2024-02-16,52124.11,2801.8,110.33,360.4,0.5643
2024-02-17,51642.64,2785.93,108.92,352.9,0.5496
2024-02-18,52137.67,2881.2,112.24,349.8,0.5571
2024-02-19,51774.73,2944.8,111.53,351.6,0.5626
2024-02-20,52258.82,3014.81,108.31,354.6,0.5622
2024-02-21,51849.39,2967.9,105.03,379.2,0.5491
2024-02-22,51288.42,2971.4,101.76,382.6,0.541
2024-02-23,50744.15,2922.24,99.9,375.5,0.5342
2024-02-24,51568.22,2992.62,104.01,381.7,0.545
2024-02-25,51728.85,3112.59,103.47,388.5,0.5425
2024-02-26,54476.47,3175.94,109.9,401.6,0.5506
2024-02-27,57037.34,3242.36,108.36,394.6,0.5861
2024-02-28,62432.1,3383.1,119.03,414.6,0.575
2024-02-29,61130.98,3340.09,125.68,399.4,0.5867
2024-03-01,62387.9,3433.43,129.43,407.4,0.6013
2024-03-02,61987.28,3421.4,130.02,410.9,0.6442
2024-03-03,63113.97,3487.81,130.16,414.5,0.6271
2024-03-04,68245.71,3627.76,133.27,418.4,0.6477
2024-03-05,63724.01,3553.65,125.31,394.1,0.5912
2024-03-06,66074.04,3818.59,130.79,429.4,0.6121
2024-03-07,66823.17,3868.76,143.82,474.6,0.627
2024-03-08,68124.19,3883.36,144.79,485.8,0.62
2024-03-09,68313.27,3905.21,144.29,488.3,0.6197
2024-03-10,68955.88,3878.47,144.39,528.9,0.608
2024-03-11,72078.1,4064.8,148.83,523,0.723
2024-03-12,71452.01,3979.96,151.05,537.5,0.688
2024-03-13,73072.41,4004.79,163.9,630.5,0.6891
2024-03-14,71388.94,3881.7,176.65,603.2,0.669
2024-03-15,69499.85,3742.19,183.95,632.7,0.6342
2024-03-16,65300.63,3523.09,182.05,576.4,0.6031
2024-03-17,68393.48,3644.71,201.86,571.7,0.6191
2024-03-18,67609.99,3520.46,195.92,555.4,0.6453
2024-03-19,61937.4,3158.64,169.82,507.7,0.5845
2024-03-20,67840.51,3516.53,191.77,556.8,0.6107
2024-03-21,65501.27,3492.85,179.46,553.8,0.6404
2024-03-22,63796.64,3336.35,175.21,553.8,0.6115
2024-03-23,63990.01,3329.53,172.65,551.9,0.6167
2024-03-24,67209.99,3454.98,183.88,567.7,0.6325
2024-03-25,69880.01,3590.42,188.99,587,0.6406
2024-03-26,69988,3587.33,190.46,580.4,0.6317
2024-03-27,69469.99,3501.19,186.33,574.3,0.6118
2024-03-28,70780.6,3560.49,189.63,583.4,0.6244
2024-03-29,69850.54,3509.74,192.01,612.5,0.6301
2024-03-30,69582.18,3505.64,194.2,600.7,0.6212
2024-03-31,71280.01,3645.29,202.45,606.7,0.6292
2024-04-01,69649.8,3503.8,192.24,575.8,0.611
2024-04-02,65463.99,3278.96,181.53,551.4,0.5854
2024-04-03,65963.28,3310.83,185.05,561.5,0.5742
2024-04-04,68487.79,3327.4,184,585.5,0.5935
2024-04-05,67820.62,3317.85,174.37,577.8,0.5871
2024-04-06,68896,3351.59,178.68,585.4,0.593
2024-04-07,69360.39,3454.2,179.52,583.9,0.5944
2024-04-08,71620,3694.61,180.68,586.4,0.6147
2024-04-09,69146,3506.39,172.42,580.5,0.6141
2024-04-10,70631.08,3545.64,173.31,609.7,0.6172
2024-04-11,70006.23,3502.52,172.37,604.6,0.6086
2024-04-12,67116.52,3237.43,153.16,595.6,0.5468
2024-04-13,63924.51,3007.01,138.47,553.1,0.4788
2024-04-14,65661.84,3155.11,151.25,566.4,0.5033
2024-04-15,63419.99,3101.99,138.51,552.7,0.4977
2024-04-16,63793.39,3084.22,136.22,537.6,0.4965
2024-04-17,61277.37,2985.41,131.84,534.1,0.4951
2024-04-18,63470.08,3064.4,142.07,552.1,0.5025
2024-04-19,63818.01,3056.46,142.5,554,0.503
2024-04-20,64940.59,3155.79,151.22,570.9,0.5288
2024-04-21,64941.15,3147.67,148.8,579.6,0.5246
2024-04-22,66819.32,3200.2,156.95,604.5,0.556
2024-04-23,66414,3219.46,154.75,606.2,0.5445
2024-04-24,64289.59,3140.8,147.78,608.8,0.5275
2024-04-25,64498.34,3155.8,144.84,613.2,0.5254
2024-04-26,63770.01,3131.3,139.23,598,0.5261
2024-04-27,63461.98,3255.56,141.31,596.2,0.5179
2024-04-28,63118.62,3263.45,137.99,600.2,0.5103
2024-04-29,63866,3216.73,137.77,592.8,0.5151
2024-04-30,60672,3014.05,126.77,578.4,0.5006
2024-05-01,58364.97,2972.46,134.64,561.8,0.5175
2024-05-02,59060.61,2986.19,137.58,560.5,0.518
2024-05-03,62882.01,3102.61,143.69,587,0.5317
2024-05-04,63892.04,3117.23,146.05,585.7,0.5302
2024-05-05,64012,3136.41,145.73,592,0.5296
2024-05-06,63165.19,3062.6,152.82,588.2,0.5402
2024-05-07,62312.08,3005.69,148.03,576.5,0.5245
2024-05-08,61193.03,2974.21,142.18,588.6,0.5171
2024-05-09,63074.01,3036.23,152.57,596.8,0.5209
2024-05-10,60799.99,2909.99,146.01,585.6,0.5022
2024-05-11,60825.99,2912.45,145.42,592.2,0.5059
2024-05-12,61483.99,2929.29,143.43,594.8,0.4993
2024-05-13,62940.08,2950.99,147.54,591.7,0.5053
2024-05-14,61577.49,2881.93,142.03,567.1,0.5002
2024-05-15,66206.5,3032.55,158.52,581,0.5188
2024-05-16,65235.21,2944.7,159.37,569.2,0.5157
2024-05-17,67024,3092.01,169.44,580.9,0.5234
2024-05-18,66915.2,3122.94,172.4,580.3,0.5213
2024-05-19,66274.01,3071.19,169.93,574.5,0.5096
2024-05-20,71446.62,3661.78,186.7,599.6,0.5377
2024-05-21,70148.34,3789.6,178.15,618.5,0.537
2024-05-22,69166.62,3737.73,176.95,614.8,0.5268
2024-05-23,67969.65,3783.61,176.16,599.3,0.5289
2024-05-24,68549.99,3728.28,167.7,600.3,0.536
2024-05-25,69290.57,3749.26,168.35,602.4,0.5416
2024-05-26,68507.67,3826.47,163.41,600.2,0.5283
2024-05-27,69436.43,3894.22,170.15,603.9,0.534
2024-05-28,68398.39,3844.69,168.68,601.7,0.5287
2024-05-29,67652.42,3767.43,168.32,595.7,0.5238
2024-05-30,68352.17,3747.91,166.88,595.1,0.5186
2024-05-31,67540.01,3762.29,165.65,593.7,0.5176
2024-06-01,67766.85,3815.82,166.14,601.9,0.5187
2024-06-02,67765.63,3780.91,163.15,602.9,0.5135
2024-06-03,68809.9,3767.06,164.89,626.4,0.5199
2024-06-04,70537.84,3810.23,171.78,685.7,0.5257
2024-06-05,71108,3865.99,173.54,698.8,0.5258
2024-06-06,70799.06,3813.46,170.15,711.2,0.5215
2024-06-07,69355.6,3678.32,162.5,684,0.4991
2024-06-08,69310.46,3681.57,157.83,682.7,0.4926
2024-06-09,69648.14,3706.4,162.12,673,0.4986
2024-06-10,69540,3667.85,159.05,625.1,0.4969
2024-06-11,67314.24,3497.33,149.31,602.5,0.4802
2024-06-12,68263.99,3560.12,155.22,619.4,0.4916
2024-06-13,66773.01,3469.4,147.29,599.8,0.4769
2024-06-14,66043.99,3481.8,143.05,603.3,0.4746
2024-06-15,66228.25,3568.74,145.52,608.2,0.4908
2024-06-16,66676.87,3624.41,151.3,610.8,0.4891
2024-06-17,66504.33,3511.46,143.27,604.3,0.5047
2024-06-18,65175.32,3483.42,137.41,588.6,0.491
2024-06-19,64974.37,3560.51,135.62,599.3,0.4933
2024-06-20,64869.99,3513.08,133.55,587.7,0.4888
2024-06-21,64143.56,3518.5,134.6,586.1,0.4889
2024-06-22,64262.01,3495.75,133.69,591.1,0.4866
2024-06-23,63210.01,3420.91,128.69,577.5,0.4797
2024-06-24,60293.3,3352.73,132.33,568.1,0.474
2024-06-25,61806.01,3394.91,136.58,578.2,0.4757
2024-06-26,60864.99,3371.44,136.81,573,0.4698
2024-06-27,61706.47,3450.44,149.71,581.7,0.4753
2024-06-28,60427.84,3380.15,140.03,567.4,0.4716
2024-06-29,60986.68,3378.8,140.28,570,0.4727
2024-06-30,62772.01,3438.16,146.61,582.2,0.4761
2024-07-01,62899.99,3442.2,146.67,576.9,0.477
2024-07-02,62135.47,3421.35,154.03,580.1,0.4853
2024-07-03,60208.58,3295.48,140.84,556.7,0.4672
2024-07-04,57050.01,3059.7,127.86,513.6,0.4329
2024-07-05,56628.79,2981.78,134.32,497.7,0.4251
2024-07-06,58230.13,3066.83,143.05,526,0.4488
2024-07-07,55857.81,2931,131.64,490.7,0.4195
2024-07-08,56714.62,3019.01,139.81,510.6,0.4316
2024-07-09,58050,3066.65,141.42,516.9,0.4356
2024-07-10,57725.85,3101.05,141.98,524.7,0.4388
2024-07-11,57339.89,3099.57,135.73,524.8,0.4491
2024-07-12,57889.1,3133.88,139.46,533.8,0.4745
2024-07-13,59204.02,3175.93,141.9,532.4,0.5257
2024-07-14,60797.91,3245.08,147.66,544.8,0.5205
2024-07-15,64724.14,3483.39,159.38,585.3,0.5372
2024-07-16,65043.99,3444.13,160.62,576.2,0.5793
2024-07-17,64087.99,3387.05,155.5,568.9,0.626
2024-07-18,63987.92,3426.5,159.22,571.9,0.5697
2024-07-19,66660,3503.53,169.13,593.4,0.5733
2024-07-20,67139.96,3517.5,173.6,593.1,0.5937
2024-07-21,68165.34,3535.92,184.49,602.5,0.5984
2024-07-22,67532.01,3439.6,178.9,587.2,0.608
2024-07-23,65936.01,3482.51,173.03,581.9,0.5975
2024-07-24,65376,3335.81,178.06,574.9,0.6179
2024-07-25,65799.95,3175.48,171.85,570.6,0.5996
2024-07-26,67907.99,3274.61,183.06,580.9,0.6034
2024-07-27,67896.5,3249.01,183.92,581.6,0.5956
2024-07-28,68249.88,3270.16,184.9,583.9,0.6012
2024-07-29,66784.69,3317.66,182.57,574.3,0.6019
2024-07-30,66188,3279.21,179.16,588.2,0.6277
2024-07-31,64628,3232.74,171.71,576.5,0.623
2024-08-01,65354.02,3203.4,167.37,575.1,0.5964
2024-08-02,61498.33,2989.61,152.77,542.9,0.5607
2024-08-03,60697.99,2903.64,142.52,529.6,0.5558
2024-08-04,58161,2688.92,138.33,496.9,0.5228
2024-08-05,54018.81,2419.59,129.78,464.2,0.4889
2024-08-06,56022.01,2461.33,144.4,484.8,0.5062
2024-08-07,55134.16,2342.8,144.77,475,0.6002
2024-08-08,61685.99,2682.5,163.13,517.1,0.6166
2024-08-09,60837.99,2598.78,156.28,508.7,0.5805
2024-08-10,60923.51,2609.92,154.01,523.1,0.5841
2024-08-11,58712.59,2555.38,141.57,503.4,0.5528
2024-08-12,59346.64,2722.3,146.29,518.2,0.5684
2024-08-13,60587.15,2702.44,146.65,524.2,0.577
2024-08-14,58683.39,2661.45,143.71,523.4,0.5687
2024-08-15,57541.06,2569.89,142.58,519.2,0.5607
2024-08-16,58874.6,2592.73,139.04,519.7,0.5638
2024-08-17,59491.99,2614.51,141.93,541.6,0.5665
2024-08-18,58427.35,2612.15,142.42,531.2,0.5631
2024-08-19,59438.5,2636.36,144.29,558.4,0.5985
2024-08-20,59013.8,2572.82,142.27,569.4,0.5937
2024-08-21,61156.03,2630.71,142.79,570.1,0.5999
2024-08-22,60375.84,2622.88,143.22,582.9,0.5976
2024-08-23,64037.24,2762.48,153.26,591.7,0.6109
2024-08-24,64157.01,2768,160.67,580.5,0.6127
2024-08-25,64220,2746.13,158.92,573.9,0.6
2024-08-26,62834,2680.49,157.12,548.2,0.5874
2024-08-27,59415,2457.33,146.79,533.3,0.5666
2024-08-28,59034.9,2528.33,143.95,537,0.5693
2024-08-29,59359.01,2527.61,140,536.4,0.5619
2024-08-30,59123.99,2526,137.99,535.2,0.5667
2024-08-31,58973.99,2513.01,135.35,532.9,0.5662
2024-09-01,57301.86,2425.72,128.5,512.4,0.5472
2024-09-02,59132.13,2538.01,134.94,526.3,0.5677
2024-09-03,57487.73,2425.29,127.54,518.7,0.5572
2024-09-04,57970.9,2450.71,133.64,507.6,0.5579
2024-09-05,56180,2368.81,129.41,502.4,0.5444
2024-09-06,53962.97,2225.23,125.05,487.2,0.5211
2024-09-07,54160.86,2273.58,127.71,493.5,0.5248
2024-09-08,54869.95,2297.3,130.15,503.1,0.5295
2024-09-09,57042,2359.5,135.08,518.7,0.5395
2024-09-10,57635.99,2388.52,135.63,517,0.5408
2024-09-11,57338,2340.55,132.42,530.1,0.5348
2024-09-12,58132.32,2361.76,136.05,544.5,0.5626
2024-09-13,60498,2439.19,139.02,556.4,0.5728
2024-09-14,59993.03,2417.79,137.14,553.3,0.5956
2024-09-15,59132,2316.1,131.37,553.4,0.5706
2024-09-16,58213.99,2295.68,131.47,533.7,0.5866
2024-09-17,60313.99,2341.8,131.54,546.2,0.5839
2024-09-18,61759.99,2374.75,134.34,559.5,0.5852
2024-09-19,62947.99,2465.21,142.89,567,0.5868
2024-09-20,63201.05,2561.4,146.66,569,0.5851
2024-09-21,63348.96,2612.4,149.41,588.6,0.5976
2024-09-22,63578.76,2581,144.63,588.7,0.5871
2024-09-23,63339.99,2646.97,144.79,604.5,0.5847
2024-09-24,64262.7,2653.2,152.73,605.9,0.5911
2024-09-25,63152.01,2579.95,147.98,587.4,0.5831
2024-09-26,65173.99,2632.26,155.55,596.3,0.5905
2024-09-27,65769.95,2694.43,157.64,606.8,0.5888
2024-09-28,65858,2675.21,156.75,601.1,0.6138
2024-09-29,65602.01,2657.62,158.46,595.6,0.6412
2024-09-30,63327.59,2602.23,152.49,567.4,0.6114
2024-10-01,60805.78,2447.79,145.13,547.3,0.5967
2024-10-02,60649.28,2364.1,140.18,542.5,0.5383
2024-10-03,60752.71,2349.8,136.82,544.8,0.5217
2024-10-04,62086,2414.41,143.24,555.3,0.534
2024-10-05,62058,2414.66,142.59,563,0.5294
2024-10-06,62819.91,2440.03,146.48,570.3,0.5336
2024-10-07,62224,2422.71,143.96,564.3,0.5286
2024-10-08,62160.49,2440.89,143.49,580.8,0.531
2024-10-09,60636.02,2370.47,139.33,570.7,0.5245
2024-10-10,60326.39,2386.49,139.03,563.9,0.5305
2024-10-11,62540,2439.5,145.53,573.6,0.5388
2024-10-12,63206.22,2476.4,146.4,576.6,0.5393
2024-10-13,62870.02,2468.91,147.74,572.2,0.5321
2024-10-14,66083.99,2629.79,157.59,589.1,0.5483
2024-10-15,67074.14,2607.41,154.76,594.5,0.5417
2024-10-16,67620.01,2611.1,154.28,600.9,0.5482
2024-10-17,67421.78,2605.8,150.5,592.9,0.5441
2024-10-18,68428,2642.17,154.94,599.2,0.5465
2024-10-19,68378,2648.2,159.79,597.7,0.544
2024-10-20,69031.99,2746.91,167.4,605.9,0.5482
2024-10-21,67377.5,2666.7,166.17,598.8,0.5449
2024-10-22,67426,2622.81,167.59,593.8,0.5339
2024-10-23,66668.65,2524.61,170.85,584.9,0.5258
2024-10-24,68198.28,2535.82,177.19,594.5,0.532
2024-10-25,66698.33,2440.62,164.9,575.3,0.5022
2024-10-26,67092.76,2482.51,170.88,583.4,0.5134
2024-10-27,68021.7,2507.8,176.63,589.2,0.5168
2024-10-28,69962.21,2567.48,178.29,601.1,0.5195
2024-10-29,72736.42,2638.8,179.42,606.3,0.5284
2024-10-30,72344.74,2659.19,174.87,595.6,0.5229
2024-10-31,70292.01,2518.61,168.69,576.6,0.5095
2024-11-01,69496.01,2511.49,166.1,573.1,0.5131
2024-11-02,69374.74,2494.23,166.17,568.6,0.5103
2024-11-03,68775.99,2457.73,162.53,557.7,0.503
2024-11-04,67850.01,2398.21,157.95,552.5,0.5035
2024-11-05,69372.01,2422.55,166.62,563.21,0.514
2024-11-06,75571.99,2721.87,186.59,592.22,0.5418
2024-11-07,75857.89,2895.47,196.35,598.26,0.5556
2024-11-08,76509.78,2961.75,199.85,597.82,0.5537
2024-11-09,76677.46,3126.21,199.89,624.66,0.5593
2024-11-10,80370.01,3183.21,210.07,627.33,0.5884
2024-11-11,88647.99,3371.59,222.13,659.63,0.6207
2024-11-12,87952.01,3243.8,211.64,625.33,0.704
2024-11-13,90375.2,3187.16,215.13,620.68,0.6898
2024-11-14,87325.59,3058.82,209.57,622.3,0.7736
2024-11-15,91032.07,3090.01,218.45,619.37,0.8922
2024-11-16,90586.92,3132.87,215.71,622.69,1.1209
2024-11-17,89855.99,3076,237.47,618.9,1.0543
2024-11-18,90464.08,3207.8,239.79,618.93,1.1137
2024-11-19,92310.79,3107.44,237.63,615.5,1.1003
2024-11-20,94286.56,3069.97,235.48,605.39,1.1041
2024-11-21,98317.12,3355.81,256.37,621.86,1.247
2024-11-22,98892,3327.78,256.9,633,1.4726
2024-11-23,97672.4,3393.91,254.89,650.42,1.4685
2024-11-24,97900.04,3361.2,252.73,659.65,1.4331
2024-11-25,93010.01,3414.49,234.18,636.2,1.4142
2024-11-26,91965.16,3324.73,230.69,613.51,1.3984
2024-11-27,95863.11,3653.28,241.96,644.14,1.4696
2024-11-28,95643.98,3578.79,237.59,653.83,1.5421
2024-11-29,97460,3592.21,243.33,654.67,1.8006
2024-11-30,96407.99,3703.6,237.6,653.43,1.9513
2024-12-01,97185.18,3707.61,236.8,655.99,2.2937
2024-12-02,95840.62,3643.42,225.72,647.82,2.7245
2024-12-03,95849.69,3614.51,233.92,734.64,2.5102
2024-12-04,98587.32,3837.8,229.15,739.53,2.3574
2024-12-05,96945.63,3785.2,235.84,717.1,2.2446
2024-12-06,99740.84,3998.87,236.87,730.22,2.4257
2024-12-07,99831.99,3996.22,238.14,749.72,2.6099
2024-12-08,101109.59,4004.15,237.02,742,2.6013
2024-12-09,97276.47,3712,216.63,689.19,2.2124
2024-12-10,96593,3628.25,213.6,676.8,2.3709
2024-12-11,101125,3831.81,227.29,711.21,2.3941
2024-12-12,100004.29,3881.61,226.96,705.77,2.3384
2024-12-13,101424.25,3906.8,224.79,725.72,2.4217
2024-12-14,101420,3870.29,219.93,715.79,2.4005
2024-12-15,104463.99,3959.09,224.27,718.87,2.4469
2024-12-16,106058.66,3986.24,216.19,720.58,2.4841
2024-12-17,106133.74,3893.01,223.15,717.69,2.5673
2024-12-18,100204.01,3626.8,206.53,686.38,2.3103
2024-12-19,97461.86,3417.01,193.81,665.62,2.239
2024-12-20,97805.44,3472.21,194.48,678.6,2.2793
2024-12-21,97291.99,3338.92,181.45,663.49,2.238
2024-12-22,95186.27,3281.83,180.52,649.77,2.2031
2024-12-23,94881.47,3422.53,190.11,694.16,2.2617
2024-12-24,98663.58,3493.18,197.09,696.9,2.3238
2024-12-25,99429.6,3497,197.44,702.72,2.2973
2024-12-26,95791.6,3335.05,188.46,689.4,2.1559
2024-12-27,94299.03,3333.51,184.22,691.85,2.1466
2024-12-28,95300,3404,195.5,722.13,2.1843
2024-12-29,93738.2,3356.48,189.94,694.71,2.0942
2024-12-30,92792.05,3361.84,191.38,705.36,2.0587
2024-12-31,93576,3337.78,189.31,702.3,2.0836
2025-01-01,94591.79,3360.38,194.28,707.84,2.3328
2025-01-02,96984.79,3455.67,208.31,706.25,2.4024
2025-01-03,98174.18,3609.01,217.99,714.88,2.4547
2025-01-04,98220.5,3656.88,216.67,713.41,2.4201
2025-01-05,98363.61,3635.99,213.41,709.29,2.3994
2025-01-06,102235.6,3687.45,218.22,729.42,2.42
2025-01-07,96954.61,3381.31,202.17,698.01,2.2712
2025-01-08,95060.61,3327.29,197.48,696.03,2.3731
2025-01-09,92552.49,3219.2,184.95,685.48,2.2722
2025-01-10,94726.11,3267.04,187.68,693.21,2.3414
2025-01-11,94599.99,3282.83,188.09,696.7,2.5764
2025-01-12,94545.06,3267.3,188.51,693.34,2.5046
2025-01-13,94536.1,3137.51,182.87,688.64,2.5232
2025-01-14,96560.86,3225.63,187.57,698.89,2.6673
2025-01-15,100497.35,3451.52,205.86,714.59,3.1429
2025-01-16,99987.3,3308.05,211.14,708.1,3.2451
2025-01-17,104077.48,3473.63,219.51,721.76,3.2922
2025-01-18,104556.23,3307.71,261.97,709.52,3.2697
2025-01-19,101331.57,3215.12,252.42,683.19,2.9587
2025-01-20,102260.01,3284,242.19,682.51,3.1053
2025-01-21,106143.82,3327.54,250.33,692.21,3.1738
2025-01-22,103706.66,3242.6,257.36,695.52,3.1803
2025-01-23,103910.34,3338.21,253.11,689.74,3.1194
2025-01-24,104870.5,3310.09,253.37,680.45,3.1009
2025-01-25,104746.85,3318.77,256.41,686.4,3.108
2025-01-26,102620,3232.61,240.5,667.37,3.0223
2025-01-27,102082.83,3182.44,234.89,679.74,3.0552
2025-01-28,101335.52,3077.72,227.06,661.29,3.0572
2025-01-29,103733.24,3113.9,228.16,667.97,3.0683
2025-01-30,104722.94,3247.39,238.31,677.53,3.1276
2025-01-31,102429.56,3300.99,231.77,677.47,3.0361
2025-02-01,100635.65,3117.54,213.03,652.94,2.8778
2025-02-02,97700.59,2869.68,203.51,617.8,2.58
2025-02-03,101328.52,2879.9,216.28,617.21,2.7001
2025-02-04,97763.13,2731.19,206.64,572.69,2.5274
2025-02-05,96612.43,2788.25,196.12,569.55,2.381
2025-02-06,96554.35,2686.64,189.54,571.72,2.325
2025-02-07,96506.8,2622.1,191.99,577.71,2.3968
2025-02-08,96444.74,2632.46,199.32,612.39,2.419
2025-02-09,96462.75,2627.18,200.47,615.81,2.3928
2025-02-10,97430.82,2661.19,200.47,618.65,2.4237
2025-02-11,95778.2,2602.59,197.96,642.11,2.4131
2025-02-12,97869.99,2738.27,196.78,696.93,2.4734
2025-02-13,96608.14,2675.87,194.25,664.72,2.5599
2025-02-14,97500.48,2725.95,199.39,659.71,2.7384
2025-02-15,97569.66,2693.04,194.48,662.21,2.7619
2025-02-16,96118.12,2661.41,188.27,673.1,2.7283
2025-02-17,95780,2744.05,177.53,667.51,2.6599
2025-02-18,95671.74,2671.99,169.32,648.18,2.5628
2025-02-19,96644.37,2715.5,168.93,653.38,2.7378
2025-02-20,98305,2738.04,176,656.36,2.6877
2025-02-21,96181.98,2663,168.94,647.47,2.5721
2025-02-22,96551.01,2763.22,172.07,668.57,2.574
2025-02-23,96258,2819.69,167.94,658.42,2.5763
2025-02-24,91552.88,2513.52,141.81,614.2,2.2783
2025-02-25,88680.4,2495.7,144.33,623.49,2.3222
2025-02-26,84250.09,2336.37,135.32,611.57,2.1982
2025-02-27,84708.58,2307.72,137.68,605.41,2.1985
2025-02-28,84349.94,2237.59,148.18,588.07,2.1453
2025-03-01,86064.53,2217.39,143.66,607.93,2.1916
2025-03-02,94270,2518.11,178.71,623.94,2.9396
2025-03-03,86220.61,2149.01,142.16,576.1,2.3873
2025-03-04,87281.98,2171.51,144.79,584.01,2.4543
2025-03-05,90606.01,2241.59,146.28,598.24,2.4998
2025-03-06,89931.89,2202.2,143.31,596.5,2.6001
2025-03-07,86801.75,2141.6,139.39,594.77,2.3855
2025-03-08,86222.45,2203.58,137.01,593.1,2.3261
2025-03-09,80734.37,2020.41,126.51,554.65,2.1387
2025-03-10,78595.86,1865.1,118.32,531.49,2.0216
2025-03-11,82932.99,1923.43,125.35,551.61,2.1711
2025-03-12,83680.12,1908.2,126.62,569.87,2.2396
2025-03-13,81115.78,1864.59,123.37,579.8,2.2527
2025-03-14,83983.2,1911.65,133.54,587.76,2.3564
2025-03-15,84338.44,1937.17,135.86,619.83,2.3911
2025-03-16,82574.53,1887,126.13,602.2,2.2938
2025-03-17,84010.03,1926.31,128.01,631.69,2.3382
2025-03-18,82715.03,1931.54,125.33,627.81,2.2851
2025-03-19,86845.94,2056.06,135.33,618.7,2.5469
2025-03-20,84223.39,1983.79,127.6,630.47,2.4361
2025-03-21,84088.79,1965.75,128.48,635.17,2.3809
2025-03-22,83840.59,1980.69,128.51,627.01,2.3711
2025-03-23,86082.5,2005.99,132.84,623.79,2.4393
2025-03-24,87498.16,2081.2,141.01,637.08,2.4501
2025-03-25,87392.87,2066.15,143.64,629.82,2.4492
2025-03-26,86909.17,2009.52,137.34,617.99,2.3494
2025-03-27,87232.01,2003.66,138.43,637.36,2.341
2025-03-28,84424.38,1896.9,129.49,619.81,2.2073
2025-03-29,82648.54,1828.08,124.58,602.99,2.1351
2025-03-30,82389.99,1807.74,124.82,602.2,2.1369
2025-03-31,82550.01,1822.43,124.54,604.81,2.0899
2025-04-01,85158.34,1904.98,126.67,611.13,2.1387
2025-04-02,82516.29,1795.22,117.42,590.68,2.0237
2025-04-03,83213.09,1817.23,117.17,592.67,2.0648
2025-04-04,83889.87,1816.87,122.79,597.71,2.1302
2025-04-05,83537.99,1806.01,120.32,593.13,2.1442
2025-04-06,78430,1580.76,105.91,555.54,1.9218
2025-04-07,79163.24,1553.04,106.99,554.6,1.8987
2025-04-08,76322.42,1473.41,105.4,553.72,1.7963
2025-04-09,82615.22,1669.51,119.05,582.32,2.0529
2025-04-10,79607.3,1522.25,112.81,578.03,1.9658
2025-04-11,83423.84,1566.85,121.41,585.93,2.0225
2025-04-12,85276.9,1644.18,132.24,597.29,2.1598
2025-04-13,83760,1597.76,128.38,584.28,2.1196
2025-04-14,84591.58,1623.77,129.42,584.54,2.1275
2025-04-15,83643.99,1588.78,126.11,579.52,2.0842
2025-04-16,84030.38,1577.14,131.33,582.8,2.0834
2025-04-17,84947.91,1583.62,134.83,590.49,2.0673
2025-04-18,84474.69,1588.6,134.04,591.71,2.0619
2025-04-19,85077.01,1613.27,139.87,591.73,2.0877
2025-04-20,85179.24,1587.36,137.86,592.77,2.0787
2025-04-21,87516.23,1579.57,136.56,597.34,2.0855
2025-04-22,93442.99,1756.26,148.79,618.51,2.2139
2025-04-23,93691.08,1795.07,151.1,605.71,2.2184
2025-04-24,93980.47,1769.65,152.55,601.55,2.2049
2025-04-25,94638.68,1784.6,150.82,599.91,2.1812
2025-04-26,94628,1820.88,149.21,607.23,2.1912
2025-04-27,93749.3,1791.29,147.98,603.46,2.252
2025-04-28,95011.18,1799.88,147.84,606.16,2.2949
2025-04-29,94256.82,1797.81,146.31,601,2.238
2025-04-30,94172,1793.61,147.54,599.88,2.1908
2025-05-01,96489.91,1838.11,150.85,599.63,2.2123
2025-05-02,96887.14,1842.2,148.05,600.69,2.2093
2025-05-03,95856.42,1833.52,146.71,599.36,2.1872
2025-05-04,94277.62,1808.86,143.95,586.03,2.156
2025-05-05,94733.68,1820.19,146.72,597.61,2.1306
2025-05-06,96834.02,1817,146.88,602.57,2.155
2025-05-07,97030.5,1811.11,147.32,602.7,2.1265
2025-05-08,103261.6,2207.39,164.46,629.17,2.3272
2025-05-09,102971.99,2345.04,172.78,666.29,2.3439
2025-05-10,104809.53,2583.23,177.89,663.9,2.4711
2025-05-11,104118,2514.57,173.19,651.15,2.367
2025-05-12,102791.32,2495.47,174.22,660.07,2.5439
2025-05-13,104103.72,2679.71,183.75,664.13,2.5829
2025-05-14,103507.82,2609.74,176.64,652.47,2.5503
2025-05-15,103763.71,2548.69,169.16,651.88,2.3856
2025-05-16,103463.9,2537.12,167.4,646.76,2.3798
2025-05-17,103126.65,2475.08,165.94,639.51,2.3531
2025-05-18,106454.26,2497.78,173.3,651.53,2.428
2025-05-19,105573.74,2528.14,166.86,649.62,2.3803
2025-05-20,106849.99,2524.19,168.59,650,2.3565
2025-05-21,109643.99,2550.99,173.53,673.31,2.3952
2025-05-22,111696.21,2664.82,179.68,686.57,2.4311
2025-05-23,107318.3,2526.5,174.01,656.98,2.2966
2025-05-24,107761.91,2530.4,175.87,668.01,2.3303
2025-05-25,109004.19,2551.22,175.74,669.44,2.3417
2025-05-26,109434.79,2563.7,174.91,674.29,2.3103
2025-05-27,108938.17,2660.81,176.71,686.91,2.3168
2025-05-28,107781.78,2681.6,172.21,686.89,2.2742
2025-05-29,105589.75,2631.39,166.71,675.02,2.2442
2025-05-30,103985.48,2531.34,156.2,655.36,2.1398
2025-05-31,104591.88,2528.06,156.45,658.01,2.1738
2025-06-01,105642.93,2539.21,157.68,660.77,2.1792
2025-06-02,105857.99,2607.41,156.83,665.93,2.1965
2025-06-03,105376.89,2593.36,155.19,661.59,2.2446
2025-06-04,104696.86,2607.68,153.26,663.23,2.2009
2025-06-05,101508.68,2414.01,144.29,633.32,2.0936
2025-06-06,104288.44,2476.1,147.83,642.7,2.1598
2025-06-07,105552.15,2524.63,150.06,650.82,2.1769
2025-06-08,105734,2509.83,152.45,652,2.267
2025-06-09,110263.02,2680.13,161.16,665.58,2.3211
2025-06-10,110274.39,2816.4,165.12,673.51,2.3074
2025-06-11,108645.12,2771.61,160.97,667.43,2.2704
2025-06-12,105671.73,2642.65,152.32,654.75,2.1899
2025-06-13,106066.59,2579.19,148.6,655.35,2.1472
2025-06-14,105414.64,2530.76,144.64,645.61,2.1394
2025-06-15,105594.01,2547.61,152.97,648.19,2.1655
2025-06-16,106794.53,2544.17,150.72,650.74,2.238
2025-06-17,104551.17,2509.95,147.57,648.08,2.159
2025-06-18,104886.78,2525,146.34,644.77,2.1705
2025-06-19,104658.59,2521.12,147.04,644.65,2.1648
2025-06-20,103297.99,2406.49,140.11,641.61,2.1194
2025-06-21,102120.01,2295.73,135.43,628.97,2.0632
2025-06-22,100963.87,2227.7,131.71,615.81,2.0172
2025-06-23,105333.93,2411.66,144.51,640.49,2.1584
2025-06-24,106083,2448.45,145.92,643.53,2.1898
2025-06-25,107340.58,2418.49,143.57,646.07,2.1859
2025-06-26,106947.06,2415.96,139.06,642.3,2.1054
2025-06-27,107047.59,2423.17,142.09,645.71,2.1419
2025-06-28,107296.79,2435.62,150.72,648.6,2.1854
2025-06-29,108356.93,2500.09,153.32,654.9,2.2061
2025-06-30,107146.5,2485.47,154.81,656.9,2.2362
2025-07-01,105681.14,2405.01,146.88,646.33,2.172
2025-07-02,108849.6,2570.41,152.27,659.71,2.2336
2025-07-03,109584.78,2591.25,152.36,663.59,2.2569
2025-07-04,107984.24,2508.04,147.7,653.6,2.2205
2025-07-05,108198.12,2516.41,147.55,656.16,2.2178
2025-07-06,109203.84,2570.35,151.86,663.13,2.2709
2025-07-07,108262.94,2542.29,148.88,661.06,2.2708
2025-07-08,108922.98,2615.25,151.67,660.63,2.3108
2025-07-09,111233.99,2768.74,157.05,668.68,2.4038
2025-07-10,116010,2951.29,164.34,685.8,2.5471
2025-07-11,117527.66,2958.22,162.93,689.99,2.7322
2025-07-12,117420,2943.28,160.69,685.86,2.7395
2025-07-13,119086.64,2972.03,161.15,692,2.8361
2025-07-14,119841.18,3013.62,162.21,689.12,2.9582
2025-07-15,117758.09,3137.89,163.98,689.92,2.919
2025-07-16,118630.43,3371.35,173.63,708.61,3.038
2025-07-17,119177.56,3476.87,175.87,720.65,3.4814
2025-07-18,117924.84,3546.92,177.28,729.92,3.4135
2025-07-19,117840,3592.01,176.96,733.2,3.4244
2025-07-20,117265.12,3756.69,181.43,756.82,3.454
2025-07-21,117380.36,3762.33,195.72,766.22,3.5495
2025-07-22,119954.42,3746.21,205.7,786.68,3.5504
2025-07-23,118755.99,3628.29,189.4,776.74,3.1838
2025-07-24,118340.99,3706.94,182.87,770.74,3.1453
2025-07-25,117614.31,3724.96,186.76,785.45,3.1423
2025-07-26,117919.99,3741.1,184.88,793.29,3.1662
2025-07-27,119415.55,3872.1,188.64,844,3.2389
2025-07-28,118062.32,3799,183.11,824.07,3.1235
2025-07-29,117950.76,3793.79,181.48,805.1,3.128
2025-07-30,117840.3,3810,177.77,793.51,3.0966
2025-07-31,115764.08,3698.39,172.22,783.14,3.0224
2025-08-01,113297.93,3488.2,162.71,757.08,2.9613
2025-08-02,112546.35,3393.94,158.48,736.42,2.7695
2025-08-03,114208.8,3496.74,161.97,751.21,2.948
2025-08-04,115055.03,3720.99,169.55,768.63,3.0716
2025-08-05,114129.75,3612,164.09,755.13,2.9623
2025-08-06,114992.27,3683.31,168.09,769.55,2.9908
2025-08-07,117472.01,3910.31,175.36,788.67,3.3197
2025-08-08,116674.74,4009.5,176.78,793.5,3.2859
2025-08-09,116462.25,4260.62,179.95,798.83,3.2259
2025-08-10,119294.01,4250.57,182.66,807.22,3.187
2025-08-11,118686,4223.22,174.84,805.09,3.1295
2025-08-12,120134.08,4590.52,191.78,832.47,3.2676
2025-08-13,123306.43,4749.3,201.51,848.01,3.2744
2025-08-14,118295.09,4546.84,192.47,840.42,3.0792
2025-08-15,117342.05,4439.47,185.72,827.81,3.0779
2025-08-16,117380.66,4421.99,189.6,838.71,3.1055
2025-08-17,117405.01,4472.33,190.99,855.38,3.0877
2025-08-18,116227.05,4312.99,182.94,846.99,3.0616
2025-08-19,112872.94,4075.59,176.22,824.11,2.8608
2025-08-20,114271.24,4336.16,187.94,869.05,2.9512
2025-08-21,112500,4225.3,180.29,839.49,2.8519
2025-08-22,116935.99,4832.07,200.69,900.21,3.0744
2025-08-23,115438.05,4778.4,204.14,880.42,3.0485
2025-08-24,113493.59,4780.15,205.98,876.51,3.0258
2025-08-25,110111.98,4376.18,187.2,839.32,2.8584
2025-08-26,111763.22,4600.63,195.86,863.7,3.0123
2025-08-27,111262.01,4506.71,202.95,855.18,2.9688
2025-08-28,112566.9,4511.21,214.43,873.47,2.9665
2025-08-29,108377.4,4360.18,205.08,862.3,2.8195
2025-08-30,108816.33,4373.7,202.7,862,2.8181
2025-08-31,108246.35,4391.83,200.62,857.65,2.7757
2025-09-01,109237.42,4314.5,197.32,845.68,2.7589
2025-09-02,111240.01,4326.5,209.65,851.8,2.862
2025-09-03,111705.71,4450.46,210.77,854.76,2.8443
2025-09-04,110730.87,4297.55,202.32,843.63,2.7946
2025-09-05,110659.99,4307.45,203.36,850.14,2.8147
2025-09-06,110187.97,4273.14,200.16,860.85,2.8098
2025-09-07,111137.34,4306.19,206.35,880.05,2.877
2025-09-08,112065.23,4306.37,214.11,878.08,2.9697
2025-09-09,111546.39,4310.09,217.21,880.01,2.9474
2025-09-10,113960,4349.32,224.07,893.77,2.9834
2025-09-11,115482.69,4458.82,228.73,902.77,3.0398
2025-09-12,116029.42,4712.16,242.18,924.8,3.1054
2025-09-13,115918.29,4666.53,242.38,933.68,3.1193
2025-09-14,115268.01,4604.49,239.76,926.51,3.0279
2025-09-15,115349.71,4523.74,234.31,919.68,2.9969
2025-09-16,116788.96,4501.29,236.96,955.65,3.0376
2025-09-17,116447.59,4590.53,244.84,989.98,3.0841
2025-09-18,117073.53,4587.66,247.5,981.04,3.0735
2025-09-19,115632.38,4468.59,238.53,984.1,2.9901
2025-09-20,115685.63,4480.42,239.48,1043.77,2.975
2025-09-21,115232.29,4444.97,236.16,1047.8,2.9701
2025-09-22,112650.99,4199.08,220.38,992.9,2.8526
2025-09-23,111998.8,4164.26,213.3,1015.98,2.8247
2025-09-24,113307,4152.81,211.6,1018.49,2.9257
2025-09-25,108994.49,3874.36,192.74,945.9,2.7435
2025-09-26,109643.46,4032.24,205.17,960.8,2.7835
2025-09-27,109635.85,4018.38,203.46,968.45,2.8047
2025-09-28,112163.95,4142.16,210.83,993.01,2.8674
2025-09-29,114311.96,4215.07,212.75,1029.79,2.8801
2025-09-30,114048.93,4145.15,208.68,1008.51,2.8468
2025-10-01,118594.99,4348.03,222.04,1026.5,2.9485
2025-10-02,120529.35,4484.35,234.74,1090.22,3.0389
2025-10-03,122232,4512.87,232.84,1189.4,3.0401
2025-10-04,122391,4487.15,227.86,1150.75,2.9685
2025-10-05,123482.31,4514.32,228.56,1167.38,2.9697
2025-10-06,124658.54,4684.01,232.35,1223.19,2.9883
2025-10-07,121332.95,4447.7,219.97,1304.43,2.852
2025-10-08,123306,4525.72,229.02,1307.4,2.8797
2025-10-09,121662.4,4368.09,220.93,1255.35,2.8021
2025-10-10,112774.5,3829.72,188.43,1102.47,2.3704
2025-10-11,110644.4,3746.79,177.62,1135.07,2.3819
2025-10-12,114958.8,4152.29,197,1302.65,2.5282
2025-10-13,115166,4240.85,208.69,1294.55,2.6052
2025-10-14,113028.14,4125.02,202.44,1208.52,2.5033
2025-10-15,110763.28,3985.61,193.84,1162.57,2.4109
2025-10-16,108194.28,3894.51,184.85,1144.83,2.328
2025-10-17,106431.68,3831.57,181.96,1071.15,2.2936
2025-10-18,107185.01,3889.21,187.56,1092.43,2.3596
2025-10-19,108642.78,3982.58,187.86,1109.88,2.3908
2025-10-20,110532.09,3979.22,189.71,1100.19,2.4948
2025-10-21,108297.67,3873.05,185.63,1057.16,2.4222
2025-10-22,107567.44,3805.53,180.12,1071.82,2.3647
2025-10-23,110078.18,3856.8,191.35,1126.72,2.3947
2025-10-24,111004.89,3934.88,193.59,1109.01,2.5103
2025-10-25,111646.27,3953.82,193.84,1116.53,2.5959
2025-10-26,114559.4,4158.46,200.03,1138.19,2.6461
2025-10-27,114107.65,4120.15,198.7,1138.88,2.634
2025-10-28,112898.45,3979.2,194.15,1103.45,2.6034
2025-10-29,110021.29,3902.99,193.88,1107.7,2.5502
2025-10-30,108322.88,3805.09,184.69,1079.05,2.4393
2025-10-31,109608.01,3847.99,187.21,1088.9,2.5097
2025-11-01,110098.1,3873.77,186.35,1094.53,2.5053
2025-11-02,110540.68,3906.58,187.71,1083.25,2.5267
2025-11-03,106583.04,3603.83,166.06,993.54,2.3096
2025-11-04,101497.22,3287.05,155.03,936.77,2.2053
2025-11-05,103885.16,3424.29,162.37,959.33,2.3432
2025-11-06,101346.04,3315.14,155.28,950.4,2.213
2025-11-07,103339.08,3436.05,161.79,991.15,2.3154
2025-11-08,102312.94,3401.51,158.02,991.03,2.2863
2025-11-09,104722.96,3583.46,164.53,996.63,2.3662
2025-11-10,106011.13,3567.85,167.31,991.98,2.526
2025-11-11,103058.99,3417.76,154.63,958.08,2.3915
2025-11-12,101654.37,3414.92,153.42,952.86,2.3879
2025-11-13,99692.02,3231.54,144.73,927.15,2.3225
2025-11-14,94594,3112.4,138.92,915.25,2.2443
2025-11-15,95596.24,3167.88,139.61,932.28,2.2372
2025-11-16,94261.44,3095.29,137.17,926.56,2.2149
2025-11-17,92215.14,3031.44,130.99,907.36,2.1637
2025-11-18,92960.83,3123.66,140.69,932.79,2.2172
2025-11-19,91554.96,3025.48,137.06,897.77,2.1098
2025-11-20,86637.23,2834.22,133.67,866.51,1.9999
2025-11-21,85129.43,2765.85,128.68,830.46,1.9509
2025-11-22,84739.74,2770.12,127.59,833.78,1.9509
2025-11-23,86830,2802.16,130.58,843.6,2.0491
2025-11-24,88300.01,2953.38,138.44,864.92,2.2276
2025-11-25,87369.96,2959.36,138.96,862.57,2.2024
2025-11-26,90484.02,3026.56,143.02,891.78,2.2233
2025-11-27,91333.95,3015.23,140.85,895.74,2.1999
2025-11-28,90890.7,3031.15,137.33,887.19,2.1795
2025-11-29,90802.44,2989.16,135.91,872.9,2.2009
2025-11-30,90360,2991.26,133.48,875.31,2.155
2025-12-01,86286.01,2799.07,126.66,826.61,2.0297
2025-12-02,91277.88,2996.07,138.68,876.61,2.1532
2025-12-03,93429.95,3188.36,144.67,920.76,2.1976
2025-12-04,92078.06,3133.26,139.01,899.92,2.096
2025-12-05,89330.04,3021.78,133.29,883.57,2.0344
2025-12-06,89236.79,3038.06,132.19,890.38,2.0309
2025-12-07,90395.31,3059.85,132.24,894.37,2.0442
2025-12-08,90634.34,3124.16,133.25,897.12,2.0724
2025-12-09,92678.8,3318.04,137.88,897.3,2.1062
2025-12-10,92015.37,3324.14,136.26,893.43,2.0418
2025-12-11,92513.38,3237.39,136.41,885.91,2.034
2025-12-12,90268.42,3084.86,132.27,881.58,2.0074
2025-12-13,90240.01,3114.64,133.14,896.82,2.0227
2025-12-14,88172.17,3063.5,129.4,877.27,1.9784
2025-12-15,86432.08,2964.85,127.81,858.6,1.8981
2025-12-16,87863.42,2962.3,129.15,875.63,1.9297
2025-12-17,86243.22,2833.49,123.27,843.07,1.8627
2025-12-18,85516.41,2828.57,119.6,830.07,1.8076
2025-12-19,88136.94,2979.5,126.27,856.17,1.9092
2025-12-20,88360.9,2977.93,125.81,854.17,1.9335
2025-12-21,88658.86,3002.02,126.03,858.64,1.9223
2025-12-22,88620.79,3009.49,125.93,858.66,1.9043
2025-12-23,87486,2965.02,124.01,844.3,1.8734
2025-12-24,87669.45,2947.47,122.53,846.58,1.8628
2025-12-25,87225.27,2903.95,120.06,829.64,1.8326
2025-12-26,87369.56,2927.99,122.26,834.72,1.8437
2025-12-27,87877.01,2949.05,124.73,845.04,1.8735
2025-12-28,87952.71,2950.91,125.27,859.32,1.8654
2025-12-29,87237.13,2937.9,123.28,852.46,1.8508
2025-12-30,88485.49,2973.69,125.01,861.65,1.8776
2025-12-31,87648.22,2971.64,124.65,864.3,1.8423
2026-01-01,88839.04,3004.19,126.9,864.39,1.8799
2026-01-02,89995.13,3125.45,132.29,881.25,2.0069
2026-01-03,90628.01,3127.11,133.37,878.63,2.0182
2026-01-04,91529.73,3144.7,134.12,895.43,2.0909
2026-01-05,93859.71,3224.99,137.9,910.31,2.3478
2026-01-06,93747.97,3296.84,141.08,917.64,2.3042
2026-01-07,91364.16,3168.72,136.39,900.3,2.1657
2026-01-08,91099.99,3106.65,138.37,892.26,2.1232
2026-01-09,90641.28,3088.4,135.97,896.86,2.0958
2026-01-10,90504.7,3086.72,135.84,907.93,2.0907
2026-01-11,91013.65,3123.45,139.7,904.32,2.0745
2026-01-12,91296.2,3095.75,139.22,905.78,2.054
2026-01-13,95414,3325.82,145.51,943.73,2.1655
2026-01-14,96951.78,3354.92,146.69,948.47,2.1394
2026-01-15,95604.8,3318.69,142.4,931.2,2.0789
2026-01-16,95550.94,3296.28,144.89,938.16,2.0678
2026-01-17,95147.77,3310.56,143.72,947.12,2.0631
2026-01-18,93673.14,3284.03,137.87,932.51,1.9914
2026-01-19,92631,3189.55,133.44,923.6,1.986
2026-01-20,88427.66,2939.88,125.8,884.2,1.89
2026-01-21,89454.73,2982.27,129.54,883.36,1.9476
2026-01-22,89559.67,2952.69,128.47,888.06,1.9236
2026-01-23,89600.26,2956.41,127.43,891.63,1.9196
2026-01-24,89225.34,2953.22,127.21,887.17,1.9143
2026-01-25,86670.36,2816.89,118.85,866.02,1.8356
2026-01-26,88347.08,2930.35,124.24,879.41,1.9041
2026-01-27,89250,3026.77,127.19,898.36,1.9158
2026-01-28,89299.99,3010.78,125.35,902.91,1.9111
2026-01-29,84650.16,2822.59,117.82,868.69,1.8076
2026-01-30,84260.49,2707.38,117.59,858.81,1.7352
2026-01-31,78741.09,2451.95,105.58,781.38,1.6472
2026-02-01,76968.21,2270.15,100.79,758.54,1.5908
2026-02-02,78738.61,2347.02,104.55,773.94,1.6198
2026-02-03,75770.21,2233.72,97.89,754.78,1.5791
2026-02-04,73165.83,2148.26,92.12,697.27,1.512
2026-02-05,62909.86,1826.83,78.35,608.3,1.2146
2026-02-06,70580.26,2063.38,87.46,657.21,1.4698
2026-02-07,69289.38,2087.08,87.59,647,1.4231
2026-02-08,70330.38,2089.74,86.99,639.93,1.4308
2026-02-09,70138,2105.02,86.77,636.39,1.437
2026-02-10,68841.29,2022.67,82.99,619.85,1.3999
2026-02-11,67082.52,1941.18,79.3,608.11,1.3697
2026-02-12,66272.17,1947.85,78.4,614.29,1.3635
2026-02-13,68853.96,2048.72,84.33,618.94,1.4071
2026-02-14,69822.95,2086.59,88.06,632.77,1.5094
2026-02-15,68832.58,1966.58,86.16,615.16,1.4753
2026-02-16,68892.43,1998.33,86.45,627.19,1.4876
2026-02-17,67503.52,1991.66,85.08,617.74,1.4743
2026-02-18,66461,1955.91,81.61,604.8,1.4219
2026-02-19,67003.73,1949.08,82.5,607.83,1.4068
2026-02-20,68020.01,1968.88,84.67,625.91,1.4292
2026-02-21,67975.93,1973.35,85.17,625.61,1.4304
2026-02-22,67643.4,1957.82,82.79,614.8,1.3932
2026-02-23,64656.02,1856.3,77.9,596.41,1.3518
2026-02-24,64058.15,1851.94,78.99,583.6,1.3482
2026-02-25,67988.04,2057.48,88.06,629.42,1.4339
2026-02-26,67485.18,2027.68,85.91,625.74,1.4027
2026-02-27,65872.1,1929.84,81.85,614.03,1.3562
2026-02-28,66973.26,1964.51,84.35,617.14,1.3762
