date,jaccard,additions,removals,set_size
2021-05-01,0.0000000000,72,0,72
2021-05-02,0.7435897436,6,14,64
2021-05-03,0.7594936709,15,4,75
2021-05-04,0.8000000000,15,3,87
2021-05-05,0.8522727273,1,12,76
2021-05-06,0.8333333333,8,6,78
2021-05-07,0.8522727273,10,3,85
2021-05-08,0.7692307692,6,15,76
2021-05-09,0.8024691358,5,11,70
2021-05-10,0.7701149425,17,3,84
2021-05-11,0.7674418605,2,18,68
2021-05-12,0.7619047619,16,4,80
2021-05-13,0.8953488372,6,3,83
2021-05-14,0.7951807229,0,17,66
2021-05-15,0.8378378378,8,4,70
2021-05-16,0.8227848101,9,5,74
2021-05-17,0.8205128205,4,10,68
2021-05-18,0.8082191781,5,9,64
2021-05-19,0.7750000000,16,2,78
2021-05-20,0.8192771084,5,10,73
2021-05-21,0.8701298701,4,6,71
2021-05-22,0.7397260274,2,17,56
2021-05-23,0.7419354839,6,10,52
2021-05-24,0.7538461538,13,3,62
2021-05-25,0.8088235294,6,7,61
2021-05-26,0.8636363636,5,4,62
2021-05-27,0.8437500000,2,8,56
2021-05-28,0.7812500000,8,6,58
2021-05-29,0.7166666667,2,15,45
2021-05-30,0.7959183673,4,6,43
2021-05-31,0.8695652174,3,3,43
2021-06-01,0.8085106383,4,5,42
2021-06-02,0.7222222222,12,3,51
2021-06-03,0.7540983607,10,5,56
2021-06-04,0.8500000000,4,5,55
2021-06-05,0.8070175439,2,9,48
2021-06-06,0.6226415094,5,15,38
2021-06-07,0.6739130435,8,7,39
2021-06-08,0.6923076923,13,3,49
2021-06-09,0.7735849057,4,8,45
2021-06-10,0.6800000000,5,11,39
2021-06-11,0.6170212766,8,10,37
2021-06-12,0.7179487179,2,9,30
2021-06-13,0.6060606061,3,10,23
2021-06-14,0.7000000000,7,2,28
2021-06-15,0.7666666667,2,5,25
2021-06-16,0.7419354839,6,2,29
2021-06-17,0.7187500000,3,6,26
2021-06-18,0.8000000000,4,2,28
2021-06-19,0.6666666667,2,8,22
2021-06-20,0.7916666667,2,3,21
2021-06-21,0.5833333333,3,7,17
2021-06-22,0.8333333333,1,2,16
2021-06-23,0.6666666667,5,2,19
2021-06-24,0.6521739130,4,4,19
2021-06-25,0.7894736842,0,4,15
2021-06-26,0.9375000000,1,0,16
2021-06-27,0.7222222222,2,3,15
2021-06-28,0.7647058824,2,2,15
2021-06-29,0.6666666667,6,1,20
2021-06-30,0.6923076923,6,2,24
2021-07-01,0.6296296296,3,7,20
2021-07-02,0.6363636364,2,6,16
2021-07-03,0.9375000000,0,1,15
2021-07-04,0.8823529412,2,0,17
2021-07-05,0.7500000000,3,2,18
2021-07-06,0.6153846154,8,2,24
2021-07-07,0.6428571429,4,6,22
2021-07-08,0.7916666667,2,3,21
2021-07-09,0.7307692308,5,2,24
2021-07-10,0.6153846154,2,8,18
2021-07-11,0.6153846154,8,2,24
2021-07-12,0.6551724138,5,5,24
2021-07-13,0.6071428571,4,7,21
2021-07-14,0.6250000000,3,6,18
2021-07-15,0.8500000000,2,1,19
2021-07-16,0.6000000000,1,7,13
2021-07-17,0.7692307692,0,3,10
2021-07-18,0.7692307692,3,0,13
2021-07-19,0.5714285714,1,5,9
2021-07-20,0.9000000000,1,0,10
2021-07-21,0.6250000000,6,0,16
2021-07-22,0.7500000000,4,1,19
2021-07-23,0.9000000000,1,1,19
2021-07-24,0.7083333333,5,2,22
2021-07-25,0.8695652174,1,2,21
2021-07-26,0.7391304348,2,4,19
2021-07-27,0.8500000000,1,2,18
2021-07-28,0.6363636364,4,4,18
2021-07-29,0.7500000000,2,3,17
2021-07-30,0.6666666667,1,5,13
2021-07-31,0.6315789474,6,1,18
2021-08-01,0.6521739130,5,3,20
2021-08-02,0.6800000000,5,3,22
2021-08-03,0.6956521739,1,6,17
2021-08-04,0.7619047619,4,1,20
2021-08-05,0.6153846154,6,4,22
2021-08-06,0.6296296296,5,5,22
2021-08-07,0.6774193548,9,1,30
2021-08-08,0.6875000000,2,8,24
2021-08-09,0.7096774194,7,2,29
2021-08-10,0.7000000000,11,1,39
2021-08-11,0.6481481481,15,4,50
2021-08-12,0.6909090909,5,12,43
2021-08-13,0.6458333333,5,12,36
2021-08-14,0.6734693878,13,3,46
2021-08-15,0.7454545455,9,5,50
2021-08-16,0.6865671642,17,4,63
2021-08-17,0.7428571429,7,11,59
2021-08-18,0.7142857143,4,14,49
2021-08-19,0.7413793103,9,6,52
2021-08-20,0.7460317460,11,5,58
2021-08-21,0.7536231884,11,6,63
2021-08-22,0.7250000000,17,5,75
2021-08-23,0.7209302326,11,13,73
2021-08-24,0.6987951807,10,15,68
2021-08-25,0.7916666667,4,11,61
2021-08-26,0.6865671642,6,15,52
2021-08-27,0.8448275862,6,3,55
2021-08-28,0.6833333333,5,14,46
2021-08-29,0.7636363636,9,4,51
2021-08-30,0.7540983607,10,5,56
2021-08-31,0.7727272727,10,5,61
2021-09-01,0.7878787879,5,9,57
2021-09-02,0.7246376812,12,7,62
2021-09-03,0.7000000000,8,13,57
2021-09-04,0.6714285714,13,10,60
2021-09-05,0.6973684211,16,7,69
2021-09-06,0.6781609195,18,10,77
2021-09-07,0.6629213483,12,18,71
2021-09-08,0.7671232877,2,15,58
2021-09-09,0.8064516129,4,8,54
2021-09-10,0.8421052632,3,6,51
2021-09-11,0.7358490566,2,12,41
2021-09-12,0.6981132075,12,4,49
2021-09-13,0.7592592593,5,8,46
2021-09-14,0.7551020408,3,9,40
2021-09-15,0.7755102041,9,2,47
2021-09-16,0.7457627119,12,3,56
2021-09-17,0.7258064516,6,11,51
2021-09-18,0.7321428571,5,10,46
2021-09-19,0.7600000000,4,8,42
2021-09-20,0.6428571429,14,6,50
2021-09-21,0.7407407407,4,10,44
2021-09-22,0.7346938776,5,8,41
2021-09-23,0.7906976744,2,7,36
2021-09-24,0.7954545455,8,1,43
2021-09-25,0.6888888889,2,12,33
2021-09-26,0.7560975610,8,2,39
2021-09-27,0.7750000000,1,8,32
2021-09-28,0.8529411765,2,3,31
2021-09-29,0.8787878788,2,2,31
2021-09-30,0.8787878788,2,2,31
2021-10-01,0.7777777778,5,3,33
2021-10-02,0.8888888889,3,1,35
2021-10-03,0.8048780488,6,2,39
2021-10-04,0.8461538462,0,6,33
2021-10-05,0.8648648649,4,1,36
2021-10-06,0.6363636364,8,8,36
2021-10-07,0.5957446809,11,8,39
2021-10-08,0.7674418605,4,6,37
2021-10-09,0.7674418605,6,4,39
2021-10-10,0.6500000000,1,13,27
2021-10-11,0.7586206897,2,5,24
2021-10-12,0.7500000000,4,3,25
2021-10-13,0.7857142857,3,3,25
2021-10-14,0.8214285714,3,2,26
2021-10-15,0.7187500000,6,3,29
2021-10-16,0.6562500000,3,8,24
2021-10-17,0.5862068966,5,7,22
2021-10-18,0.7083333333,2,5,19
2021-10-19,0.5925925926,8,3,24
2021-10-20,0.7666666667,6,1,29
2021-10-21,0.7812500000,3,4,28
2021-10-22,0.6774193548,3,7,24
2021-10-23,0.6206896552,5,6,23
2021-10-24,0.6129032258,8,4,27
2021-10-25,0.7419354839,4,4,27
2021-10-26,0.7428571429,8,1,34
2021-10-27,0.6923076923,5,7,32
2021-10-28,0.7941176471,2,5,29
2021-10-29,0.7222222222,7,3,33
2021-10-30,0.7317073171,8,3,38
2021-10-31,0.6938775510,11,4,45
2021-11-01,0.8400000000,5,3,47
2021-11-02,0.7735849057,6,6,47
2021-11-03,0.7735849057,6,6,47
2021-11-04,0.7321428571,9,6,50
2021-11-05,0.8113207547,3,7,46
2021-11-06,0.8125000000,2,7,41
2021-11-07,0.8000000000,4,5,40
2021-11-08,0.7142857143,9,5,44
2021-11-09,0.7115384615,8,7,45
2021-11-10,0.7600000000,5,7,43
2021-11-11,0.8000000000,7,3,47
2021-11-12,0.7924528302,6,5,48
2021-11-13,0.7592592593,6,7,47
2021-11-14,0.8000000000,3,7,43
2021-11-15,0.7755102041,6,5,44
2021-11-16,0.8400000000,6,2,48
2021-11-17,0.7115384615,4,11,41
2021-11-18,0.8222222222,4,4,41
2021-11-19,0.8409090909,3,4,40
2021-11-20,0.7800000000,10,1,49
2021-11-21,0.6896551724,9,9,49
2021-11-22,0.7000000000,11,7,53
2021-11-23,0.7118644068,6,11,48
2021-11-24,0.7222222222,6,9,45
2021-11-25,0.7636363636,10,3,52
2021-11-26,0.7719298246,5,8,49
2021-11-27,0.6935483871,13,6,56
2021-11-28,0.6666666667,4,16,44
2021-11-29,0.6862745098,7,9,42
2021-11-30,0.6862745098,9,7,44
2021-12-01,0.7755102041,5,6,43
2021-12-02,0.6851851852,11,6,48
2021-12-03,0.6885245902,13,6,55
2021-12-04,0.6949152542,4,14,45
2021-12-05,0.7111111111,0,13,32
2021-12-06,0.7631578947,6,3,35
2021-12-07,0.7631578947,3,6,32
2021-12-08,0.7105263158,6,5,33
2021-12-09,0.6666666667,3,9,27
2021-12-10,0.8275862069,2,3,26
2021-12-11,0.7142857143,2,6,22
2021-12-12,0.7407407407,5,2,25
2021-12-13,0.7692307692,1,5,21
2021-12-14,0.7692307692,5,1,25
2021-12-15,0.7500000000,3,4,24
2021-12-16,0.7666666667,6,1,29
2021-12-17,0.8125000000,3,3,29
2021-12-18,0.7666666667,1,6,24
2021-12-19,0.7500000000,0,6,18
2021-12-20,0.7727272727,4,1,21
2021-12-21,0.7307692308,5,2,24
2021-12-22,0.7777777778,3,3,24
2021-12-23,0.8846153846,2,1,25
2021-12-24,0.7666666667,5,2,28
2021-12-25,0.6774193548,3,7,24
2021-12-26,0.8214285714,4,1,27
2021-12-27,0.7500000000,5,3,29
2021-12-28,0.6176470588,5,8,26
2021-12-29,0.7586206897,3,4,25
2021-12-30,0.8518518519,2,2,25
2021-12-31,0.8800000000,0,3,22
2022-01-01,0.7391304348,1,5,18
2022-01-02,0.8500000000,2,1,19
2022-01-03,0.7500000000,5,1,23
2022-01-04,0.6666666667,7,3,27
2022-01-05,0.8518518519,0,4,23
2022-01-06,0.8000000000,2,3,22
2022-01-07,0.7727272727,0,5,17
2022-01-08,1.0000000000,0,0,17
2022-01-09,0.7647058824,0,4,13
2022-01-10,0.8125000000,3,0,16
2022-01-11,0.7777777778,2,2,16
2022-01-12,0.8333333333,2,1,17
2022-01-13,0.9411764706,0,1,16
2022-01-14,0.8823529412,1,1,16
2022-01-15,0.8421052632,3,0,19
2022-01-16,0.9000000000,1,1,19
2022-01-17,0.9500000000,1,0,20
2022-01-18,0.7692307692,6,0,26
2022-01-19,0.7500000000,2,5,23
2022-01-20,0.6521739130,0,8,15
2022-01-21,0.7333333333,0,4,11
2022-01-22,0.7272727273,0,3,8
2022-01-23,0.6666666667,4,0,12
2022-01-24,0.8333333333,0,2,10
2022-01-25,0.9090909091,1,0,11
2022-01-26,0.9166666667,1,0,12
2022-01-27,1.0000000000,0,0,12
2022-01-28,0.7692307692,1,2,11
2022-01-29,0.6666666667,1,3,9
2022-01-30,1.0000000000,0,0,9
2022-01-31,0.9000000000,1,0,10
2022-02-01,0.7272727273,1,2,9
2022-02-02,0.8000000000,1,1,9
2022-02-03,0.7272727273,2,1,10
2022-02-04,0.7692307692,3,0,13
2022-02-05,0.8571428571,1,1,13
2022-02-06,0.6250000000,3,3,13
2022-02-07,0.6315789474,6,1,18
2022-02-08,0.7272727273,4,2,20
2022-02-09,0.8095238095,1,3,18
2022-02-10,0.8500000000,2,1,19
2022-02-11,0.7391304348,4,2,21
2022-02-12,0.7142857143,0,6,15
2022-02-13,0.6875000000,1,4,12
2022-02-14,0.9230769231,1,0,13
2022-02-15,0.6315789474,6,1,18
2022-02-16,0.8000000000,2,2,18
2022-02-17,0.5714285714,3,6,15
2022-02-18,0.6000000000,0,6,9
2022-02-19,1.0000000000,0,0,9
2022-02-20,1.0000000000,0,0,9
2022-02-21,0.5555555556,0,4,5
2022-02-22,0.8333333333,1,0,6
2022-02-23,0.6666666667,0,2,4
2022-02-24,0.8000000000,1,0,5
2022-02-25,0.6666666667,1,1,5
2022-02-26,0.8333333333,1,0,6
2022-02-27,0.5000000000,0,3,3
2022-02-28,0.5000000000,3,0,6
2022-03-01,0.4615384615,7,0,13
2022-03-02,0.6000000000,2,4,11
2022-03-03,0.7692307692,2,1,12
2022-03-04,0.5833333333,0,5,7
2022-03-05,0.5555555556,2,2,7
2022-03-06,0.4444444444,2,3,6
2022-03-07,0.3750000000,2,3,5
2022-03-08,0.7142857143,2,0,7
2022-03-09,0.3846153846,6,2,11
2022-03-10,0.9090909091,0,1,10
2022-03-11,0.5454545455,1,4,7
2022-03-12,0.7500000000,1,1,7
2022-03-13,0.5000000000,1,3,5
2022-03-14,0.6250000000,3,0,8
2022-03-15,0.6363636364,3,1,10
2022-03-16,0.5333333333,5,2,13
2022-03-17,0.7692307692,0,3,10
2022-03-18,0.7142857143,4,0,14
2022-03-19,0.8000000000,1,2,13
2022-03-20,0.6000000000,2,4,11
2022-03-21,0.7692307692,2,1,12
2022-03-22,0.6250000000,4,2,14
2022-03-23,0.5416666667,10,1,23
2022-03-24,0.6666666667,4,5,22
2022-03-25,0.7391304348,1,5,18
2022-03-26,0.5909090909,4,5,17
2022-03-27,0.6000000000,8,2,23
2022-03-28,0.5333333333,7,7,23
2022-03-29,0.5312500000,9,6,26
2022-03-30,0.6363636364,7,5,28
2022-03-31,0.6153846154,11,4,35
2022-04-01,0.7142857143,7,5,37
2022-04-02,0.5750000000,3,14,26
2022-04-03,0.4500000000,14,8,32
2022-04-04,0.6500000000,8,6,34
2022-04-05,0.6904761905,8,5,37
2022-04-06,0.4186046512,6,19,24
2022-04-07,0.6129032258,7,5,26
2022-04-08,0.5333333333,4,10,20
2022-04-09,0.5769230769,6,5,21
2022-04-10,0.5833333333,3,7,17
2022-04-11,0.6470588235,0,6,11
2022-04-12,0.5294117647,6,2,15
2022-04-13,0.6315789474,4,3,16
2022-04-14,0.5294117647,1,7,10
2022-04-15,0.7000000000,0,3,7
2022-04-16,0.6250000000,1,2,6
2022-04-17,0.5000000000,4,1,9
2022-04-18,0.8181818182,2,0,11
2022-04-19,0.6153846154,2,3,10
2022-04-20,0.6153846154,3,2,11
2022-04-21,0.7142857143,3,1,13
2022-04-22,0.8461538462,0,2,11
2022-04-23,0.7500000000,1,2,10
2022-04-24,0.9000000000,0,1,9
2022-04-25,0.8000000000,1,1,9
2022-04-26,0.9000000000,1,0,10
2022-04-27,0.7000000000,0,3,7
2022-04-28,0.6363636364,4,0,11
2022-04-29,0.2727272727,0,8,3
2022-04-30,0.6666666667,0,1,2
2022-05-01,0.6666666667,1,0,3
2022-05-02,0.6666666667,0,1,2
2022-05-03,0.6666666667,1,0,3
2022-05-04,0.5000000000,3,0,6
2022-05-05,0.6666666667,0,2,4
2022-05-06,0.8000000000,1,0,5
2022-05-07,0.8000000000,0,1,4
2022-05-08,0.4000000000,1,2,3
2022-05-09,0.3333333333,0,2,1
2022-05-10,1.0000000000,0,0,1
2022-05-11,1.0000000000,0,0,1
2022-05-12,0.0000000000,0,1,0
2022-05-13,0.0000000000,1,0,1
2022-05-14,0.0000000000,0,1,0
2022-05-15,0.0000000000,1,0,1
2022-05-16,0.0000000000,0,1,0
2022-05-17,1.0000000000,0,0,0
2022-05-18,0.0000000000,1,0,1
2022-05-19,0.5000000000,1,0,2
2022-05-20,1.0000000000,0,0,2
2022-05-21,0.5000000000,0,1,1
2022-05-22,1.0000000000,0,0,1
2022-05-23,0.5000000000,1,0,2
2022-05-24,0.5000000000,0,1,1
2022-05-25,0.5000000000,1,0,2
2022-05-26,0.5000000000,0,1,1
2022-05-27,1.0000000000,0,0,1
2022-05-28,1.0000000000,0,0,1
2022-05-29,1.0000000000,0,0,1
2022-05-30,0.3333333333,2,0,3
2022-05-31,0.6666666667,0,1,2
2022-06-01,1.0000000000,0,0,2
2022-06-02,0.5000000000,0,1,1
2022-06-03,0.5000000000,1,0,2
2022-06-04,0.5000000000,0,1,1
2022-06-05,1.0000000000,0,0,1
2022-06-06,0.5000000000,1,0,2
2022-06-07,0.6666666667,1,0,3
2022-06-08,0.7500000000,1,0,4
2022-06-09,0.8000000000,1,0,5
2022-06-10,0.8000000000,0,1,4
2022-06-11,0.7500000000,0,1,3
2022-06-12,0.6666666667,0,1,2
2022-06-13,0.0000000000,1,2,1
2022-06-14,1.0000000000,0,0,1
2022-06-15,1.0000000000,0,0,1
2022-06-16,0.0000000000,0,1,0
2022-06-17,0.0000000000,1,0,1
2022-06-18,0.0000000000,0,1,0
2022-06-19,1.0000000000,0,0,0
2022-06-20,1.0000000000,0,0,0
2022-06-21,1.0000000000,0,0,0
2022-06-22,1.0000000000,0,0,0
2022-06-23,0.0000000000,1,0,1
2022-06-24,0.5000000000,1,0,2
2022-06-25,0.0000000000,0,2,0
2022-06-26,1.0000000000,0,0,0
2022-06-27,1.0000000000,0,0,0
2022-06-28,1.0000000000,0,0,0
2022-06-29,1.0000000000,0,0,0
2022-06-30,1.0000000000,0,0,0
2022-07-01,1.0000000000,0,0,0
2022-07-02,0.0000000000,1,0,1
2022-07-03,0.0000000000,0,1,0
2022-07-04,1.0000000000,0,0,0
2022-07-05,1.0000000000,0,0,0
2022-07-06,0.0000000000,3,0,3
2022-07-07,0.6666666667,0,1,2
2022-07-08,0.5000000000,2,0,4
2022-07-09,0.7500000000,0,1,3
2022-07-10,0.3333333333,0,2,1
2022-07-11,1.0000000000,0,0,1
2022-07-12,1.0000000000,0,0,1
2022-07-13,0.5000000000,1,0,2
2022-07-14,0.3333333333,1,1,2
2022-07-15,1.0000000000,0,0,2
2022-07-16,0.6666666667,1,0,3
2022-07-17,0.0000000000,2,3,2
2022-07-18,0.3333333333,1,1,2
2022-07-19,0.0000000000,0,2,0
2022-07-20,0.0000000000,1,0,1
2022-07-21,0.5000000000,1,0,2
2022-07-22,0.3333333333,1,1,2
2022-07-23,0.3333333333,1,1,2
2022-07-24,0.2500000000,2,1,3
2022-07-25,0.6666666667,0,1,2
2022-07-26,0.5000000000,0,1,1
2022-07-27,0.5000000000,1,0,2
2022-07-28,0.4000000000,3,0,5
2022-07-29,0.3750000000,3,2,6
2022-07-30,0.3750000000,2,3,5
2022-07-31,0.5714285714,2,1,6
2022-08-01,0.7142857143,1,1,6
2022-08-02,0.1428571429,1,5,2
2022-08-03,0.2000000000,3,1,4
2022-08-04,0.7500000000,0,1,3
2022-08-05,0.5000000000,1,1,3
2022-08-06,0.2000000000,2,2,3
2022-08-07,0.2500000000,1,2,2
2022-08-08,0.5000000000,0,1,1
2022-08-09,0.2500000000,3,0,4
2022-08-10,0.2857142857,3,2,5
2022-08-11,0.3750000000,3,2,6
2022-08-12,0.2500000000,2,4,4
2022-08-13,0.4285714286,3,1,6
2022-08-14,0.3333333333,3,3,6
2022-08-15,0.5000000000,4,1,9
2022-08-16,0.6666666667,0,3,6
2022-08-17,0.5000000000,2,2,6
2022-08-18,0.3000000000,4,3,7
2022-08-19,0.6666666667,2,1,8
2022-08-20,0.5555555556,1,3,6
2022-08-21,0.4285714286,1,3,4
2022-08-22,0.5000000000,2,1,5
2022-08-23,0.6000000000,0,2,3
2022-08-24,0.7500000000,1,0,4
2022-08-25,0.7500000000,0,1,3
2022-08-26,0.6666666667,0,1,2
2022-08-27,1.0000000000,0,0,2
2022-08-28,0.5000000000,2,0,4
2022-08-29,0.5000000000,0,2,2
2022-08-30,0.5000000000,2,0,4
2022-08-31,0.2857142857,3,2,5
2022-09-01,0.8000000000,0,1,4
2022-09-02,0.7500000000,0,1,3
2022-09-03,0.5000000000,1,1,3
2022-09-04,0.4000000000,2,1,4
2022-09-05,0.5000000000,0,2,2
2022-09-06,0.5000000000,2,0,4
2022-09-07,0.6000000000,1,1,4
2022-09-08,0.5714285714,3,0,7
2022-09-09,0.6363636364,4,0,11
2022-09-10,0.6923076923,2,2,11
2022-09-11,0.7272727273,0,3,8
2022-09-12,0.6000000000,2,2,8
2022-09-13,0.4545454545,3,3,8
2022-09-14,0.4545454545,3,3,8
2022-09-15,0.7500000000,0,2,6
2022-09-16,0.5714285714,1,2,5
2022-09-17,0.6666666667,1,1,5
2022-09-18,0.6666666667,1,1,5
2022-09-19,0.8000000000,0,1,4
2022-09-20,0.8000000000,1,0,5
2022-09-21,0.8000000000,0,1,4
2022-09-22,0.6000000000,1,1,4
2022-09-23,0.3636363636,7,0,11
2022-09-24,0.6666666667,1,3,9
2022-09-25,0.6363636364,2,2,9
2022-09-26,0.5555555556,0,4,5
2022-09-27,0.6666666667,1,1,5
2022-09-28,0.3750000000,3,2,6
2022-09-29,0.2857142857,1,4,3
2022-09-30,0.6666666667,0,1,2
2022-10-01,0.5000000000,2,0,4
2022-10-02,1.0000000000,0,0,4
2022-10-03,0.6000000000,1,1,4
2022-10-04,0.4000000000,1,2,3
2022-10-05,0.7500000000,1,0,4
2022-10-06,0.5000000000,0,2,2
2022-10-07,0.3333333333,1,1,2
2022-10-08,0.3333333333,1,1,2
2022-10-09,0.5000000000,0,1,1
2022-10-10,0.5000000000,1,0,2
2022-10-11,0.6666666667,1,0,3
2022-10-12,0.2500000000,1,2,2
2022-10-13,0.2000000000,3,1,4
2022-10-14,0.3333333333,5,1,8
2022-10-15,0.2727272727,3,5,6
2022-10-16,0.5000000000,2,2,6
2022-10-17,0.5000000000,4,1,9
2022-10-18,0.6363636364,2,2,9
2022-10-19,0.4000000000,1,5,5
2022-10-20,0.5000000000,1,2,4
2022-10-21,0.6000000000,1,1,4
2022-10-22,0.3333333333,2,2,4
2022-10-23,0.5000000000,0,2,2
2022-10-24,0.5000000000,2,0,4
2022-10-25,0.5000000000,2,1,5
2022-10-26,0.7142857143,2,0,7
2022-10-27,0.7000000000,3,0,10
2022-10-28,0.8181818182,1,1,10
2022-10-29,0.6250000000,6,0,16
2022-10-30,0.5263157895,3,6,13
2022-10-31,0.5555555556,5,3,15
2022-11-01,0.6250000000,1,5,11
2022-11-02,0.5882352941,6,1,16
2022-11-03,0.6250000000,8,1,23
2022-11-04,0.7083333333,1,6,18
2022-11-05,0.6250000000,6,3,21
2022-11-06,0.5416666667,3,8,16
2022-11-07,0.7000000000,4,2,18
2022-11-08,0.3478260870,5,10,13
2022-11-09,0.3076923077,0,9,4
2022-11-10,0.4444444444,5,0,9
2022-11-11,0.6666666667,0,3,6
2022-11-12,0.7142857143,1,1,6
2022-11-13,0.3333333333,3,3,6
2022-11-14,1.0000000000,0,0,6
2022-11-15,0.7142857143,1,1,6
2022-11-16,0.8571428571,1,0,7
2022-11-17,0.7500000000,1,1,7
2022-11-18,0.4285714286,0,4,3
2022-11-19,0.5000000000,3,0,6
2022-11-20,0.6250000000,2,1,7
2022-11-21,0.4285714286,0,4,3
2022-11-22,0.5000000000,1,1,3
2022-11-23,0.1428571429,4,2,5
2022-11-24,0.2000000000,0,4,1
2022-11-25,0.2500000000,3,0,4
2022-11-26,0.6000000000,1,1,4
2022-11-27,0.7500000000,0,1,3
2022-11-28,0.5000000000,1,1,3
2022-11-29,0.5000000000,1,1,3
2022-11-30,0.7500000000,1,0,4
2022-12-01,0.5000000000,2,1,5
2022-12-02,0.6666666667,1,1,5
2022-12-03,0.6000000000,0,2,3
2022-12-04,0.4000000000,2,1,4
2022-12-05,0.6000000000,1,1,4
2022-12-06,0.4000000000,1,2,3
2022-12-07,0.5000000000,1,1,3
2022-12-08,0.5000000000,1,1,3
2022-12-09,0.4000000000,2,1,4
2022-12-10,0.2000000000,1,3,2
2022-12-11,0.3333333333,1,1,2
2022-12-12,0.6666666667,1,0,3
2022-12-13,0.7500000000,1,0,4
2022-12-14,0.5000000000,0,2,2
2022-12-15,0.5000000000,0,1,1
2022-12-16,0.0000000000,1,1,1
2022-12-17,1.0000000000,0,0,1
2022-12-18,1.0000000000,0,0,1
2022-12-19,0.0000000000,0,1,0
2022-12-20,1.0000000000,0,0,0
2022-12-21,1.0000000000,0,0,0
2022-12-22,1.0000000000,0,0,0
2022-12-23,1.0000000000,0,0,0
2022-12-24,1.0000000000,0,0,0
2022-12-25,0.0000000000,1,0,1
2022-12-26,0.5000000000,1,0,2
2022-12-27,0.5000000000,0,1,1
2022-12-28,0.0000000000,0,1,0
2022-12-29,1.0000000000,0,0,0
2022-12-30,1.0000000000,0,0,0
2022-12-31,0.0000000000,1,0,1
2023-01-01,1.0000000000,0,0,1
2023-01-02,1.0000000000,0,0,1
2023-01-03,1.0000000000,0,0,1
2023-01-04,1.0000000000,0,0,1
2023-01-05,1.0000000000,0,0,1
2023-01-06,0.5000000000,1,0,2
2023-01-07,0.3333333333,1,1,2
2023-01-08,0.3333333333,4,0,6
2023-01-09,0.2222222222,3,4,5
2023-01-10,0.5000000000,3,1,7
2023-01-11,0.4166666667,5,2,10
2023-01-12,0.7142857143,4,0,14
2023-01-13,0.6666666667,1,4,11
2023-01-14,0.5000000000,9,1,19
2023-01-15,0.5000000000,1,9,11
2023-01-16,0.6428571429,3,2,12
2023-01-17,0.5714285714,2,4,10
2023-01-18,0.7500000000,2,1,11
2023-01-19,0.5454545455,0,5,6
2023-01-20,0.4615384615,7,0,13
2023-01-21,0.6250000000,3,3,13
2023-01-22,0.6875000000,3,2,14
2023-01-23,0.6111111111,4,3,15
2023-01-24,0.3750000000,1,9,7
2023-01-25,0.6363636364,4,0,11
2023-01-26,0.6250000000,5,1,15
2023-01-27,0.4285714286,6,6,15
2023-01-28,0.5789473684,4,4,15
2023-01-29,0.5882352941,2,5,12
2023-01-30,0.4761904762,9,2,19
2023-01-31,0.5652173913,4,6,17
2023-02-01,0.5909090909,5,4,18
2023-02-02,0.6800000000,7,1,24
2023-02-03,0.6666666667,3,6,21
2023-02-04,0.6250000000,3,6,18
2023-02-05,0.7200000000,7,0,25
2023-02-06,0.6666666667,5,5,25
2023-02-07,0.5405405405,12,5,32
2023-02-08,0.5750000000,8,9,31
2023-02-09,0.6153846154,8,7,32
2023-02-10,0.6111111111,4,10,26
2023-02-11,0.5666666667,4,9,21
2023-02-12,0.7083333333,3,4,20
2023-02-13,0.5517241379,9,4,25
2023-02-14,0.7037037037,2,6,21
2023-02-15,0.5666666667,9,4,26
2023-02-16,0.6000000000,9,5,30
2023-02-17,0.5897435897,9,7,32
2023-02-18,0.4705882353,2,16,18
2023-02-19,0.4375000000,14,4,28
2023-02-20,0.5121951220,13,7,34
2023-02-21,0.5681818182,10,9,35
2023-02-22,0.5945945946,2,13,24
2023-02-23,0.5666666667,6,7,23
2023-02-24,0.5714285714,5,7,21
2023-02-25,0.5909090909,1,8,14
2023-02-26,0.6666666667,1,4,11
2023-02-27,0.5882352941,6,1,16
2023-02-28,0.4545454545,6,6,16
2023-03-01,0.5454545455,6,4,18
2023-03-02,0.4400000000,7,7,18
2023-03-03,0.5000000000,6,6,18
2023-03-04,0.6666666667,0,6,12
2023-03-05,0.7857142857,2,1,13
2023-03-06,0.6666666667,2,3,12
2023-03-07,0.8000000000,3,0,15
2023-03-08,0.7500000000,1,3,13
2023-03-09,0.8125000000,3,0,16
2023-03-10,0.5882352941,1,6,11
2023-03-11,0.5384615385,2,4,9
2023-03-12,0.5714285714,5,1,13
2023-03-13,0.5294117647,4,4,13
2023-03-14,0.7647058824,4,0,17
2023-03-15,0.5238095238,4,6,15
2023-03-16,0.6250000000,1,5,11
2023-03-17,0.7857142857,3,0,14
2023-03-18,0.5882352941,3,4,13
2023-03-19,0.5882352941,4,3,14
2023-03-20,0.6470588235,3,3,14
2023-03-21,0.5625000000,2,5,11
2023-03-22,0.5333333333,4,3,12
2023-03-23,0.5000000000,0,6,6
2023-03-24,0.6250000000,2,1,7
2023-03-25,0.7142857143,0,2,5
2023-03-26,0.6666666667,1,1,5
2023-03-27,0.8000000000,0,1,4
2023-03-28,0.8000000000,1,0,5
2023-03-29,0.5000000000,5,0,10
2023-03-30,0.5000000000,2,4,8
2023-03-31,0.5555555556,1,3,6
2023-04-01,0.3333333333,3,3,6
2023-04-02,0.3750000000,2,3,5
2023-04-03,0.4000000000,5,1,9
2023-04-04,0.5454545455,2,3,8
2023-04-05,0.7500000000,0,2,6
2023-04-06,0.6000000000,4,0,10
2023-04-07,0.7272727273,1,2,9
2023-04-08,0.3636363636,2,5,6
2023-04-09,0.5555555556,3,1,8
2023-04-10,0.3076923077,5,4,9
2023-04-11,0.5454545455,2,3,8
2023-04-12,0.6666666667,1,2,7
2023-04-13,0.2000000000,3,5,5
2023-04-14,0.2857142857,9,1,13
2023-04-15,0.4666666667,2,6,9
2023-04-16,0.5384615385,4,2,11
2023-04-17,0.6250000000,5,1,15
2023-04-18,0.5882352941,2,5,12
2023-04-19,0.6875000000,4,1,15
2023-04-20,0.8000000000,0,3,12
2023-04-21,0.6666666667,0,4,8
2023-04-22,0.5555555556,1,3,6
2023-04-23,0.5714285714,1,2,5
2023-04-24,0.4285714286,2,2,5
2023-04-25,0.4285714286,2,2,5
2023-04-26,0.6250000000,3,0,8
2023-04-27,0.5555555556,1,3,6
2023-04-28,0.5000000000,0,3,3
2023-04-29,0.6000000000,2,0,5
2023-04-30,0.4285714286,2,2,5
2023-05-01,0.5714285714,2,1,6
2023-05-02,0.6666666667,0,2,4
2023-05-03,0.5714285714,3,0,7
2023-05-04,0.5714285714,0,3,4
2023-05-05,0.5714285714,3,0,7
2023-05-06,0.2857142857,0,5,2
2023-05-07,0.2500000000,2,1,3
2023-05-08,0.3333333333,3,1,5
2023-05-09,0.6000000000,0,2,3
2023-05-10,0.6000000000,2,0,5
2023-05-11,0.8000000000,0,1,4
2023-05-12,0.6000000000,1,1,4
2023-05-13,0.0000000000,0,4,0
2023-05-14,0.0000000000,1,0,1
2023-05-15,1.0000000000,0,0,1
2023-05-16,0.2500000000,3,0,4
2023-05-17,0.6000000000,1,1,4
2023-05-18,0.4285714286,3,1,6
2023-05-19,0.6250000000,2,1,7
2023-05-20,0.5000000000,1,3,5
2023-05-21,0.6666666667,1,1,5
2023-05-22,1.0000000000,0,0,5
2023-05-23,0.8333333333,1,0,6
2023-05-24,0.7142857143,1,1,6
2023-05-25,0.6250000000,2,1,7
2023-05-26,0.5714285714,0,3,4
2023-05-27,0.6666666667,2,0,6
2023-05-28,0.6666666667,3,0,9
2023-05-29,1.0000000000,0,0,9
2023-05-30,0.5833333333,3,2,10
2023-05-31,0.6363636364,1,3,8
2023-06-01,0.7777777778,1,1,8
2023-06-02,0.5000000000,2,3,7
2023-06-03,0.6250000000,1,2,6
2023-06-04,0.7142857143,1,1,6
2023-06-05,0.6666666667,3,0,9
2023-06-06,0.7000000000,1,2,8
2023-06-07,0.8000000000,2,0,10
2023-06-08,0.4000000000,0,6,4
2023-06-09,0.5000000000,2,1,5
2023-06-10,0.3750000000,3,2,6
2023-06-11,0.6666666667,0,2,4
2023-06-12,0.5000000000,2,1,5
2023-06-13,0.6000000000,0,2,3
2023-06-14,0.5000000000,1,1,3
2023-06-15,0.6666666667,0,1,2
2023-06-16,1.0000000000,0,0,2
2023-06-17,1.0000000000,0,0,2
2023-06-18,0.5000000000,0,1,1
2023-06-19,1.0000000000,0,0,1
2023-06-20,0.0000000000,1,1,1
2023-06-21,0.3333333333,2,0,3
2023-06-22,0.2500000000,1,2,2
2023-06-23,0.6666666667,1,0,3
2023-06-24,0.3333333333,0,2,1
2023-06-25,0.5000000000,1,0,2
2023-06-26,0.2000000000,3,1,4
2023-06-27,0.5000000000,0,2,2
2023-06-28,1.0000000000,0,0,2
2023-06-29,0.3333333333,1,1,2
2023-06-30,0.4000000000,3,0,5
2023-07-01,0.4000000000,0,3,2
2023-07-02,0.5000000000,2,0,4
2023-07-03,0.8000000000,1,0,5
2023-07-04,0.8333333333,1,0,6
2023-07-05,0.5714285714,1,2,5
2023-07-06,0.5000000000,1,2,4
2023-07-07,0.4000000000,1,2,3
2023-07-08,1.0000000000,0,0,3
2023-07-09,0.4000000000,2,1,4
2023-07-10,0.7500000000,0,1,3
2023-07-11,1.0000000000,0,0,3
2023-07-12,0.6666666667,0,1,2
2023-07-13,0.2500000000,6,0,8
2023-07-14,0.6363636364,3,1,10
2023-07-15,0.5000000000,0,5,5
2023-07-16,0.5714285714,2,1,6
2023-07-17,0.6666666667,0,2,4
2023-07-18,0.7500000000,0,1,3
2023-07-19,0.7500000000,1,0,4
2023-07-20,0.5714285714,3,0,7
2023-07-21,0.5555555556,2,2,7
2023-07-22,0.5000000000,1,3,5
2023-07-23,0.5714285714,2,1,6
2023-07-24,0.5000000000,0,3,3
2023-07-25,0.3333333333,3,1,5
2023-07-26,0.5000000000,3,1,7
2023-07-27,0.4000000000,3,3,7
2023-07-28,0.5000000000,1,3,5
2023-07-29,0.5714285714,2,1,6
2023-07-30,0.3750000000,2,3,5
2023-07-31,0.5714285714,2,1,6
2023-08-01,0.5714285714,1,2,5
2023-08-02,0.5714285714,2,1,6
2023-08-03,0.3333333333,0,4,2
2023-08-04,0.4000000000,3,0,5
2023-08-05,0.4000000000,0,3,2
2023-08-06,0.3333333333,1,1,2
2023-08-07,0.4000000000,3,0,5
2023-08-08,0.5000000000,1,2,4
2023-08-09,0.8000000000,1,0,5
2023-08-10,0.3750000000,3,2,6
2023-08-11,0.3333333333,3,3,6
2023-08-12,0.5000000000,0,3,3
2023-08-13,0.5000000000,3,0,6
2023-08-14,0.6250000000,2,1,7
2023-08-15,0.6250000000,1,2,6
2023-08-16,0.7142857143,1,1,6
2023-08-17,0.6666666667,0,2,4
2023-08-18,0.4285714286,3,1,6
2023-08-19,0.5714285714,1,2,5
2023-08-20,0.1428571429,2,4,3
2023-08-21,0.2857142857,4,1,6
2023-08-22,0.5000000000,2,2,6
2023-08-23,0.6250000000,2,1,7
2023-08-24,0.4444444444,2,3,6
2023-08-25,0.3750000000,2,3,5
2023-08-26,0.2000000000,0,4,1
2023-08-27,0.5000000000,1,0,2
2023-08-28,0.2500000000,2,1,3
2023-08-29,0.3750000000,5,0,8
2023-08-30,0.3333333333,1,5,4
2023-08-31,0.5000000000,2,1,5
2023-09-01,0.3333333333,1,3,3
2023-09-02,0.1666666667,3,2,4
2023-09-03,0.2857142857,3,2,5
2023-09-04,0.4000000000,5,1,9
2023-09-05,0.2727272727,2,6,5
2023-09-06,0.3750000000,3,2,6
2023-09-07,0.3750000000,2,3,5
2023-09-08,0.5555555556,4,0,9
2023-09-09,0.2000000000,1,7,3
2023-09-10,0.2857142857,4,1,6
2023-09-11,0.3333333333,0,4,2
2023-09-12,0.0000000000,2,2,2
2023-09-13,0.2000000000,3,1,4
2023-09-14,0.4285714286,3,1,6
2023-09-15,0.3750000000,2,3,5
2023-09-16,0.5000000000,3,1,7
2023-09-17,0.4285714286,0,4,3
2023-09-18,0.4000000000,2,1,4
2023-09-19,0.3750000000,4,1,7
2023-09-20,0.4444444444,2,3,6
2023-09-21,0.1250000000,2,5,3
2023-09-22,0.0000000000,2,3,2
2023-09-23,0.4000000000,3,0,5
2023-09-24,0.1666666667,1,4,2
2023-09-25,0.0000000000,1,2,1
2023-09-26,0.2500000000,3,0,4
2023-09-27,0.8000000000,1,0,5
2023-09-28,0.6666666667,1,1,5
2023-09-29,0.5000000000,3,1,7
2023-09-30,0.2500000000,1,5,3
2023-10-01,0.2000000000,7,1,9
2023-10-02,0.4545454545,2,4,7
2023-10-03,0.4444444444,2,3,6
2023-10-04,0.6666666667,0,2,4
2023-10-05,0.6000000000,1,1,4
2023-10-06,0.3333333333,2,2,4
2023-10-07,0.3333333333,2,2,4
2023-10-08,0.1250000000,4,3,5
2023-10-09,0.5000000000,1,2,4
2023-10-10,0.3333333333,2,2,4
2023-10-11,0.2857142857,3,2,5
2023-10-12,0.2000000000,0,4,1
2023-10-13,0.5000000000,1,0,2
2023-10-14,0.3333333333,1,1,2
2023-10-15,0.2857142857,5,0,7
2023-10-16,0.3076923077,6,3,10
2023-10-17,0.3000000000,0,7,3
2023-10-18,0.2857142857,4,1,6
2023-10-19,0.1250000000,2,5,3
2023-10-20,0.2222222222,6,1,8
2023-10-21,0.4444444444,1,4,5
2023-10-22,0.3750000000,3,2,6
2023-10-23,0.4545454545,5,1,10
2023-10-24,0.5333333333,5,2,13
2023-10-25,0.6666666667,2,3,12
2023-10-26,0.6000000000,3,3,12
2023-10-27,0.5833333333,0,5,7
2023-10-28,0.5555555556,2,2,7
2023-10-29,0.4166666667,5,2,10
2023-10-30,0.8181818182,1,1,10
2023-10-31,0.6428571429,4,1,13
2023-11-01,0.4705882353,4,5,12
2023-11-02,0.6923076923,1,3,10
2023-11-03,0.3076923077,3,6,7
2023-11-04,0.3333333333,2,4,5
2023-11-05,0.3571428571,9,0,14
2023-11-06,0.4782608696,9,3,20
2023-11-07,0.5833333333,4,6,18
2023-11-08,0.4000000000,2,10,10
2023-11-09,0.3333333333,14,2,22
2023-11-10,0.5384615385,4,8,18
2023-11-11,0.4444444444,9,6,21
2023-11-12,0.5600000000,4,7,18
2023-11-13,0.5416666667,6,5,19
2023-11-14,0.6666666667,5,3,21
2023-11-15,0.7500000000,3,3,21
2023-11-16,0.5416666667,3,8,16
2023-11-17,0.6500000000,4,3,17
2023-11-18,0.6111111111,1,6,12
2023-11-19,0.6666666667,3,2,13
2023-11-20,0.5555555556,5,3,15
2023-11-21,0.4583333333,9,4,20
2023-11-22,0.4800000000,5,8,17
2023-11-23,0.6500000000,3,4,16
2023-11-24,0.5500000000,4,5,15
2023-11-25,0.4210526316,4,7,12
2023-11-26,0.4705882353,5,4,13
2023-11-27,0.4000000000,7,5,15
2023-11-28,0.7222222222,3,2,16
2023-11-29,0.5000000000,2,7,11
2023-11-30,0.7500000000,1,2,10
2023-12-01,0.7272727273,1,2,9
2023-12-02,0.6153846154,4,1,12
2023-12-03,0.5000000000,8,2,18
2023-12-04,0.6250000000,6,3,21
2023-12-05,0.6153846154,5,5,21
2023-12-06,0.6153846154,5,5,21
2023-12-07,0.6000000000,4,6,19
2023-12-08,0.6086956522,4,5,18
2023-12-09,0.6000000000,7,3,22
2023-12-10,0.5000000000,6,8,20
2023-12-11,0.6451612903,11,0,31
2023-12-12,0.7272727273,2,7,26
2023-12-13,0.6666666667,4,6,24
2023-12-14,0.6774193548,7,3,28
2023-12-15,0.6764705882,6,5,29
2023-12-16,0.6250000000,3,9,23
2023-12-17,0.6153846154,3,7,19
2023-12-18,0.6923076923,7,1,25
2023-12-19,0.7096774194,6,3,28
2023-12-20,0.6666666667,5,6,27
2023-12-21,0.5405405405,10,7,30
2023-12-22,0.5750000000,10,7,33
2023-12-23,0.5813953488,10,8,35
2023-12-24,0.6739130435,11,4,42
2023-12-25,0.5862068966,16,8,50
2023-12-26,0.5000000000,22,14,58
2023-12-27,0.5757575758,8,20,46
2023-12-28,0.5862068966,12,12,46
2023-12-29,0.5882352941,5,16,35
2023-12-30,0.6052631579,3,12,26
2023-12-31,0.6060606061,7,6,27
2024-01-01,0.5526315789,11,6,32
2024-01-02,0.5227272727,12,9,35
2024-01-03,0.5636363636,20,4,51
2024-01-04,0.6730769231,1,16,36
2024-01-05,0.7435897436,3,7,32
2024-01-06,0.6388888889,4,9,27
2024-01-07,0.5862068966,2,10,19
2024-01-08,0.5483870968,12,2,29
2024-01-09,0.7000000000,1,8,22
2024-01-10,0.6562500000,10,1,31
2024-01-11,0.7500000000,5,4,32
2024-01-12,0.7500000000,4,5,31
2024-01-13,0.5142857143,4,13,22
2024-01-14,0.7083333333,2,5,19
2024-01-15,0.6956521739,4,3,20
2024-01-16,0.5517241379,9,4,25
2024-01-17,0.7037037037,2,6,21
2024-01-18,0.7407407407,6,1,26
2024-01-19,0.6666666667,4,6,24
2024-01-20,0.5172413793,5,9,20
2024-01-21,0.5833333333,4,6,18
2024-01-22,0.5357142857,10,3,25
2024-01-23,0.6785714286,3,6,22
2024-01-24,0.7083333333,2,5,19
2024-01-25,0.6956521739,4,3,20
2024-01-26,0.6521739130,3,5,18
2024-01-27,0.6818181818,4,3,19
2024-01-28,0.7391304348,4,2,21
2024-01-29,0.7500000000,3,3,21
2024-01-30,0.6538461538,5,4,22
2024-01-31,0.6250000000,2,7,17
2024-02-01,0.5238095238,4,6,15
2024-02-02,0.6111111111,3,4,14
2024-02-03,0.7333333333,1,3,12
2024-02-04,0.6250000000,4,2,14
2024-02-05,0.6470588235,3,3,14
2024-02-06,0.6315789474,5,2,17
2024-02-07,0.5454545455,5,5,17
2024-02-08,0.7368421053,2,3,16
2024-02-09,0.7000000000,4,2,18
2024-02-10,0.7272727273,4,2,20
2024-02-11,0.6363636364,2,6,16
2024-02-12,0.7142857143,5,1,20
2024-02-13,0.6153846154,6,4,22
2024-02-14,0.6428571429,6,4,24
2024-02-15,0.6470588235,10,2,32
2024-02-16,0.5250000000,8,11,29
2024-02-17,0.6764705882,5,6,28
2024-02-18,0.5833333333,8,7,29
2024-02-19,0.5750000000,11,6,34
2024-02-20,0.6428571429,8,7,35
2024-02-21,0.6578947368,3,10,28
2024-02-22,0.6153846154,11,4,35
2024-02-23,0.6279069767,8,8,35
2024-02-24,0.6250000000,5,10,30
2024-02-25,0.6052631579,8,7,31
2024-02-26,0.5227272727,13,8,36
2024-02-27,0.5652173913,10,10,36
2024-02-28,0.5918367347,13,7,42
2024-02-29,0.6170212766,5,13,34
2024-03-01,0.6304347826,12,5,41
2024-03-02,0.4912280702,16,13,44
2024-03-03,0.6964285714,12,5,51
2024-03-04,0.5645161290,11,16,46
2024-03-05,0.5781250000,18,9,55
2024-03-06,0.6029411765,13,14,54
2024-03-07,0.6417910448,13,11,56
2024-03-08,0.6417910448,11,13,54
2024-03-09,0.5507246377,15,16,53
2024-03-10,0.5373134328,14,17,50
2024-03-11,0.5076923077,15,17,48
2024-03-12,0.5797101449,21,8,61
2024-03-13,0.6521739130,8,16,53
2024-03-14,0.6250000000,11,13,51
2024-03-15,0.7031250000,13,6,58
2024-03-16,0.6774193548,4,16,46
2024-03-17,0.7450980392,5,8,43
2024-03-18,0.6326530612,6,12,37
2024-03-19,0.7234042553,10,3,44
2024-03-20,0.7400000000,6,7,43
2024-03-21,0.7200000000,7,7,43
2024-03-22,0.7843137255,8,3,48
2024-03-23,0.5370370370,6,19,35
2024-03-24,0.7142857143,7,5,37
2024-03-25,0.6111111111,17,4,50
2024-03-26,0.6779661017,9,10,49
2024-03-27,0.7118644068,10,7,52
2024-03-28,0.6666666667,5,14,43
2024-03-29,0.6037735849,10,11,42
2024-03-30,0.5882352941,9,12,39
2024-03-31,0.6041666667,9,10,38
2024-04-01,0.6538461538,14,4,48
2024-04-02,0.7222222222,6,9,45
2024-04-03,0.6415094340,8,11,42
2024-04-04,0.6041666667,6,13,35
2024-04-05,0.7000000000,5,7,33
2024-04-06,0.5384615385,6,12,27
2024-04-07,0.6571428571,8,4,31
2024-04-08,0.5365853659,10,9,32
2024-04-09,0.6500000000,8,6,34
2024-04-10,0.7105263158,4,7,31
2024-04-11,0.7352941176,3,6,28
2024-04-12,0.5897435897,11,5,34
2024-04-13,0.6500000000,6,8,32
2024-04-14,0.7575757576,1,7,26
2024-04-15,0.9629629630,1,0,27
2024-04-16,0.8214285714,1,4,24
2024-04-17,0.7692307692,2,4,22
2024-04-18,0.7083333333,2,5,19
2024-04-19,0.7200000000,6,1,24
2024-04-20,0.5517241379,5,8,21
2024-04-21,0.7500000000,3,3,21
2024-04-22,0.8260869565,2,2,21
2024-04-23,0.7916666667,3,2,22
2024-04-24,0.7142857143,6,2,26
2024-04-25,0.7000000000,4,5,25
2024-04-26,0.5925925926,2,9,18
2024-04-27,0.6666666667,3,4,17
2024-04-28,0.6315789474,2,5,14
2024-04-29,0.5909090909,8,1,21
2024-04-30,0.6521739130,2,6,17
2024-05-01,0.7000000000,3,3,17
2024-05-02,0.7647058824,0,4,13
2024-05-03,0.5454545455,9,1,21
2024-05-04,0.5200000000,4,8,17
2024-05-05,0.5652173913,6,4,19
2024-05-06,0.6153846154,7,3,23
2024-05-07,0.6800000000,2,6,19
2024-05-08,0.6818181818,3,4,18
2024-05-09,0.7272727273,4,2,20
2024-05-10,0.8260869565,3,1,22
2024-05-11,0.7272727273,0,6,16
2024-05-12,0.7647058824,1,3,14
2024-05-13,0.6842105263,5,1,18
2024-05-14,0.6842105263,1,5,14
2024-05-15,0.6666666667,7,0,21
2024-05-16,0.7272727273,1,5,17
2024-05-17,0.8333333333,1,2,16
2024-05-18,0.7000000000,4,2,18
2024-05-19,0.7500000000,2,3,17
2024-05-20,0.6250000000,7,2,22
2024-05-21,0.7500000000,2,4,20
2024-05-22,0.7916666667,4,1,23
2024-05-23,0.8076923077,3,2,24
2024-05-24,0.5925925926,3,8,19
2024-05-25,0.6190476190,2,6,15
2024-05-26,0.7777777778,3,1,17
2024-05-27,0.8947368421,2,0,19
2024-05-28,0.7826086957,4,1,22
2024-05-29,0.7916666667,2,3,21
2024-05-30,0.6818181818,1,6,16
2024-05-31,0.9375000000,0,1,15
2024-06-01,0.5500000000,5,4,16
2024-06-02,0.7222222222,2,3,15
2024-06-03,0.5416666667,9,2,22
2024-06-04,0.6153846154,4,6,20
2024-06-05,0.6666666667,7,2,25
2024-06-06,0.5357142857,3,10,18
2024-06-07,0.4800000000,7,6,19
2024-06-08,0.5714285714,2,7,14
2024-06-09,0.6875000000,2,3,13
2024-06-10,0.5238095238,8,2,19
2024-06-11,0.9000000000,1,1,19
2024-06-12,0.6800000000,6,2,23
2024-06-13,0.7826086957,0,5,18
2024-06-14,0.8095238095,3,1,20
2024-06-15,0.5238095238,1,9,12
2024-06-16,0.6923076923,1,3,10
2024-06-17,0.6428571429,4,1,13
2024-06-18,0.6000000000,2,4,11
2024-06-19,0.7692307692,2,1,12
2024-06-20,0.6666666667,3,2,13
2024-06-21,0.8571428571,1,1,13
2024-06-22,0.6923076923,0,4,9
2024-06-23,0.6000000000,1,3,7
2024-06-24,0.4666666667,8,0,15
2024-06-25,0.8000000000,0,3,12
2024-06-26,0.7692307692,1,2,11
2024-06-27,0.7142857143,3,1,13
2024-06-28,0.7142857143,1,3,11
2024-06-29,0.5384615385,2,4,9
2024-06-30,0.6363636364,2,2,9
2024-07-01,0.8000000000,1,1,9
2024-07-02,0.7272727273,2,1,10
2024-07-03,0.6428571429,4,1,13
2024-07-04,0.6000000000,2,4,11
2024-07-05,0.6666666667,1,3,9
2024-07-06,0.7000000000,1,2,8
2024-07-07,0.7500000000,0,2,6
2024-07-08,1.0000000000,0,0,6
2024-07-09,0.6250000000,2,1,7
2024-07-10,0.8571428571,0,1,6
2024-07-11,0.6250000000,2,1,7
2024-07-12,0.6000000000,3,1,9
2024-07-13,0.5454545455,2,3,8
2024-07-14,0.6666666667,1,2,7
2024-07-15,0.5384615385,6,0,13
2024-07-16,0.6875000000,3,2,14
2024-07-17,0.7500000000,2,2,14
2024-07-18,0.4666666667,1,7,8
2024-07-19,0.5000000000,4,2,10
2024-07-20,0.5454545455,1,4,7
2024-07-21,0.8571428571,0,1,6
2024-07-22,0.7142857143,1,1,6
2024-07-23,0.6666666667,3,0,9
2024-07-24,0.5454545455,2,3,8
2024-07-25,0.8000000000,2,0,10
2024-07-26,0.5000000000,0,5,5
2024-07-27,0.5714285714,2,1,6
2024-07-28,0.5000000000,0,3,3
2024-07-29,0.3750000000,5,0,8
2024-07-30,0.6666666667,1,2,7
2024-07-31,0.8571428571,0,1,6
2024-08-01,0.5555555556,3,1,8
2024-08-02,0.7500000000,0,2,6
2024-08-03,0.6666666667,0,2,4
2024-08-04,0.2500000000,0,3,1
2024-08-05,0.2500000000,3,0,4
2024-08-06,0.5000000000,0,2,2
2024-08-07,0.5000000000,2,0,4
2024-08-08,0.6666666667,2,0,6
2024-08-09,0.6666666667,0,2,4
2024-08-10,0.7500000000,0,1,3
2024-08-11,1.0000000000,0,0,3
2024-08-12,0.4285714286,4,0,7
2024-08-13,0.7777777778,2,0,9
2024-08-14,0.8888888889,0,1,8
2024-08-15,0.7500000000,0,2,6
2024-08-16,0.7142857143,1,1,6
2024-08-17,0.5555555556,3,1,8
2024-08-18,0.7777777778,1,1,8
2024-08-19,0.7000000000,2,1,9
2024-08-20,0.5000000000,3,3,9
2024-08-21,0.8888888889,0,1,8
2024-08-22,0.5833333333,4,1,11
2024-08-23,0.7333333333,4,0,15
2024-08-24,1.0000000000,0,0,15
2024-08-25,0.8666666667,0,2,13
2024-08-26,0.6666666667,2,3,12
2024-08-27,0.5333333333,3,4,11
2024-08-28,0.7692307692,2,1,12
2024-08-29,0.4666666667,3,5,10
2024-08-30,0.4615384615,3,4,9
2024-08-31,0.7777777778,0,2,7
2024-09-01,0.6250000000,1,2,6
2024-09-02,0.5000000000,4,1,9
2024-09-03,0.8000000000,1,1,9
2024-09-04,0.8888888889,0,1,8
2024-09-05,0.6000000000,2,2,8
2024-09-06,0.2500000000,4,5,7
2024-09-07,0.5555555556,2,2,7
2024-09-08,0.4444444444,2,3,6
2024-09-09,0.4545454545,5,1,10
2024-09-10,0.7272727273,1,2,9
2024-09-11,0.5454545455,2,3,8
2024-09-12,0.6666666667,1,2,7
2024-09-13,0.7500000000,1,1,7
2024-09-14,0.8571428571,0,1,6
2024-09-15,0.4000000000,4,2,8
2024-09-16,0.4545454545,3,3,8
2024-09-17,0.7777777778,1,1,8
2024-09-18,0.8888888889,1,0,9
2024-09-19,0.6363636364,2,2,9
2024-09-20,0.8000000000,1,1,9
2024-09-21,0.3333333333,3,5,7
2024-09-22,0.5555555556,2,2,7
2024-09-23,0.6000000000,3,1,9
2024-09-24,0.8181818182,2,0,11
2024-09-25,0.4666666667,4,4,11
2024-09-26,0.5294117647,6,2,15
2024-09-27,0.7777777778,3,1,17
2024-09-28,0.6111111111,1,6,12
2024-09-29,0.6875000000,4,1,15
2024-09-30,0.8823529412,2,0,17
2024-10-01,0.7083333333,7,0,24
2024-10-02,0.6153846154,2,8,18
2024-10-03,0.6000000000,2,6,14
2024-10-04,0.6500000000,6,1,19
2024-10-05,0.6666666667,2,5,16
2024-10-06,0.6666666667,2,4,14
2024-10-07,0.6666666667,7,0,21
2024-10-08,0.8181818182,1,3,19
2024-10-09,0.7619047619,2,3,18
2024-10-10,0.6818181818,4,3,19
2024-10-11,0.8000000000,1,3,17
2024-10-12,0.7500000000,3,2,18
2024-10-13,0.7142857143,3,3,18
2024-10-14,0.8000000000,2,2,18
2024-10-15,0.8571428571,3,0,21
2024-10-16,0.5833333333,3,7,17
2024-10-17,0.6000000000,3,5,15
2024-10-18,0.8000000000,0,3,12
2024-10-19,0.6000000000,3,3,12
2024-10-20,0.5000000000,8,2,18
2024-10-21,0.7000000000,2,4,16
2024-10-22,0.7222222222,2,3,15
2024-10-23,0.5882352941,2,5,12
2024-10-24,0.5333333333,3,4,11
2024-10-25,0.4375000000,5,4,12
2024-10-26,0.5384615385,1,5,8
2024-10-27,0.6666666667,1,2,7
2024-10-28,0.6000000000,3,1,9
2024-10-29,0.7272727273,2,1,10
2024-10-30,0.8181818182,1,1,10
2024-10-31,0.6363636364,1,3,8
2024-11-01,0.5833333333,4,1,11
2024-11-02,0.5454545455,0,5,6
2024-11-03,0.8571428571,1,0,7
2024-11-04,0.7500000000,1,1,7
2024-11-05,0.6000000000,3,1,9
2024-11-06,0.4615384615,4,3,10
2024-11-07,0.7692307692,3,0,13
2024-11-08,0.6428571429,1,4,10
2024-11-09,0.6923076923,3,1,12
2024-11-10,0.7058823529,5,0,17
2024-11-11,0.7058823529,0,5,12
2024-11-12,0.7692307692,1,2,11
2024-11-13,0.6153846154,2,3,10
2024-11-14,0.7692307692,3,0,13
2024-11-15,0.6470588235,4,2,15
2024-11-16,0.6315789474,4,3,16
2024-11-17,0.8235294118,1,2,15
2024-11-18,0.7000000000,5,1,19
2024-11-19,0.7894736842,0,4,15
2024-11-20,0.6666666667,3,3,15
2024-11-21,0.8235294118,2,1,16
2024-11-22,0.8421052632,3,0,19
2024-11-23,0.7200000000,6,1,24
2024-11-24,0.6451612903,7,4,27
2024-11-25,0.6666666667,6,5,28
2024-11-26,0.7058823529,6,4,30
2024-11-27,0.6111111111,6,8,28
2024-11-28,0.6250000000,4,8,24
2024-11-29,0.6176470588,10,3,31
2024-11-30,0.6086956522,15,3,43
2024-12-01,0.7115384615,9,6,46
2024-12-02,0.5526315789,30,4,72
2024-12-03,0.6016949153,46,1,117
2024-12-04,0.7165354331,10,26,101
2024-12-05,0.6666666667,13,25,89
2024-12-06,0.7500000000,11,14,86
2024-12-07,0.6315789474,9,26,69
2024-12-08,0.6835443038,10,15,64
2024-12-09,0.5326086957,28,15,77
2024-12-10,0.6923076923,1,23,55
2024-12-11,0.7031250000,9,10,54
2024-12-12,0.7205882353,14,5,63
2024-12-13,0.7121212121,3,16,50
2024-12-14,0.7222222222,4,11,43
2024-12-15,0.7446808511,4,8,39
2024-12-16,0.7380952381,3,8,34
2024-12-17,0.7631578947,4,5,33
2024-12-18,0.6944444444,3,8,28
2024-12-19,0.7419354839,3,5,26
2024-12-20,0.8333333333,4,1,29
2024-12-21,0.6666666667,4,7,26
2024-12-22,0.7241379310,3,5,24
2024-12-23,0.8148148148,3,2,25
2024-12-24,0.6363636364,8,4,29
2024-12-25,0.6562500000,3,8,24
2024-12-26,0.6296296296,3,7,20
2024-12-27,0.7826086957,3,2,21
2024-12-28,0.5925925926,6,5,22
2024-12-29,0.6071428571,6,5,23
2024-12-30,0.6129032258,8,4,27
2024-12-31,0.7142857143,1,7,21
2025-01-01,0.8000000000,4,1,24
2025-01-02,0.7000000000,6,3,27
2025-01-03,0.7575757576,6,2,31
2025-01-04,0.6944444444,5,6,30
2025-01-05,0.6470588235,4,8,26
2025-01-06,0.6333333333,4,7,23
2025-01-07,0.7500000000,5,2,26
2025-01-08,0.6666666667,4,6,24
2025-01-09,0.8148148148,3,2,25
2025-01-10,0.7142857143,3,5,23
2025-01-11,0.5200000000,2,10,15
2025-01-12,0.6875000000,1,4,12
2025-01-13,0.4090909091,10,3,19
2025-01-14,0.5454545455,3,7,15
2025-01-15,0.6250000000,9,0,24
2025-01-16,0.7407407407,3,4,23
2025-01-17,0.8461538462,3,1,25
2025-01-18,0.7407407407,2,5,22
2025-01-19,0.8076923077,4,1,25
2025-01-20,0.8846153846,1,2,24
2025-01-21,0.6800000000,1,7,18
2025-01-22,0.7500000000,2,3,17
2025-01-23,0.8823529412,0,2,15
2025-01-24,0.8823529412,2,0,17
2025-01-25,0.7894736842,2,2,17
2025-01-26,0.7777777778,1,3,15
2025-01-27,0.6315789474,4,3,16
2025-01-28,0.8750000000,0,2,14
2025-01-29,0.7647058824,3,1,16
2025-01-30,0.8888888889,2,0,18
2025-01-31,0.8500000000,2,1,19
2025-02-01,0.7500000000,1,4,16
2025-02-02,0.6250000000,0,6,10
2025-02-03,0.8333333333,2,0,12
2025-02-04,0.7500000000,0,3,9
2025-02-05,1.0000000000,0,0,9
2025-02-06,0.7000000000,1,2,8
2025-02-07,1.0000000000,0,0,8
2025-02-08,0.5000000000,0,4,4
2025-02-09,0.6666666667,2,0,6
2025-02-10,0.6250000000,2,1,7
2025-02-11,0.8750000000,1,0,8
2025-02-12,0.6666666667,4,0,12
2025-02-13,0.6428571429,2,3,11
2025-02-14,0.7692307692,2,1,12
2025-02-15,0.6923076923,1,3,10
2025-02-16,0.8181818182,1,1,10
2025-02-17,0.7142857143,4,0,14
2025-02-18,0.7857142857,0,3,11
2025-02-19,0.8333333333,1,1,11
2025-02-20,0.9090909091,0,1,10
2025-02-21,0.9000000000,0,1,9
2025-02-22,0.8000000000,1,1,9
2025-02-23,0.8000000000,1,1,9
2025-02-24,0.8000000000,1,1,9
2025-02-25,0.9000000000,1,0,10
2025-02-26,0.9090909091,1,0,11
2025-02-27,0.8181818182,0,2,9
2025-02-28,0.9000000000,1,0,10
2025-03-01,0.8000000000,0,2,8
2025-03-02,0.5833333333,4,1,11
2025-03-03,0.9090909091,0,1,10
2025-03-04,0.6363636364,1,3,8
2025-03-05,1.0000000000,0,0,8
2025-03-06,0.7500000000,0,2,6
2025-03-07,0.5555555556,3,1,8
2025-03-08,0.6666666667,1,2,7
2025-03-09,0.6250000000,1,2,6
2025-03-10,0.6250000000,2,1,7
2025-03-11,0.7777777778,2,0,9
2025-03-12,0.6000000000,1,3,7
2025-03-13,0.6250000000,1,2,6
2025-03-14,0.7500000000,2,0,8
2025-03-15,0.6250000000,0,3,5
2025-03-16,0.2500000000,3,3,5
2025-03-17,0.6250000000,3,0,8
2025-03-18,0.7500000000,0,2,6
2025-03-19,0.7500000000,2,0,8
2025-03-20,0.7000000000,2,1,9
2025-03-21,0.5000000000,1,4,6
2025-03-22,0.6666666667,0,2,4
2025-03-23,0.8000000000,1,0,5
2025-03-24,0.6666666667,1,1,5
2025-03-25,0.8333333333,1,0,6
2025-03-26,0.4285714286,1,3,4
2025-03-27,0.6666666667,2,0,6
2025-03-28,0.5000000000,2,2,6
2025-03-29,0.7142857143,1,1,6
2025-03-30,0.4285714286,1,3,4
2025-03-31,0.6000000000,1,1,4
2025-04-01,0.7500000000,0,1,3
2025-04-02,0.0000000000,1,3,1
2025-04-03,0.1428571429,6,0,7
2025-04-04,0.4285714286,0,4,3
2025-04-05,0.7500000000,1,0,4
2025-04-06,0.7500000000,0,1,3
2025-04-07,0.4000000000,2,1,4
2025-04-08,0.2000000000,1,3,2
2025-04-09,0.3333333333,4,0,6
2025-04-10,0.5000000000,0,3,3
2025-04-11,0.4000000000,2,1,4
2025-04-12,0.5000000000,2,1,5
2025-04-13,0.6000000000,0,2,3
2025-04-14,0.7500000000,1,0,4
2025-04-15,0.4000000000,1,2,3
2025-04-16,0.2857142857,4,1,6
2025-04-17,0.4285714286,1,3,4
2025-04-18,0.5000000000,0,2,2
2025-04-19,1.0000000000,0,0,2
2025-04-20,1.0000000000,0,0,2
2025-04-21,0.5000000000,2,0,4
2025-04-22,1.0000000000,0,0,4
2025-04-23,0.6000000000,1,1,4
2025-04-24,0.6000000000,1,1,4
2025-04-25,0.5000000000,2,1,5
2025-04-26,0.8000000000,0,1,4
2025-04-27,0.6000000000,1,1,4
2025-04-28,0.5000000000,4,0,8
2025-04-29,0.3333333333,1,5,4
2025-04-30,0.8000000000,1,0,5
2025-05-01,0.6000000000,0,2,3
2025-05-02,0.2500000000,1,2,2
2025-05-03,1.0000000000,0,0,2
2025-05-04,0.5000000000,0,1,1
2025-05-05,0.3333333333,2,0,3
2025-05-06,0.7500000000,1,0,4
2025-05-07,0.1666666667,2,3,3
2025-05-08,0.3333333333,3,1,5
2025-05-09,0.7142857143,2,0,7
2025-05-10,0.7777777778,2,0,9
2025-05-11,0.7777777778,0,2,7
2025-05-12,0.5384615385,6,0,13
2025-05-13,0.5555555556,5,3,15
2025-05-14,0.5882352941,2,5,12
2025-05-15,0.4285714286,2,6,8
2025-05-16,0.6250000000,0,3,5
2025-05-17,0.6000000000,0,2,3
2025-05-18,0.5000000000,1,1,3
2025-05-19,0.7500000000,1,0,4
2025-05-20,0.6666666667,2,0,6
2025-05-21,0.4285714286,1,3,4
2025-05-22,0.6666666667,2,0,6
2025-05-23,0.6666666667,0,2,4
2025-05-24,0.4000000000,1,2,3
2025-05-25,0.4000000000,2,1,4
2025-05-26,0.4000000000,1,2,3
2025-05-27,0.3000000000,7,0,10
2025-05-28,0.8000000000,0,2,8
2025-05-29,0.6000000000,2,2,8
2025-05-30,0.2222222222,1,6,3
2025-05-31,0.3333333333,0,2,1
2025-06-01,0.5000000000,1,0,2
2025-06-02,0.6666666667,1,0,3
2025-06-03,0.6000000000,2,0,5
2025-06-04,0.5714285714,2,1,6
2025-06-05,0.5000000000,2,2,6
2025-06-06,0.4285714286,1,3,4
2025-06-07,0.6000000000,1,1,4
2025-06-08,0.7500000000,0,1,3
2025-06-09,0.3333333333,3,1,5
2025-06-10,0.3571428571,9,0,14
2025-06-11,0.3571428571,0,9,5
2025-06-12,0.4000000000,0,3,2
2025-06-13,0.3333333333,1,1,2
2025-06-14,0.5000000000,0,1,1
2025-06-15,0.5000000000,1,0,2
2025-06-16,1.0000000000,0,0,2
2025-06-17,1.0000000000,0,0,2
2025-06-18,0.5000000000,0,1,1
2025-06-19,0.3333333333,2,0,3
2025-06-20,0.5000000000,1,1,3
2025-06-21,0.5000000000,1,1,3
2025-06-22,0.6000000000,2,0,5
2025-06-23,0.8000000000,0,1,4
2025-06-24,0.4000000000,1,2,3
2025-06-25,0.5000000000,1,1,3
2025-06-26,0.6666666667,0,1,2
2025-06-27,1.0000000000,0,0,2
2025-06-28,0.0000000000,0,2,0
2025-06-29,0.0000000000,1,0,1
2025-06-30,0.2500000000,3,0,4
2025-07-01,1.0000000000,0,0,4
2025-07-02,0.5000000000,2,1,5
2025-07-03,0.2500000000,3,3,5
2025-07-04,0.6000000000,0,2,3
2025-07-05,0.5000000000,1,1,3
2025-07-06,0.5000000000,1,1,3
2025-07-07,0.7500000000,1,0,4
2025-07-08,0.8000000000,1,0,5
2025-07-09,0.8333333333,1,0,6
2025-07-10,0.6250000000,2,1,7
2025-07-11,0.5454545455,4,1,10
2025-07-12,0.5833333333,2,3,9
2025-07-13,0.4615384615,4,3,10
2025-07-14,0.6428571429,4,1,13
2025-07-15,0.8000000000,2,1,14
2025-07-16,0.5454545455,8,2,20
2025-07-17,0.7142857143,1,5,16
2025-07-18,0.7619047619,5,0,21
2025-07-19,0.6000000000,4,6,19
2025-07-20,0.5666666667,11,2,28
2025-07-21,0.8437500000,4,1,31
2025-07-22,0.8484848485,2,3,30
2025-07-23,0.5483870968,1,13,18
2025-07-24,0.8947368421,1,1,18
2025-07-25,0.8947368421,1,1,18
2025-07-26,0.7500000000,2,3,17
2025-07-27,0.6818181818,5,2,20
2025-07-28,0.8260869565,3,1,22
2025-07-29,0.7916666667,2,3,21
2025-07-30,0.7727272727,1,4,18
2025-07-31,0.7777777778,0,4,14
2025-08-01,0.8125000000,2,1,15
2025-08-02,0.6000000000,0,6,9
2025-08-03,0.7272727273,2,1,10
2025-08-04,0.6666666667,5,0,15
2025-08-05,0.8125000000,1,2,14
2025-08-06,0.8000000000,1,2,13
2025-08-07,0.6000000000,7,1,19
2025-08-08,0.7727272727,3,2,20
2025-08-09,0.7500000000,4,2,22
2025-08-10,0.5555555556,5,7,20
2025-08-11,0.6363636364,2,6,16
2025-08-12,0.5416666667,8,3,21
2025-08-13,0.6774193548,10,0,31
2025-08-14,0.6388888889,5,8,28
2025-08-15,0.6250000000,4,8,24
2025-08-16,0.5769230769,2,9,17
2025-08-17,0.6800000000,8,0,25
2025-08-18,0.6206896552,4,7,22
2025-08-19,0.8260869565,1,3,20
2025-08-20,0.8333333333,4,0,24
2025-08-21,0.6153846154,2,8,18
2025-08-22,0.5151515152,15,1,32
2025-08-23,0.5588235294,2,13,21
2025-08-24,0.7500000000,7,0,28
2025-08-25,0.7419354839,3,5,26
2025-08-26,0.6551724138,3,7,22
2025-08-27,0.7600000000,3,3,22
2025-08-28,0.7200000000,3,4,21
2025-08-29,0.7200000000,4,3,22
2025-08-30,0.5600000000,3,8,17
2025-08-31,0.5909090909,5,4,18
2025-09-01,0.5909090909,4,5,17
2025-09-02,0.8421052632,2,1,18
2025-09-03,0.7894736842,1,3,16
2025-09-04,0.8750000000,0,2,14
2025-09-05,0.8750000000,2,0,16
2025-09-06,0.5294117647,1,7,10
2025-09-07,0.6666666667,2,2,10
2025-09-08,0.4285714286,11,1,20
2025-09-09,0.7727272727,2,3,19
2025-09-10,0.7142857143,2,4,17
2025-09-11,0.8500000000,3,0,20
2025-09-12,0.7826086957,3,2,21
2025-09-13,0.6800000000,4,4,21
2025-09-14,0.7727272727,1,4,18
2025-09-15,0.6315789474,1,6,13
2025-09-16,0.7333333333,2,2,13
2025-09-17,0.7222222222,5,0,18
2025-09-18,0.7272727273,4,2,20
2025-09-19,0.6818181818,2,5,17
2025-09-20,0.5217391304,6,5,18
2025-09-21,0.6956521739,5,2,21
2025-09-22,0.5200000000,4,8,17
2025-09-23,0.6111111111,1,6,12
2025-09-24,0.5555555556,6,2,16
2025-09-25,0.5625000000,0,7,9
2025-09-26,0.5333333333,6,1,14
2025-09-27,0.4500000000,6,5,15
2025-09-28,0.5555555556,3,5,13
2025-09-29,0.5625000000,3,4,12
2025-09-30,0.7692307692,1,2,11
2025-10-01,0.5500000000,9,0,20
2025-10-02,0.5862068966,9,3,26
2025-10-03,0.5925925926,1,10,17
2025-10-04,0.7894736842,2,2,17
2025-10-05,0.6315789474,2,5,14
2025-10-06,0.5909090909,8,1,21
2025-10-07,0.5416666667,3,8,16
2025-10-08,0.4736842105,3,7,12
2025-10-09,0.7333333333,3,1,14
2025-10-10,0.5555555556,4,4,14
2025-10-11,0.5714285714,0,6,8
2025-10-12,0.5714285714,6,0,14
2025-10-13,0.6875000000,2,3,13
2025-10-14,0.7333333333,2,2,13
2025-10-15,0.7857142857,1,2,12
2025-10-16,0.7692307692,1,2,11
2025-10-17,0.7692307692,2,1,12
2025-10-18,0.5833333333,0,5,7
2025-10-19,0.5833333333,5,0,12
2025-10-20,0.7333333333,3,1,14
2025-10-21,0.8571428571,0,2,12
2025-10-22,0.8333333333,0,2,10
2025-10-23,0.9000000000,0,1,9
2025-10-24,0.7000000000,1,2,8
2025-10-25,0.5000000000,0,4,4
2025-10-26,0.3636363636,7,0,11
2025-10-27,0.7692307692,2,1,12
2025-10-28,0.5000000000,0,6,6
2025-10-29,0.7500000000,2,0,8
2025-10-30,0.8750000000,0,1,7
2025-10-31,0.7777777778,2,0,9
2025-11-01,0.7000000000,1,2,8
2025-11-02,0.8888888889,1,0,9
2025-11-03,0.6000000000,1,3,7
2025-11-04,0.6363636364,4,0,11
2025-11-05,0.8181818182,0,2,9
2025-11-06,0.8181818182,2,0,11
2025-11-07,0.5263157895,8,1,18
2025-11-08,0.6000000000,2,6,14
2025-11-09,0.6875000000,2,3,13
2025-11-10,0.8000000000,2,1,14
2025-11-11,0.7500000000,2,2,14
2025-11-12,0.4285714286,0,8,6
2025-11-13,0.6666666667,3,0,9
2025-11-14,0.7777777778,0,2,7
2025-11-15,0.8571428571,0,1,6
2025-11-16,0.7142857143,1,1,6
2025-11-17,0.7500000000,2,0,8
2025-11-18,0.7777777778,1,1,8
2025-11-19,0.7500000000,0,2,6
2025-11-20,0.7500000000,2,0,8
2025-11-21,0.6666666667,1,2,7
2025-11-22,0.7142857143,0,2,5
2025-11-23,0.8333333333,1,0,6
2025-11-24,0.6250000000,2,1,7
2025-11-25,0.8571428571,0,1,6
2025-11-26,0.7500000000,2,0,8
2025-11-27,0.5000000000,0,4,4
2025-11-28,0.6000000000,1,1,4
2025-11-29,0.7500000000,0,1,3
2025-11-30,0.7500000000,1,0,4
2025-12-01,0.5000000000,2,1,5
2025-12-02,0.5000000000,1,2,4
2025-12-03,1.0000000000,0,0,4
2025-12-04,0.7500000000,0,1,3
2025-12-05,0.4000000000,2,1,4
2025-12-06,0.6000000000,1,1,4
2025-12-07,0.5000000000,0,2,2
2025-12-08,0.5000000000,2,0,4
2025-12-09,0.4444444444,5,0,9
2025-12-10,0.6666666667,0,3,6
2025-12-11,0.7142857143,1,1,6
2025-12-12,0.8333333333,0,1,5
2025-12-13,0.6000000000,0,2,3
2025-12-14,0.6666666667,0,1,2
2025-12-15,0.2500000000,2,1,3
2025-12-16,0.5000000000,1,1,3
2025-12-17,0.5000000000,1,1,3
2025-12-18,1.0000000000,0,0,3
2025-12-19,0.6666666667,0,1,2
2025-12-20,1.0000000000,0,0,2
2025-12-21,0.3333333333,1,1,2
2025-12-22,0.2500000000,2,1,3
2025-12-23,0.6666666667,0,1,2
2025-12-24,0.5000000000,2,0,4
2025-12-25,0.2000000000,1,3,2
2025-12-26,0.2500000000,2,1,3
2025-12-27,0.5000000000,1,1,3
2025-12-28,0.6666666667,0,1,2
2025-12-29,0.6666666667,1,0,3
2025-12-30,1.0000000000,0,0,3
2025-12-31,0.5000000000,1,1,3
2026-01-01,0.2500000000,1,2,2
2026-01-02,0.1666666667,4,1,5
2026-01-03,0.8000000000,0,1,4
2026-01-04,0.8000000000,1,0,5
2026-01-05,0.5555555556,4,0,9
2026-01-06,0.7777777778,0,2,7
2026-01-07,0.7142857143,0,2,5
2026-01-08,0.8333333333,1,0,6
2026-01-09,0.7142857143,1,1,6
2026-01-10,0.5000000000,0,3,3
2026-01-11,0.7500000000,1,0,4
2026-01-12,0.8000000000,1,0,5
2026-01-13,0.6250000000,3,0,8
2026-01-14,0.8888888889,1,0,9
2026-01-15,0.8000000000,1,1,9
2026-01-16,0.8888888889,0,1,8
2026-01-17,0.6000000000,2,2,8
2026-01-18,0.8750000000,0,1,7
2026-01-19,0.5454545455,4,1,10
2026-01-20,0.6363636364,1,3,8
2026-01-21,0.8888888889,1,0,9
2026-01-22,0.6000000000,1,3,7
2026-01-23,0.7500000000,1,1,7
2026-01-24,0.7142857143,0,2,5
2026-01-25,0.5000000000,3,1,7
2026-01-26,0.5714285714,0,3,4
2026-01-27,0.5000000000,2,1,5
2026-01-28,0.6666666667,1,1,5
2026-01-29,0.6000000000,0,2,3
2026-01-30,0.5000000000,1,1,3
2026-01-31,0.5000000000,1,1,3
2026-02-01,0.6666666667,0,1,2
2026-02-02,1.0000000000,0,0,2
2026-02-03,1.0000000000,0,0,2
2026-02-04,0.6666666667,1,0,3
2026-02-05,0.6666666667,0,1,2
2026-02-06,0.5000000000,0,1,1
2026-02-07,1.0000000000,0,0,1
2026-02-08,1.0000000000,0,0,1
2026-02-09,0.5000000000,1,0,2
2026-02-10,0.5000000000,0,1,1
2026-02-11,0.5000000000,1,0,2
2026-02-12,1.0000000000,0,0,2
2026-02-13,0.2500000000,2,1,3
2026-02-14,0.3333333333,0,2,1
2026-02-15,1.0000000000,0,0,1
2026-02-16,1.0000000000,0,0,1
2026-02-17,0.5000000000,1,0,2
2026-02-18,0.5000000000,0,1,1
2026-02-19,0.5000000000,1,0,2
2026-02-20,0.6666666667,1,0,3
2026-02-21,0.0000000000,1,3,1
2026-02-22,0.3333333333,2,0,3
2026-02-23,0.3333333333,0,2,1
2026-02-24,1.0000000000,0,0,1
2026-02-25,0.3333333333,2,0,3
2026-02-26,0.5000000000,1,1,3
2026-02-27,0.2500000000,1,2,2
2026-02-28,0.5000000000,0,1,1
2026-03-01,1.0000000000,0,0,1
2026-03-02,1.0000000000,0,0,1
2026-03-03,1.0000000000,0,0,1
2026-03-04,0.5000000000,1,0,2
2026-03-05,0.5000000000,0,1,1
2026-03-06,0.5000000000,1,0,2
2026-03-07,0.5000000000,0,1,1
2026-03-08,0.3333333333,2,0,3
2026-03-09,0.3333333333,0,2,1
2026-03-10,1.0000000000,0,0,1
2026-03-11,0.5000000000,1,0,2
2026-03-12,0.5000000000,0,1,1
2026-03-13,1.0000000000,0,0,1
2026-03-14,0.0000000000,2,1,2
2026-03-15,0.0000000000,1,2,1
2026-03-16,1.0000000000,0,0,1
2026-03-17,0.5000000000,1,0,2
2026-03-18,1.0000000000,0,0,2
2026-03-19,1.0000000000,0,0,2
2026-03-20,1.0000000000,0,0,2
2026-03-21,0.3333333333,1,1,2
2026-03-22,0.5000000000,2,0,4
2026-03-23,1.0000000000,0,0,4
2026-03-24,0.7500000000,0,1,3
2026-03-25,1.0000000000,0,0,3
2026-03-26,1.0000000000,0,0,3
2026-03-27,1.0000000000,0,0,3
2026-03-28,0.6666666667,0,1,2
2026-03-29,1.0000000000,0,0,2
2026-03-30,1.0000000000,0,0,2
2026-03-31,0.5000000000,2,0,4
2026-04-01,0.6666666667,2,0,6
2026-04-02,1.0000000000,0,0,6
2026-04-03,0.4285714286,1,3,4
2026-04-04,0.1666666667,2,3,3
2026-04-05,0.5000000000,1,1,3
2026-04-06,0.6000000000,2,0,5
2026-04-07,0.6666666667,1,1,5
2026-04-08,0.8000000000,0,1,4
2026-04-09,1.0000000000,0,0,4
2026-04-10,0.4000000000,1,2,3
2026-04-11,0.7500000000,1,0,4
2026-04-12,0.6000000000,1,1,4
2026-04-13,0.6000000000,1,1,4
2026-04-14,1.0000000000,0,0,4
2026-04-15,1.0000000000,0,0,4
2026-04-16,0.5000000000,4,0,8
2026-04-17,0.4545454545,3,3,8
2026-04-18,0.3000000000,2,5,5
2026-04-19,0.5714285714,2,1,6
2026-04-20,0.4444444444,3,2,7
2026-04-21,0.5714285714,0,3,4
2026-04-22,0.4000000000,1,2,3
2026-04-23,0.7500000000,1,0,4
2026-04-24,0.3333333333,2,2,4
2026-04-25,0.1666666667,2,3,3
2026-04-26,0.0000000000,1,3,1
2026-04-27,0.2000000000,4,0,5
2026-04-28,0.6666666667,1,1,5
2026-04-29,0.2857142857,2,3,4
2026-04-30,0.4000000000,1,2,3
2026-05-01,0.2000000000,2,2,3
2026-05-02,0.4285714286,4,0,7
2026-05-03,0.4444444444,2,3,6
2026-05-04,0.5555555556,3,1,8
2026-05-05,0.5454545455,3,2,9
2026-05-06,0.5454545455,2,3,8
2026-05-07,0.6153846154,5,0,13
2026-05-08,0.3750000000,3,7,9
2026-05-09,0.6000000000,1,3,7
2026-05-10,0.3333333333,2,4,5
2026-05-11,0.5000000000,3,1,7
2026-05-12,0.6666666667,2,1,8
2026-05-13,0.4444444444,1,4,5
2026-05-14,0.8000000000,0,1,4
2026-05-15,0.5000000000,2,1,5
2026-05-16,0.4000000000,0,3,2
2026-05-17,0.6666666667,1,0,3
2026-05-18,0.6000000000,2,0,5
2026-05-19,0.6666666667,1,1,5
2026-05-20,0.7142857143,2,0,7
2026-05-21,0.8750000000,1,0,8
2026-05-22,0.6666666667,1,2,7
2026-05-23,0.8571428571,0,1,6
2026-05-24,0.6666666667,0,2,4
2026-05-25,0.6666666667,2,0,6
2026-05-26,1.0000000000,0,0,6
2026-05-27,0.5000000000,0,3,3
2026-05-28,0.7500000000,1,0,4
2026-05-29,0.6666666667,2,0,6
2026-05-30,0.7142857143,1,1,6
2026-05-31,0.6250000000,2,1,7
2026-06-01,0.7000000000,3,0,10
2026-06-02,0.5000000000,2,4,8
2026-06-03,0.6000000000,2,2,8
2026-06-04,0.6666666667,1,2,7
2026-06-05,0.8750000000,1,0,8
2026-06-06,0.7500000000,0,2,6
2026-06-07,0.8571428571,1,0,7
2026-06-08,1.0000000000,0,0,7
2026-06-09,0.7142857143,0,2,5
2026-06-10,1.0000000000,0,0,5
2026-06-11,0.5000000000,3,1,7
2026-06-12,0.5714285714,0,3,4
2026-06-13,0.6000000000,1,1,4
2026-06-14,0.8000000000,1,0,5
2026-06-15,0.7142857143,2,0,7
2026-06-16,0.7142857143,0,2,5
2026-06-17,0.6666666667,1,1,5
2026-06-18,1.0000000000,0,0,5
2026-06-19,1.0000000000,0,0,5
2026-06-20,0.5000000000,1,2,4
2026-06-21,0.3333333333,2,2,4
2026-06-22,0.5000000000,2,1,5
2026-06-23,0.8333333333,1,0,6
2026-06-24,0.8333333333,0,1,5
2026-06-25,1.0000000000,0,0,5
2026-06-26,1.0000000000,0,0,5
2026-06-27,0.6000000000,0,2,3
2026-06-28,0.4000000000,2,1,4
2026-06-29,0.6000000000,1,1,4
2026-06-30,0.8000000000,1,0,5
2026-07-01,0.7142857143,2,0,7
2026-07-02,0.2857142857,0,5,2
2026-07-03,0.4000000000,3,0,5
2026-07-04,0.5000000000,1,2,4
2026-07-05,0.4000000000,1,2,3
2026-07-06,0.3333333333,3,1,5
2026-07-07,0.5000000000,1,2,4
2026-07-08,0.7500000000,0,1,3
2026-07-09,0.6666666667,0,1,2
2026-07-10,0.5000000000,2,0,4
2026-07-11,0.2500000000,0,3,1
2026-07-12,0.5000000000,1,0,2
2026-07-13,0.2500000000,2,1,3
2026-07-14,1.0000000000,0,0,3
2026-07-15,0.5000000000,1,1,3
2026-07-16,0.5000000000,1,1,3
2026-07-17,0.6666666667,0,1,2
2026-07-18,0.3333333333,1,1,2
2026-07-19,1.0000000000,0,0,2
2026-07-20,1.0000000000,0,0,2
2026-07-21,0.6666666667,1,0,3
2026-07-22,0.6666666667,0,1,2
2026-07-23,0.6666666667,1,0,3
2026-07-24,1.0000000000,0,0,3
2026-07-25,0.5000000000,1,1,3
2026-07-26,0.5000000000,1,1,3
2026-07-27,0.6666666667,0,1,2
2026-07-28,1.0000000000,0,0,2
2026-07-29,0.6666666667,1,0,3
2026-07-30,0.4000000000,2,1,4
2026-07-31,0.4285714286,3,1,6
2026-08-01,0.3333333333,0,4,2
2026-08-02,0.3333333333,1,1,2
