date,eligible_count,dynamic_dispersion
2022-12-10,7,0.0586502582
2022-12-11,7,0.0926367738
2022-12-12,14,0.0974055980
2022-12-13,18,0.1052469292
2022-12-14,13,0.1049404451
2022-12-15,11,0.0836298819
2022-12-16,18,0.1175762651
2022-12-17,12,0.1074600749
2022-12-18,10,0.1096293014
2022-12-19,11,0.1091593831
2022-12-20,7,0.1079270991
2022-12-21,8,0.1362417688
2022-12-22,7,0.0870466378
2022-12-23,7,0.0873563151
2022-12-24,4,
2022-12-25,7,0.2522441049
2022-12-26,8,0.1689017405
2022-12-27,9,0.1147199759
2022-12-28,10,0.1090552046
2022-12-29,10,0.1030421147
2022-12-30,8,0.1132401194
2022-12-31,7,0.1045906002
2023-01-01,6,0.0775561986
2023-01-02,8,0.0722721492
2023-01-03,10,0.0796371271
2023-01-04,15,0.0983620355
2023-01-05,12,0.0731963434
2023-01-06,14,0.1318246345
2023-01-07,11,0.1843533055
2023-01-08,14,0.2262463886
2023-01-09,27,0.1826727572
2023-01-10,21,0.2243839269
2023-01-11,20,0.2149630945
2023-01-12,29,0.2059255400
2023-01-13,27,0.2373264305
2023-01-14,38,0.2146210392
2023-01-15,28,0.2232541955
2023-01-16,29,0.2250877758
2023-01-17,22,0.2860274180
2023-01-18,32,0.2493431617
2023-01-19,15,0.3015772783
2023-01-20,25,0.3009554745
2023-01-21,30,0.2641298331
2023-01-22,29,0.2235214646
2023-01-23,31,0.2621609006
2023-01-24,28,0.2480753419
2023-01-25,29,0.2528784925
2023-01-26,32,0.2573549409
2023-01-27,32,0.2380874019
2023-01-28,32,0.2297470030
2023-01-29,29,0.2573917188
2023-01-30,40,0.2279927086
2023-01-31,30,0.3253916221
2023-02-01,34,0.3025920518
2023-02-02,42,0.3092935391
2023-02-03,36,0.3053924298
2023-02-04,28,0.3330272378
2023-02-05,35,0.3353767903
2023-02-06,33,0.3206814833
2023-02-07,43,0.3290456720
2023-02-08,43,0.2729297853
2023-02-09,51,0.2273579518
2023-02-10,37,0.2857699479
2023-02-11,27,0.2871767661
2023-02-12,26,0.2439686718
2023-02-13,36,0.2199529626
2023-02-14,30,0.2729137576
2023-02-15,39,0.2496060770
2023-02-16,51,0.2810388593
2023-02-17,48,0.2382617004
2023-02-18,30,0.2768696349
2023-02-19,44,0.3155484898
2023-02-20,51,0.3775099864
2023-02-21,49,0.3900817211
2023-02-22,42,0.3901124181
2023-02-23,36,0.4316781978
2023-02-24,34,0.3888332564
2023-02-25,26,0.3752218709
2023-02-26,18,0.3873864308
2023-02-27,27,0.3858457505
2023-02-28,27,0.3420290368
2023-03-01,29,0.4251803342
2023-03-02,26,0.3874717627
2023-03-03,35,0.3838202404
2023-03-04,21,0.3893290022
2023-03-05,19,0.4353646173
2023-03-06,19,0.4413905234
2023-03-07,25,0.3648057748
2023-03-08,25,0.2209721184
2023-03-09,30,0.2326171125
2023-03-10,31,0.1991104773
2023-03-11,30,0.1657862497
2023-03-12,28,0.1995491022
2023-03-13,38,0.1741522007
2023-03-14,44,0.1616862537
2023-03-15,42,0.1410278126
2023-03-16,29,0.1633083287
2023-03-17,36,0.1845587247
2023-03-18,39,0.1912559865
2023-03-19,38,0.1873367919
2023-03-20,41,0.1844082657
2023-03-21,36,0.1591759429
2023-03-22,35,0.1555193266
2023-03-23,25,0.1898530038
2023-03-24,24,0.2032133130
2023-03-25,16,0.1770235848
2023-03-26,17,0.2340948853
2023-03-27,24,0.2168943621
2023-03-28,21,0.2353734476
2023-03-29,30,0.2665383809
2023-03-30,32,0.2548810863
2023-03-31,27,0.3012875831
2023-04-01,22,0.2624514621
2023-04-02,19,0.3254343583
2023-04-03,30,0.3124354505
2023-04-04,25,0.2767812233
2023-04-05,30,0.2422778676
2023-04-06,27,0.2484885841
2023-04-07,19,0.2822481976
2023-04-08,25,0.3671933918
2023-04-09,23,0.3280711939
2023-04-10,28,0.2573763482
2023-04-11,26,0.2927848347
2023-04-12,31,0.2307684615
2023-04-13,25,0.1228063258
2023-04-14,39,0.2750427576
2023-04-15,27,0.3397744799
2023-04-16,29,0.2771454512
2023-04-17,34,0.2886983058
2023-04-18,33,0.2996891938
2023-04-19,43,0.2939033934
2023-04-20,32,0.3291062998
2023-04-21,26,0.3317924615
2023-04-22,18,0.4131072823
2023-04-23,20,0.3853830286
2023-04-24,19,0.1527376522
2023-04-25,20,0.2004227988
2023-04-26,30,0.1760799004
2023-04-27,22,0.1962222994
2023-04-28,13,0.2117640325
2023-04-29,17,0.1866695797
2023-04-30,15,0.2194606464
2023-05-01,18,0.2269783611
2023-05-02,13,0.2668634822
2023-05-03,19,0.2552844442
2023-05-04,13,0.3266905590
2023-05-05,21,0.2646957323
2023-05-06,15,0.2138515306
2023-05-07,11,0.2020337092
2023-05-08,24,0.1771610229
2023-05-09,14,0.0680066415
2023-05-10,24,0.1111927415
2023-05-11,19,0.1292873106
2023-05-12,20,0.1411672397
2023-05-13,7,0.0491092177
2023-05-14,8,0.0399831392
2023-05-15,13,0.0683355689
2023-05-16,14,0.0954284237
2023-05-17,20,0.0711400673
2023-05-18,18,0.0759453293
2023-05-19,13,0.0929130356
2023-05-20,8,0.0587963240
2023-05-21,10,0.0719666816
2023-05-22,13,0.0927541344
2023-05-23,12,0.1480866599
2023-05-24,15,0.3081465539
2023-05-25,15,0.3087481001
2023-05-26,9,0.3487367984
2023-05-27,12,0.2079542438
2023-05-28,19,0.2686054827
2023-05-29,16,0.2220419555
2023-05-30,19,0.2257213904
2023-05-31,15,0.2616180631
2023-06-01,15,0.2405952916
2023-06-02,15,0.2281354762
2023-06-03,10,0.1741023489
2023-06-04,14,0.1581888659
2023-06-05,31,0.1884895954
2023-06-06,21,0.1474808491
2023-06-07,20,0.1449807369
2023-06-08,14,0.0982987971
2023-06-09,13,0.1111862825
2023-06-10,32,0.1381786450
2023-06-11,11,0.1659971207
2023-06-12,13,0.2286402920
2023-06-13,12,0.1909846892
2023-06-14,14,0.2314002505
2023-06-15,13,0.1847712802
2023-06-16,9,0.1717700706
2023-06-17,8,0.1422323366
2023-06-18,8,0.1283374080
2023-06-19,6,0.1424765565
2023-06-20,13,0.1576060090
2023-06-21,24,0.1662331098
2023-06-22,23,0.1817675366
2023-06-23,23,0.1739714514
2023-06-24,20,0.2151937634
2023-06-25,21,0.1868801455
2023-06-26,25,0.1944045854
2023-06-27,12,0.2470951803
2023-06-28,17,0.2657873969
2023-06-29,17,0.2839939549
2023-06-30,29,0.2557451542
2023-07-01,20,0.2390149827
2023-07-02,16,0.3372966245
2023-07-03,20,0.3922892511
2023-07-04,22,0.3500986381
2023-07-05,22,0.3871133695
2023-07-06,20,0.4255384735
2023-07-07,13,0.5106099562
2023-07-08,15,0.4618686759
2023-07-09,15,0.4688553889
2023-07-10,16,0.4428936365
2023-07-11,16,0.4165207760
2023-07-12,12,0.3282755482
2023-07-13,29,0.2962836116
2023-07-14,34,0.2946789811
2023-07-15,17,0.2018787530
2023-07-16,18,0.2329885350
2023-07-17,25,0.1683648574
2023-07-18,17,0.1379792406
2023-07-19,13,0.1803821470
2023-07-20,17,0.2481875599
2023-07-21,17,0.1817638253
2023-07-22,13,0.2611669754
2023-07-23,12,0.2243371948
2023-07-24,16,0.1308987628
2023-07-25,16,0.1316521143
2023-07-26,17,0.2164506247
2023-07-27,15,0.1935594024
2023-07-28,13,0.2479405460
2023-07-29,11,0.2280002797
2023-07-30,14,0.1955207648
2023-07-31,18,0.1966510350
2023-08-01,17,0.1851474981
2023-08-02,15,0.1786961826
2023-08-03,13,0.1497229181
2023-08-04,14,0.2843793803
2023-08-05,12,0.3855236238
2023-08-06,13,0.3683967369
2023-08-07,17,0.2818985717
2023-08-08,20,0.2319515765
2023-08-09,17,0.2081290757
2023-08-10,16,0.2827917341
2023-08-11,10,0.3197160169
2023-08-12,11,0.2240098271
2023-08-13,14,0.2509695321
2023-08-14,18,0.2231611847
2023-08-15,17,0.2043916288
2023-08-16,19,0.2220253437
2023-08-17,21,0.2018354076
2023-08-18,18,0.2925255014
2023-08-19,12,0.3634938296
2023-08-20,6,0.3205828425
2023-08-21,14,0.4135299044
2023-08-22,14,0.3443017488
2023-08-23,15,0.3402483142
2023-08-24,11,0.2456168051
2023-08-25,12,0.3462330551
2023-08-26,4,
2023-08-27,5,0.1510035028
2023-08-28,8,0.3885259029
2023-08-29,20,0.2552699156
2023-08-30,12,0.2057080341
2023-08-31,14,0.2469404437
2023-09-01,12,0.2762041985
2023-09-02,10,0.2382545996
2023-09-03,9,0.3534093844
2023-09-04,18,0.2600594465
2023-09-05,12,0.3080256270
2023-09-06,13,0.3427853291
2023-09-07,11,0.4469823819
2023-09-08,15,0.3598392395
2023-09-09,8,0.3205702442
2023-09-10,13,0.3245524063
2023-09-11,14,0.2455305638
2023-09-12,13,0.0946444708
2023-09-13,12,0.4087688384
2023-09-14,14,0.3925082917
2023-09-15,13,0.5240629908
2023-09-16,14,0.4869921479
2023-09-17,8,0.3312328394
2023-09-18,14,0.3638824714
2023-09-19,15,0.3468226541
2023-09-20,12,0.3581494447
2023-09-21,14,0.1549526023
2023-09-22,8,0.4619840619
2023-09-23,9,0.2957144524
2023-09-24,8,0.3506868072
2023-09-25,8,0.1237835704
2023-09-26,10,0.4756844019
2023-09-27,12,0.3330886496
2023-09-28,15,0.2865119362
2023-09-29,13,0.2910721305
2023-09-30,8,0.2654264618
2023-10-01,16,0.2177304191
2023-10-02,16,0.1906235402
2023-10-03,12,0.1589688334
2023-10-04,10,0.0922712656
2023-10-05,11,0.1000770518
2023-10-06,11,0.0983035297
2023-10-07,10,0.1760021712
2023-10-08,9,0.1371720190
2023-10-09,12,0.1130928912
2023-10-10,10,0.2408259163
2023-10-11,9,0.1717197159
2023-10-12,5,0.0584046883
2023-10-13,7,0.0896721111
2023-10-14,7,0.3326046108
2023-10-15,12,0.2845041593
2023-10-16,18,0.2497954995
2023-10-17,7,0.3329022489
2023-10-18,10,0.1965300352
2023-10-19,7,0.1554883184
2023-10-20,16,0.2138528942
2023-10-21,13,0.1852388355
2023-10-22,15,0.1645870163
2023-10-23,28,0.1920444197
2023-10-24,37,0.2219905492
2023-10-25,30,0.2451019085
2023-10-26,29,0.2312163492
2023-10-27,21,0.2227010273
2023-10-28,14,0.2412568119
2023-10-29,20,0.2132072979
2023-10-30,24,0.2770420334
2023-10-31,33,0.2354235210
2023-11-01,33,0.2002001927
2023-11-02,33,0.1750639558
2023-11-03,22,0.2340674574
2023-11-04,16,0.1826962963
2023-11-05,31,0.1846554744
2023-11-06,39,0.2109193490
2023-11-07,38,0.1794399371
2023-11-08,23,0.2026374530
2023-11-09,52,0.1991749389
2023-11-10,45,0.2137139649
2023-11-11,50,0.2384984996
2023-11-12,38,0.2563006257
2023-11-13,47,0.2200849358
2023-11-14,40,0.2628097183
2023-11-15,37,0.2696034257
2023-11-16,40,0.2505336043
2023-11-17,36,0.2294962857
2023-11-18,26,0.2072669931
2023-11-19,23,0.1972944271
2023-11-20,37,0.2141750096
2023-11-21,43,0.2088439971
2023-11-22,33,0.2088271861
2023-11-23,27,0.2333056140
2023-11-24,33,0.2030565419
2023-11-25,24,0.3023681328
2023-11-26,34,0.3009301766
2023-11-27,38,0.3053451964
2023-11-28,34,0.3413919044
2023-11-29,28,0.3046836450
2023-11-30,23,0.2797576510
2023-12-01,23,0.2928673527
2023-12-02,23,0.3069227271
2023-12-03,31,0.3402668296
2023-12-04,51,0.3549471192
2023-12-05,52,0.3134367029
2023-12-06,55,0.2981908035
2023-12-07,43,0.1921117965
2023-12-08,38,0.2112000719
2023-12-09,50,0.1716100541
2023-12-10,40,0.2496805065
2023-12-11,57,0.2882337242
2023-12-12,44,0.2958949236
2023-12-13,41,0.2605410861
2023-12-14,45,0.2813358386
2023-12-15,45,0.3021163431
2023-12-16,38,0.2631594331
2023-12-17,36,0.2268470571
2023-12-18,41,0.2660805725
2023-12-19,44,0.2923179143
2023-12-20,44,0.3030520369
2023-12-21,46,0.3184847541
2023-12-22,51,0.3056633951
2023-12-23,51,0.3560635917
2023-12-24,58,0.3721698887
2023-12-25,66,0.3275789015
2023-12-26,75,0.3084718065
2023-12-27,59,0.2890020744
2023-12-28,61,0.2664589310
2023-12-29,49,0.3071642897
2023-12-30,37,0.3352628973
2023-12-31,39,0.3029791639
2024-01-01,40,0.2806165333
2024-01-02,51,0.2878731802
2024-01-03,78,0.2914983782
2024-01-04,49,0.3065056751
2024-01-05,46,0.3296278238
2024-01-06,40,0.3446591301
2024-01-07,36,0.2931404441
2024-01-08,51,0.3195846763
2024-01-09,44,0.2919793853
2024-01-10,55,0.2975658200
2024-01-11,53,0.3049474025
2024-01-12,53,0.2843328003
2024-01-13,32,0.3178738870
2024-01-14,30,0.3073241746
2024-01-15,33,0.2326071617
2024-01-16,38,0.2245564615
2024-01-17,35,0.2270300037
2024-01-18,41,0.2360286508
2024-01-19,40,0.2604828739
2024-01-20,31,0.2697363118
2024-01-21,24,0.2975960124
2024-01-22,41,0.2612417315
2024-01-23,43,0.2438541291
2024-01-24,31,0.2720285512
2024-01-25,28,0.2498975535
2024-01-26,27,0.2573255419
2024-01-27,27,0.2562730959
2024-01-28,29,0.2749913580
2024-01-29,30,0.2043918230
2024-01-30,33,0.2512607560
2024-01-31,34,0.1473170797
2024-02-01,26,0.1741437467
2024-02-02,25,0.1862163028
2024-02-03,21,0.2532374838
2024-02-04,21,0.2776710596
2024-02-05,24,0.2040502546
2024-02-06,23,0.1491061489
2024-02-07,28,0.2395831224
2024-02-08,28,0.2508388514
2024-02-09,34,0.2959044705
2024-02-10,30,0.2372291779
2024-02-11,28,0.2364476933
2024-02-12,37,0.2236860460
2024-02-13,40,0.2474609812
2024-02-14,44,0.2571432503
2024-02-15,60,0.2573470912
2024-02-16,49,0.2424663149
2024-02-17,42,0.2624364207
2024-02-18,40,0.2584522806
2024-02-19,50,0.2260869671
2024-02-20,58,0.2226885093
2024-02-21,44,0.2728571722
2024-02-22,48,0.2803616057
2024-02-23,52,0.2485121507
2024-02-24,45,0.2882387319
2024-02-25,42,0.3361953851
2024-02-26,58,0.3075814068
2024-02-27,60,0.2860789590
2024-02-28,90,0.2969730982
2024-02-29,77,0.2873387349
2024-03-01,65,0.3347807379
2024-03-02,71,0.3368677742
2024-03-03,84,0.3636422825
2024-03-04,90,0.3594823253
2024-03-05,114,0.3331788709
2024-03-06,81,0.3793678817
2024-03-07,77,0.3552401428
2024-03-08,77,0.4001322778
2024-03-09,82,0.4129428764
2024-03-10,84,0.3867754075
2024-03-11,99,0.3577923201
2024-03-12,105,0.3426861209
2024-03-13,97,0.3486446584
2024-03-14,92,0.3801713397
2024-03-15,106,0.3548380893
2024-03-16,79,0.3809919160
2024-03-17,69,0.4085695385
2024-03-18,65,0.3740023888
2024-03-19,83,0.3448198365
2024-03-20,73,0.3544992268
2024-03-21,61,0.2917644261
2024-03-22,67,0.2838848627
2024-03-23,51,0.2409394701
2024-03-24,54,0.2731693268
2024-03-25,72,0.3169241121
2024-03-26,74,0.2925758390
2024-03-27,78,0.2972013735
2024-03-28,65,0.3448915612
2024-03-29,71,0.3249879108
2024-03-30,57,0.3651868468
2024-03-31,54,0.3069527579
2024-04-01,73,0.3027870252
2024-04-02,68,0.2867057893
2024-04-03,66,0.2899945092
2024-04-04,55,0.2700055301
2024-04-05,52,0.2813637953
2024-04-06,43,0.2831258714
2024-04-07,46,0.2897696510
2024-04-08,53,0.2685431616
2024-04-09,57,0.2690931258
2024-04-10,55,0.2666158206
2024-04-11,51,0.2502133980
2024-04-12,89,0.2424592907
2024-04-13,96,0.2620939058
2024-04-14,62,0.2323433525
2024-04-15,58,0.2428885339
2024-04-16,51,0.2234357605
2024-04-17,47,0.2245203377
2024-04-18,40,0.2204534037
2024-04-19,49,0.2052887266
2024-04-20,41,0.1307537106
2024-04-21,37,0.1851722334
2024-04-22,43,0.2157179950
2024-04-23,43,0.2046995792
2024-04-24,51,0.2060082257
2024-04-25,46,0.1937815405
2024-04-26,39,0.2201076015
2024-04-27,40,0.1618096528
2024-04-28,31,0.1574496202
2024-04-29,43,0.1314389557
2024-04-30,43,0.1375377055
2024-05-01,42,0.1282238420
2024-05-02,36,0.1372351162
2024-05-03,41,0.1435623933
2024-05-04,33,0.1667272788
2024-05-05,32,0.1857119627
2024-05-06,43,0.1707227766
2024-05-07,38,0.1880041406
2024-05-08,38,0.2336979196
2024-05-09,36,0.2300174402
2024-05-10,43,0.2030521075
2024-05-11,23,0.2209498109
2024-05-12,18,0.2520673905
2024-05-13,38,0.2148972886
2024-05-14,29,0.2009648952
2024-05-15,42,0.1967463326
2024-05-16,38,0.1911887455
2024-05-17,39,0.1801360119
2024-05-18,27,0.1993723699
2024-05-19,28,0.2274455552
2024-05-20,47,0.1896537688
2024-05-21,46,0.1953925556
2024-05-22,48,0.1969003125
2024-05-23,57,0.2201302874
2024-05-24,41,0.2364315270
2024-05-25,30,0.2305235621
2024-05-26,30,0.2561392028
2024-05-27,42,0.2507923672
2024-05-28,47,0.2565251436
2024-05-29,45,0.2237965442
2024-05-30,45,0.2213721620
2024-05-31,35,0.2491251323
2024-06-01,20,0.3399919452
2024-06-02,28,0.3023193773
2024-06-03,42,0.2597937555
2024-06-04,41,0.1971817184
2024-06-05,43,0.2118524064
2024-06-06,42,0.2199106366
2024-06-07,54,0.2197626452
2024-06-08,38,0.2630419127
2024-06-09,24,0.3025274278
2024-06-10,36,0.2680749428
2024-06-11,48,0.2126974537
2024-06-12,49,0.1883279057
2024-06-13,40,0.2023885186
2024-06-14,45,0.2128326891
2024-06-15,18,0.2339952787
2024-06-16,19,0.2191143387
2024-06-17,45,0.2434191431
2024-06-18,51,0.2306499075
2024-06-19,37,0.1968108741
2024-06-20,36,0.1406482691
2024-06-21,34,0.1557885617
2024-06-22,21,0.1839717361
2024-06-23,18,0.1552203468
2024-06-24,43,0.1415298812
2024-06-25,31,0.1490889726
2024-06-26,25,0.1801604132
2024-06-27,29,0.1833194407
2024-06-28,28,0.1964308135
2024-06-29,19,0.2170374949
2024-06-30,16,0.2433751194
2024-07-01,26,0.1875669052
2024-07-02,20,0.1703696474
2024-07-03,31,0.1588089480
2024-07-04,41,0.1680331525
2024-07-05,54,0.1889442904
2024-07-06,27,0.1769314693
2024-07-07,24,0.1556888285
2024-07-08,37,0.1517603581
2024-07-09,31,0.2320706485
2024-07-10,29,0.1284184551
2024-07-11,30,0.1664594319
2024-07-12,26,0.2230050758
2024-07-13,22,0.2562887654
2024-07-14,22,0.2242440612
2024-07-15,37,0.1408435060
2024-07-16,41,0.1353720241
2024-07-17,35,0.1379961023
2024-07-18,25,0.0912855514
2024-07-19,30,0.1878345474
2024-07-20,21,0.0952941616
2024-07-21,23,0.0840270559
2024-07-22,25,0.0909653272
2024-07-23,31,0.0962599797
2024-07-24,21,0.1377570713
2024-07-25,31,0.1668162714
2024-07-26,24,0.1782542460
2024-07-27,23,0.1390992767
2024-07-28,14,0.1623897856
2024-07-29,24,0.1053478363
2024-07-30,17,0.0916891207
2024-07-31,19,0.1242258229
2024-08-01,30,0.0901942239
2024-08-02,28,0.0854099024
2024-08-03,22,0.0830599720
2024-08-04,27,0.1106810929
2024-08-05,64,0.2315335168
2024-08-06,35,0.2445955664
2024-08-07,31,0.2034331312
2024-08-08,31,0.1829646272
2024-08-09,22,0.1872656591
2024-08-10,14,0.1677614946
2024-08-11,20,0.1783484192
2024-08-12,30,0.1671944050
2024-08-13,20,0.1748023404
2024-08-14,23,0.1725572387
2024-08-15,26,0.1844675616
2024-08-16,24,0.2403806572
2024-08-17,13,0.3573505359
2024-08-18,19,0.3260403189
2024-08-19,24,0.2818083991
2024-08-20,32,0.3043486031
2024-08-21,32,0.2927585323
2024-08-22,29,0.3243573177
2024-08-23,40,0.3254042295
2024-08-24,36,0.3372785519
2024-08-25,31,0.3480218715
2024-08-26,35,0.3013201995
2024-08-27,37,0.2666469251
2024-08-28,38,0.2770719495
2024-08-29,29,0.3058364818
2024-08-30,28,0.3260535009
2024-08-31,14,0.3668970149
2024-09-01,19,0.3529029864
2024-09-02,24,0.2838131062
2024-09-03,23,0.2862613020
2024-09-04,32,0.2175702930
2024-09-05,19,0.1600163681
2024-09-06,31,0.2114684473
2024-09-07,14,0.0910762357
2024-09-08,17,0.0952891737
2024-09-09,27,0.1219771331
2024-09-10,18,0.1109615918
2024-09-11,26,0.0968372299
2024-09-12,22,0.0865363789
2024-09-13,24,0.1043771983
2024-09-14,17,0.1387903732
2024-09-15,23,0.1967907838
2024-09-16,20,0.1789571605
2024-09-17,21,0.1883980857
2024-09-18,27,0.2079458383
2024-09-19,37,0.1752613507
2024-09-20,37,0.1952175129
2024-09-21,25,0.1702988287
2024-09-22,24,0.1576854801
2024-09-23,34,0.1583067030
2024-09-24,37,0.1855313017
2024-09-25,34,0.1706652763
2024-09-26,36,0.1483432886
2024-09-27,41,0.1464516724
2024-09-28,26,0.1741634412
2024-09-29,30,0.1411555494
2024-09-30,34,0.1632113031
2024-10-01,50,0.1863667263
2024-10-02,37,0.1880684373
2024-10-03,32,0.1446642476
2024-10-04,30,0.2040960148
2024-10-05,25,0.2528072689
2024-10-06,23,0.1978806310
2024-10-07,35,0.3246138833
2024-10-08,32,0.2236616240
2024-10-09,32,0.2727346382
2024-10-10,29,0.2029940309
2024-10-11,29,0.2008768347
2024-10-12,27,0.1404039920
2024-10-13,31,0.2243105901
2024-10-14,38,0.1875602170
2024-10-15,45,0.1722513430
2024-10-16,32,0.1466642839
2024-10-17,34,0.2588641450
2024-10-18,27,0.2103412276
2024-10-19,19,0.1999273990
2024-10-20,36,0.1567045608
2024-10-21,39,0.2104513694
2024-10-22,37,0.2035322838
2024-10-23,38,0.1493790929
2024-10-24,29,0.1416733440
2024-10-25,39,0.1619624829
2024-10-26,30,0.1588712707
2024-10-27,16,0.2107551416
2024-10-28,33,0.1952124272
2024-10-29,41,0.1775522248
2024-10-30,38,0.2056754027
2024-10-31,33,0.1999975691
2024-11-01,37,0.2149809950
2024-11-02,18,0.2716241879
2024-11-03,32,0.2216702711
2024-11-04,30,0.2903205537
2024-11-05,36,0.2660828269
2024-11-06,53,0.2166696678
2024-11-07,50,0.2226991271
2024-11-08,51,0.2604941441
2024-11-09,49,0.2490177419
2024-11-10,77,0.2001760063
2024-11-11,76,0.1884927090
2024-11-12,89,0.2021279345
2024-11-13,74,0.2265210487
2024-11-14,64,0.2601615356
2024-11-15,57,0.2744482651
2024-11-16,71,0.2453238884
2024-11-17,72,0.2705108573
2024-11-18,82,0.2518849960
2024-11-19,65,0.2784632583
2024-11-20,64,0.3098463177
2024-11-21,71,0.2886320543
2024-11-22,71,0.3045016438
2024-11-23,104,0.2824467192
2024-11-24,111,0.2694831164
2024-11-25,93,0.2785783556
2024-11-26,89,0.3077774493
2024-11-27,75,0.2858230158
2024-11-28,71,0.3239278625
2024-11-29,72,0.3768076181
2024-11-30,85,0.3185376595
2024-12-01,82,0.3337058829
2024-12-02,105,0.3027329690
2024-12-03,143,0.3187632752
2024-12-04,133,0.3098568440
2024-12-05,118,0.3103895617
2024-12-06,111,0.2717090399
2024-12-07,83,0.3218767932
2024-12-08,78,0.2900963958
2024-12-09,129,0.2339477564
2024-12-10,105,0.2611157735
2024-12-11,83,0.2896113575
2024-12-12,90,0.2999663575
2024-12-13,74,0.3000260174
2024-12-14,67,0.3002270869
2024-12-15,67,0.2859545559
2024-12-16,72,0.2746945295
2024-12-17,71,0.2609411623
2024-12-18,79,0.2937464957
2024-12-19,85,0.2322564991
2024-12-20,86,0.2521571603
2024-12-21,70,0.2744529606
2024-12-22,56,0.2830345290
2024-12-23,63,0.2634359007
2024-12-24,62,0.2526367962
2024-12-25,54,0.2687016529
2024-12-26,48,0.2704789164
2024-12-27,55,0.2816577414
2024-12-28,45,0.2766680500
2024-12-29,40,0.3567867392
2024-12-30,57,0.3117203339
2024-12-31,52,0.2719623101
2025-01-01,45,0.2884490043
2025-01-02,51,0.2778409377
2025-01-03,55,0.2349012673
2025-01-04,55,0.2274108945
2025-01-05,48,0.2605204969
2025-01-06,52,0.2280013773
2025-01-07,64,0.2108977775
2025-01-08,64,0.2104776593
2025-01-09,51,0.2226472550
2025-01-10,49,0.2155229119
2025-01-11,30,0.1467643779
2025-01-12,28,0.1661175399
2025-01-13,60,0.1585302548
2025-01-14,36,0.1344773172
2025-01-15,51,0.1274670412
2025-01-16,52,0.1509180263
2025-01-17,55,0.1354572831
2025-01-18,59,0.1708850322
2025-01-19,80,0.1630842306
2025-01-20,75,0.1812362469
2025-01-21,53,0.2126454465
2025-01-22,45,0.2249771671
2025-01-23,52,0.2300801060
2025-01-24,47,0.2515147894
2025-01-25,31,0.2868140642
2025-01-26,34,0.2720201289
2025-01-27,62,0.2146853904
2025-01-28,41,0.2547699538
2025-01-29,48,0.2469170310
2025-01-30,44,0.2533324788
2025-01-31,52,0.2559742997
2025-02-01,46,0.3212050138
2025-02-02,70,0.2789799848
2025-02-03,100,0.2758462604
2025-02-04,64,0.2844892039
2025-02-05,44,0.2847836538
2025-02-06,45,0.2949771993
2025-02-07,45,0.2881084459
2025-02-08,30,0.2702422253
2025-02-09,35,0.2955826012
2025-02-10,40,0.3038281366
2025-02-11,41,0.3134278271
2025-02-12,49,0.3397581811
2025-02-13,36,0.3383915531
2025-02-14,39,0.3462266641
2025-02-15,27,0.3901744522
2025-02-16,26,0.3863072503
2025-02-17,43,0.2862294622
2025-02-18,40,0.3231474142
2025-02-19,32,0.3415987726
2025-02-20,36,0.3508412810
2025-02-21,47,0.3244933656
2025-02-22,33,0.3665490653
2025-02-23,28,0.3949538313
2025-02-24,45,0.3392619064
2025-02-25,54,0.3260132524
2025-02-26,41,0.3867266626
2025-02-27,33,0.3837002935
2025-02-28,49,0.2546397578
2025-03-01,26,0.1830859649
2025-03-02,51,0.1638226171
2025-03-03,52,0.1799077337
2025-03-04,47,0.1632032457
2025-03-05,31,0.1563140628
2025-03-06,30,0.1894936117
2025-03-07,41,0.1791993320
2025-03-08,22,0.1777187299
2025-03-09,32,0.1895702602
2025-03-10,46,0.2171642410
2025-03-11,48,0.2651039120
2025-03-12,35,0.2353724629
2025-03-13,30,0.2307970692
2025-03-14,28,0.2473248025
2025-03-15,22,0.1639726143
2025-03-16,28,0.2383748219
2025-03-17,27,0.2206228131
2025-03-18,24,0.2356717415
2025-03-19,31,0.2132053267
2025-03-20,26,0.2795030059
2025-03-21,23,0.3335083217
2025-03-22,20,0.3331954006
2025-03-23,19,0.2561006003
2025-03-24,27,0.1652682529
2025-03-25,22,0.1857296905
2025-03-26,29,0.1446940709
2025-03-27,23,0.1514516621
2025-03-28,27,0.2383159018
2025-03-29,23,0.2699363727
2025-03-30,17,0.2762269595
2025-03-31,23,0.1884167451
2025-04-01,26,0.1968564657
2025-04-02,33,0.2508287477
2025-04-03,24,0.2970445501
2025-04-04,28,0.1753216999
2025-04-05,14,0.4744246682
2025-04-06,27,0.3555445821
2025-04-07,46,0.2552579231
2025-04-08,27,0.1748424612
2025-04-09,38,0.2603374767
2025-04-10,28,0.2262657971
2025-04-11,25,0.1331688091
2025-04-12,27,0.1414618874
2025-04-13,23,0.4067882839
2025-04-14,26,0.4751321183
2025-04-15,20,0.4649336078
2025-04-16,25,0.5116275181
2025-04-17,19,0.5481650858
2025-04-18,16,0.5918169384
2025-04-19,17,0.5832088455
2025-04-20,22,0.5633990369
2025-04-21,27,0.5312507928
2025-04-22,34,0.4889494672
2025-04-23,39,0.4587290583
2025-04-24,34,0.5475420760
2025-04-25,40,0.5221217563
2025-04-26,25,0.4016463027
2025-04-27,22,0.6730932317
2025-04-28,34,0.5829471391
2025-04-29,24,0.6673590510
2025-04-30,28,0.8158693636
2025-05-01,27,0.7012970022
2025-05-02,23,0.6243760494
2025-05-03,13,0.3624532039
2025-05-04,12,0.1370210989
2025-05-05,20,0.2426974526
2025-05-06,25,0.2322501107
2025-05-07,22,0.1661066596
2025-05-08,41,0.1947119569
2025-05-09,47,0.1805630569
2025-05-10,48,0.1920973555
2025-05-11,43,0.1845413883
2025-05-12,56,0.1755900937
2025-05-13,47,0.2124709955
2025-05-14,43,0.2384831671
2025-05-15,43,0.1965574049
2025-05-16,29,0.1935603304
2025-05-17,21,0.2219591203
2025-05-18,32,0.2364606991
2025-05-19,29,0.2282019381
2025-05-20,27,0.2241212180
2025-05-21,39,0.1991080558
2025-05-22,40,0.1937894071
2025-05-23,50,0.2031384168
2025-05-24,23,0.2404880672
2025-05-25,24,0.2216381421
2025-05-26,23,0.2167867645
2025-05-27,28,0.2374908966
2025-05-28,30,0.2155030841
2025-05-29,32,0.1783339202
2025-05-30,47,0.1909368704
2025-05-31,27,0.1657095844
2025-06-01,21,0.2167394093
2025-06-02,20,0.1970480924
2025-06-03,26,0.1989458428
2025-06-04,25,0.1995621174
2025-06-05,38,0.1507213866
2025-06-06,26,0.1253542583
2025-06-07,17,0.1842611179
2025-06-08,18,0.1786418688
2025-06-09,28,0.1823526767
2025-06-10,42,0.1556885855
2025-06-11,38,0.1528823402
2025-06-12,26,0.1769134924
2025-06-13,39,0.1260976425
2025-06-14,14,0.1327195466
2025-06-15,14,0.1101103494
2025-06-16,28,0.1397889836
2025-06-17,32,0.1529279742
2025-06-18,26,0.1427836089
2025-06-19,20,0.1490025623
2025-06-20,25,0.1082681913
2025-06-21,23,0.2141647847
2025-06-22,35,0.2450598315
2025-06-23,31,0.2357641179
2025-06-24,27,0.2495307023
2025-06-25,24,0.2488725150
2025-06-26,23,0.1297040617
2025-06-27,17,0.1909829430
2025-06-28,13,0.1593560446
2025-06-29,17,0.1513822644
2025-06-30,22,0.2277369658
2025-07-01,21,0.2456831249
2025-07-02,25,0.2167559674
2025-07-03,26,0.2219059223
2025-07-04,21,0.3034765702
2025-07-05,14,0.3655483584
2025-07-06,17,0.1051266728
2025-07-07,20,0.1879533599
2025-07-08,21,0.1711718089
2025-07-09,32,0.1435950687
2025-07-10,37,0.1670180150
2025-07-11,48,0.1792844017
2025-07-12,33,0.1722786181
2025-07-13,34,0.1520944376
2025-07-14,43,0.1762025911
2025-07-15,38,0.1707964512
2025-07-16,44,0.1860372675
2025-07-17,45,0.1809875942
2025-07-18,50,0.1626998916
2025-07-19,34,0.1826465441
2025-07-20,48,0.2052428149
2025-07-21,52,0.2159083922
2025-07-22,52,0.1995014103
2025-07-23,49,0.1806932539
2025-07-24,46,0.1986132017
2025-07-25,41,0.2289924595
2025-07-26,32,0.2348151620
2025-07-27,33,0.2153857707
2025-07-28,45,0.2213401899
2025-07-29,40,0.2697994644
2025-07-30,39,0.2298999013
2025-07-31,32,0.1911432201
2025-08-01,43,0.1824293458
2025-08-02,28,0.1841977869
2025-08-03,21,0.2150322984
2025-08-04,28,0.2110390328
2025-08-05,31,0.2356777826
2025-08-06,24,0.2520000586
2025-08-07,32,0.2904217218
2025-08-08,42,0.2734921460
2025-08-09,43,0.1690011020
2025-08-10,42,0.2169243211
2025-08-11,45,0.1927050004
2025-08-12,38,0.1753667034
2025-08-13,52,0.1514424264
2025-08-14,57,0.2228885542
2025-08-15,42,0.2287694201
2025-08-16,21,0.2386700155
2025-08-17,31,0.2312811035
2025-08-18,34,0.1281781472
2025-08-19,35,0.1614136474
2025-08-20,30,0.1866634531
2025-08-21,24,0.2441183461
2025-08-22,49,0.2045420777
2025-08-23,30,0.1788465799
2025-08-24,43,0.1751728069
2025-08-25,48,0.1799893794
2025-08-26,33,0.1926640772
2025-08-27,32,0.2206499005
2025-08-28,30,0.2037344245
2025-08-29,39,0.1825966545
2025-08-30,23,0.1960703281
2025-08-31,22,0.1578738825
2025-09-01,33,0.1213196517
2025-09-02,26,0.1013483588
2025-09-03,19,0.0648344025
2025-09-04,20,0.0779123965
2025-09-05,27,0.1337250799
2025-09-06,17,0.2089313258
2025-09-07,20,0.2218292214
2025-09-08,28,0.1335732815
2025-09-09,40,0.1623906908
2025-09-10,39,0.1849557809
2025-09-11,37,0.2034551399
2025-09-12,33,0.2958673907
2025-09-13,39,0.3001897943
2025-09-14,27,0.2918733609
2025-09-15,33,0.1354460310
2025-09-16,27,0.1149135820
2025-09-17,33,0.1241461929
2025-09-18,36,0.1339564001
2025-09-19,33,0.1545336514
2025-09-20,24,0.1737896221
2025-09-21,26,0.1662116022
2025-09-22,48,0.1615321767
2025-09-23,26,0.1604025642
2025-09-24,29,0.1916295890
2025-09-25,38,0.1420133543
2025-09-26,28,0.2157720288
2025-09-27,20,0.2781360252
2025-09-28,19,0.2867131344
2025-09-29,24,0.3140221446
2025-09-30,27,0.2910292593
2025-10-01,36,0.2189444301
2025-10-02,38,0.2108738506
2025-10-03,35,0.2078084956
2025-10-04,25,0.2711781818
2025-10-05,32,0.2449828513
2025-10-06,40,0.2357262737
2025-10-07,42,0.2270549898
2025-10-08,30,0.3203540751
2025-10-09,32,0.3303537746
2025-10-10,74,0.3354215925
2025-10-11,57,0.3530762935
2025-10-12,50,0.3864151926
2025-10-13,47,0.3836682532
2025-10-14,46,0.3623707222
2025-10-15,38,0.3760517728
2025-10-16,34,0.3335996624
2025-10-17,38,0.3622678808
2025-10-18,17,0.3844917406
2025-10-19,26,0.3701084242
2025-10-20,30,0.3788482382
2025-10-21,37,0.3434214388
2025-10-22,31,0.3493456625
2025-10-23,23,0.2805255271
2025-10-24,23,0.2853322197
2025-10-25,15,0.2100924889
2025-10-26,23,0.2653570368
2025-10-27,31,0.3061258690
2025-10-28,24,0.2149344360
2025-10-29,28,0.3995513229
2025-10-30,31,0.1482451632
2025-10-31,24,0.1504363734
2025-11-01,23,0.1820488867
2025-11-02,29,0.2183765558
2025-11-03,41,0.2757227130
2025-11-04,47,0.3087149344
2025-11-05,29,0.3483264098
2025-11-06,32,0.3593444747
2025-11-07,53,0.3278539721
2025-11-08,42,0.3273772711
2025-11-09,34,0.3074269426
2025-11-10,37,0.2594011816
2025-11-11,36,0.2483792200
2025-11-12,32,0.2714170777
2025-11-13,35,0.2815612507
2025-11-14,37,0.3026106015
2025-11-15,26,0.3424442590
2025-11-16,28,0.3365652752
2025-11-17,30,0.3458034520
2025-11-18,30,0.2989359835
2025-11-19,31,0.3632793383
2025-11-20,39,0.4182731345
2025-11-21,42,0.3139774305
2025-11-22,25,0.2665103493
2025-11-23,23,0.3736696248
2025-11-24,32,0.3342525346
2025-11-25,24,0.2876184648
2025-11-26,24,0.3444613198
2025-11-27,21,0.2166665089
2025-11-28,18,0.1311206099
2025-11-29,11,0.0908184169
2025-11-30,14,0.3343483375
2025-12-01,25,0.2550645735
2025-12-02,25,0.1395702473
2025-12-03,24,0.1156813082
2025-12-04,19,0.1391912703
2025-12-05,21,0.2210179278
2025-12-06,14,0.3235074934
2025-12-07,16,0.1958022840
2025-12-08,18,0.1982803524
2025-12-09,24,0.2743521802
2025-12-10,25,0.2760284798
2025-12-11,23,0.2322475199
2025-12-12,20,0.2366452513
2025-12-13,10,0.2907301586
2025-12-14,11,0.0862427509
2025-12-15,21,0.1511148401
2025-12-16,18,0.1006409555
2025-12-17,20,0.1019643168
2025-12-18,22,0.1165029170
2025-12-19,19,0.1050257212
2025-12-20,11,0.0941118054
2025-12-21,13,0.1634184319
2025-12-22,18,0.1308010096
2025-12-23,15,0.1230203429
2025-12-24,14,0.1022382122
2025-12-25,12,0.2275342803
2025-12-26,13,0.1127847419
2025-12-27,12,0.2337268022
2025-12-28,13,0.2357595780
2025-12-29,15,0.1235896165
2025-12-30,13,0.1366008200
2025-12-31,13,0.1487349559
2026-01-01,14,0.1342060927
2026-01-02,20,0.0922379950
2026-01-03,17,0.1019518697
2026-01-04,24,0.1841874017
2026-01-05,34,0.1595849233
2026-01-06,33,0.2300935143
2026-01-07,21,0.2100077919
2026-01-08,22,0.2224567492
2026-01-09,20,0.2662035862
2026-01-10,12,0.1867330233
2026-01-11,15,0.2050692695
2026-01-12,20,0.1096014393
2026-01-13,26,0.1406281782
2026-01-14,29,0.2239901703
2026-01-15,25,0.1855244357
2026-01-16,19,0.1860861374
2026-01-17,15,0.3107183425
2026-01-18,17,0.3565314993
2026-01-19,28,0.3426915994
2026-01-20,23,0.3990223690
2026-01-21,23,0.4152063858
2026-01-22,17,0.3967541336
2026-01-23,17,0.3584916436
2026-01-24,11,0.3513454735
2026-01-25,19,0.3894419511
2026-01-26,16,0.2961590372
2026-01-27,16,0.3142487276
2026-01-28,15,0.2649984527
2026-01-29,20,0.2668372582
2026-01-30,21,0.1047701297
2026-01-31,28,0.1390516884
2026-02-01,17,0.1220484153
2026-02-02,20,0.1397373662
2026-02-03,18,0.1692184353
2026-02-04,17,0.1705676304
2026-02-05,32,0.1783709909
2026-02-06,32,0.1372913704
2026-02-07,19,0.1594552279
2026-02-08,12,0.1538669452
2026-02-09,15,0.3130601549
2026-02-10,12,0.1703654148
2026-02-11,17,0.1805059581
2026-02-12,16,0.1521854219
2026-02-13,13,0.1395028187
2026-02-14,15,0.1208545138
2026-02-15,12,0.1091196195
2026-02-16,12,0.2047683468
2026-02-17,13,0.1584305393
2026-02-18,11,0.1173819648
2026-02-19,12,0.1668880986
2026-02-20,18,0.1548828330
2026-02-21,8,0.0764371041
2026-02-22,10,0.1182690554
2026-02-23,15,0.0845666126
2026-02-24,12,0.0753280165
2026-02-25,22,0.0773189816
2026-02-26,18,0.2094827386
2026-02-27,16,0.1237954136
2026-02-28,16,0.0784738717
2026-03-01,15,0.0629074235
2026-03-02,16,0.0806201227
2026-03-03,15,0.0945617851
2026-03-04,19,0.0747284895
2026-03-05,14,0.0832803963
2026-03-06,14,0.2101787728
2026-03-07,9,0.1345848269
2026-03-08,11,0.2477777338
2026-03-09,16,0.1231621358
2026-03-10,16,0.1091066285
2026-03-11,16,0.2977152556
2026-03-12,15,0.2292105103
2026-03-13,19,0.2293495054
2026-03-14,12,0.2918928413
2026-03-15,14,0.1530801160
2026-03-16,22,0.1477737074
2026-03-17,17,0.1357390435
2026-03-18,17,0.1097606090
2026-03-19,17,0.1951671888
2026-03-20,13,0.1419585262
2026-03-21,9,0.1271576295
2026-03-22,15,0.2806373485
2026-03-23,16,0.2593888559
2026-03-24,15,0.1996338114
2026-03-25,15,0.2040004471
2026-03-26,14,0.1827597805
2026-03-27,15,0.1985910735
2026-03-28,11,0.1970355682
2026-03-29,10,0.1643982450
2026-03-30,12,0.1496971103
2026-03-31,12,0.1379714845
2026-04-01,16,0.5291601016
2026-04-02,18,0.3661008588
2026-04-03,12,0.2655057639
2026-04-04,9,0.4948569335
2026-04-05,10,0.3890878953
2026-04-06,17,0.2297616034
2026-04-07,17,0.1288007361
2026-04-08,16,0.0996750644
2026-04-09,15,0.1912326345
2026-04-10,13,0.1783589790
2026-04-11,13,0.1656360152
2026-04-12,14,0.2121117485
2026-04-13,15,0.2331372995
2026-04-14,15,0.3174474703
2026-04-15,14,0.4105280765
2026-04-16,25,0.4293138516
2026-04-17,22,0.3713235057
2026-04-18,17,0.2871369310
2026-04-19,20,0.3139159141
2026-04-20,18,0.2639218460
2026-04-21,14,0.1857253363
2026-04-22,14,0.1569457166
2026-04-23,13,0.3106265520
2026-04-24,13,0.4227382071
2026-04-25,12,0.2349964816
2026-04-26,12,0.1463742868
2026-04-27,15,0.2070762660
2026-04-28,15,0.2688122054
2026-04-29,14,0.1293330050
2026-04-30,11,0.2551191023
2026-05-01,10,0.2422560558
2026-05-02,13,0.4284779027
2026-05-03,12,0.3637981680
2026-05-04,23,0.3190625118
2026-05-05,20,0.2875828720
2026-05-06,25,0.1967464327
2026-05-07,28,0.2972490692
2026-05-08,25,0.2206051239
2026-05-09,17,0.2269436699
2026-05-10,21,0.2205603244
2026-05-11,18,0.2581786434
2026-05-12,19,0.2582411425
2026-05-13,21,0.2198426457
2026-05-14,17,0.1890881303
2026-05-15,17,0.1377417098
2026-05-16,12,0.1341320997
2026-05-17,11,0.1558840648
2026-05-18,17,0.1882340077
2026-05-19,12,0.1951559017
2026-05-20,16,0.2723414388
2026-05-21,19,0.2548973957
2026-05-22,21,0.2184882079
2026-05-23,20,0.2005159384
2026-05-24,12,0.2313830561
2026-05-25,16,0.2210402594
2026-05-26,18,0.2096641619
2026-05-27,20,0.1576108296
2026-05-28,20,0.1753876028
2026-05-29,20,0.2188426677
2026-05-30,16,0.2029234938
2026-05-31,16,0.3413878870
2026-06-01,19,0.3569276150
2026-06-02,23,0.3105803079
2026-06-03,23,0.2949242046
2026-06-04,24,0.3748720200
2026-06-05,29,0.3526326564
2026-06-06,18,0.4130192128
2026-06-07,18,0.3108998093
2026-06-08,17,0.3193194794
2026-06-09,17,0.3260395114
2026-06-10,16,0.2603142991
2026-06-11,17,0.4535077958
2026-06-12,17,0.2198454505
2026-06-13,12,0.2335409990
2026-06-14,12,0.1996786406
2026-06-15,16,0.2186325286
2026-06-16,17,0.2429652099
2026-06-17,18,0.2487549278
2026-06-18,17,0.2337488504
2026-06-19,13,0.2327384497
2026-06-20,11,0.3926137363
2026-06-21,10,0.1853380308
2026-06-22,14,0.5406621262
2026-06-23,19,0.4532906290
2026-06-24,17,0.4966966683
2026-06-25,16,0.5306880195
2026-06-26,17,0.5140536884
2026-06-27,9,0.1585219452
2026-06-28,11,0.1597680599
2026-06-29,12,0.8304959209
2026-06-30,16,0.7562889547
2026-07-01,16,0.7733097111
2026-07-02,14,0.1634165772
2026-07-03,13,0.2637542334
2026-07-04,13,0.3096111941
2026-07-05,11,0.3829065664
2026-07-06,13,0.3751625753
2026-07-07,10,0.2074521420
2026-07-08,11,0.1063935405
2026-07-09,8,0.0758881779
2026-07-10,10,0.2571315130
2026-07-11,6,0.0674196624
2026-07-12,8,0.3824582179
2026-07-13,9,0.1358463025
2026-07-14,11,0.1042686668
2026-07-15,9,0.1636436104
2026-07-16,8,0.1613927260
2026-07-17,8,0.1827556292
2026-07-18,7,0.4025664548
2026-07-19,7,0.6716773138
2026-07-20,12,0.5495447916
2026-07-21,12,0.6255915220
2026-07-22,11,0.7781507886
2026-07-23,12,0.9931562702
2026-07-24,11,0.8694175710
2026-07-25,12,0.8333706253
2026-07-26,13,0.9260531565
2026-07-27,11,1.0325197101
2026-07-28,9,1.0343987027
2026-07-29,11,0.5127305923
2026-07-30,12,0.2504066817
2026-07-31,13,0.2128216172
2026-08-01,8,0.1818212646
2026-08-02,10,0.2475691054
