symbol,current_status,eligible_days,first_eligible_date,last_eligible_date
MATICUSDT,BREAK,1124,2021-04-07,2024-09-04
FTMUSDT,BREAK,965,2021-04-07,2025-01-10
EOSUSDT,BREAK,530,2021-04-07,2025-05-16
WAVESUSDT,BREAK,320,2021-04-07,2024-06-03
RNDRUSDT,BREAK,312,2022-11-02,2024-07-18
SXPUSDT,BREAK,280,2021-04-07,2025-04-12
OMGUSDT,BREAK,273,2021-04-07,2024-06-03
BTTUSDT,BREAK,229,2021-04-07,2022-01-16
XMRUSDT,BREAK,225,2021-04-07,2024-02-07
LRCUSDT,BREAK,213,2021-04-14,2025-08-31
OMUSDT,BREAK,207,2021-12-03,2025-11-26
MKRUSDT,BREAK,201,2021-04-12,2025-07-18
DENTUSDT,BREAK,195,2021-04-07,2026-02-26
SRMUSDT,BREAK,152,2021-04-07,2022-11-20
TONUSDT,BREAK,106,2025-04-04,2026-06-23
UNFIUSDT,BREAK,105,2021-07-25,2024-11-02
BAKEUSDT,BREAK,91,2022-03-30,2025-09-13
TROYUSDT,BREAK,85,2021-04-17,2025-04-10
OCEANUSDT,BREAK,83,2021-04-15,2024-06-20
WRXUSDT,BREAK,81,2021-04-07,2024-12-19
AGIXUSDT,BREAK,79,2023-11-19,2024-06-25
STMXUSDT,BREAK,76,2021-04-07,2025-02-22
BNXUSDT,BREAK,74,2022-11-23,2025-03-17
LINAUSDT,BREAK,71,2021-11-16,2024-10-29
REEFUSDT,BREAK,70,2021-08-25,2024-03-13
BLZUSDT,BREAK,68,2021-04-08,2024-12-19
COCOSUSDT,BREAK,67,2021-10-22,2023-05-18
NKNUSDT,BREAK,64,2021-04-07,2025-04-20
TRUUSDT,BREAK,64,2021-09-15,2026-04-06
ALPHAUSDT,BREAK,63,2021-07-05,2025-05-01
CTXCUSDT,BREAK,63,2021-04-10,2025-01-05
MDTUSDT,BREAK,62,2021-04-09,2025-08-15
HIGHUSDT,BREAK,61,2022-09-29,2026-04-20
COSUSDT,BREAK,59,2021-04-16,2026-05-13
HNTUSDT,BREAK,58,2021-05-21,2022-10-05
RENUSDT,BREAK,58,2021-04-07,2024-11-30
ANTUSDT,BREAK,56,2021-05-07,2022-12-04
FRONTUSDT,BREAK,51,2023-08-15,2024-08-19
GXSUSDT,BREAK,51,2021-04-24,2022-04-14
MITHUSDT,BREAK,50,2021-04-07,2022-07-21
FUNUSDT,BREAK,46,2021-04-09,2025-08-11
VGXUSDT,BREAK,44,2022-07-19,2024-05-31
LITUSDT,BREAK,43,2021-10-14,2025-02-04
DATAUSDT,BREAK,42,2021-04-07,2024-03-20
BONDUSDT,BREAK,41,2022-03-06,2024-07-13
GTOUSDT,BREAK,40,2021-04-07,2022-07-17
KEYUSDT,BREAK,39,2021-04-21,2024-11-29
NANOUSDT,BREAK,36,2021-04-17,2021-11-16
LEVERUSDT,BREAK,35,2023-06-03,2025-04-25
HIFIUSDT,BREAK,34,2023-09-10,2025-09-15
STPTUSDT,BREAK,34,2021-04-20,2025-05-07
BURGERUSDT,BREAK,33,2022-03-06,2025-02-15
NULSUSDT,BREAK,32,2021-04-18,2024-08-26
PONDUSDT,BREAK,30,2021-11-03,2025-08-17
RDNTUSDT,BREAK,30,2023-12-07,2025-10-12
YFIIUSDT,BREAK,30,2021-05-11,2022-12-06
IDEXUSDT,BREAK,28,2022-05-17,2025-07-26
LTOUSDT,BREAK,28,2021-04-30,2024-11-18
VITEUSDT,BREAK,27,2021-04-07,2024-12-14
KLAYUSDT,BREAK,26,2022-02-24,2024-01-16
OXTUSDT,BREAK,26,2021-05-25,2024-11-24
PERPUSDT,BREAK,26,2022-07-11,2025-04-20
REIUSDT,BREAK,26,2023-02-07,2025-07-26
AKROUSDT,BREAK,25,2021-10-16,2024-12-05
DEGOUSDT,BREAK,25,2021-11-20,2026-03-19
FLMUSDT,BREAK,25,2021-09-07,2025-04-26
FXSUSDT,BREAK,25,2023-01-16,2025-07-19
WINGUSDT,BREAK,24,2021-05-21,2024-10-09
ORNUSDT,BREAK,23,2021-08-09,2024-03-17
ACAUSDT,BREAK,22,2022-12-02,2024-12-30
ATAUSDT,BREAK,22,2022-02-11,2025-01-03
MIRUSDT,BREAK,22,2022-03-05,2022-12-26
PHBUSDT,BREAK,22,2023-12-23,2025-10-28
UTKUSDT,BREAK,22,2021-06-12,2024-12-29
CLVUSDT,BREAK,21,2022-04-02,2025-01-22
DREPUSDT,BREAK,21,2021-11-28,2024-03-29
TOMOUSDT,BREAK,21,2021-04-10,2023-11-03
BTCSTUSDT,BREAK,20,2021-11-21,2022-09-09
IRISUSDT,BREAK,20,2021-04-11,2024-12-05
PERLUSDT,BREAK,20,2021-04-07,2023-12-01
BADGERUSDT,BREAK,19,2021-11-03,2024-03-26
BZRXUSDT,BREAK,19,2021-04-29,2021-12-16
DOCKUSDT,BREAK,19,2021-04-26,2024-07-14
HARDUSDT,BREAK,19,2021-08-03,2024-11-04
TCTUSDT,BREAK,19,2021-04-08,2022-04-20
ALPACAUSDT,BREAK,18,2022-04-12,2025-05-01
DARUSDT,BREAK,18,2023-01-24,2025-01-04
FORTHUSDT,BREAK,18,2022-02-02,2025-04-09
GALUSDT,BREAK,18,2023-01-18,2024-07-11
KDAUSDT,BREAK,18,2023-12-24,2025-10-29
PNTUSDT,BREAK,18,2021-04-25,2024-03-29
VIDTUSDT,BREAK,18,2022-07-06,2025-04-08
KMDUSDT,BREAK,17,2021-04-07,2024-11-17
AIONUSDT,BREAK,15,2021-04-10,2023-02-06
BEAMUSDT,BREAK,15,2021-04-10,2022-09-15
FIOUSDT,BREAK,15,2021-06-09,2025-02-27
FISUSDT,BREAK,15,2021-11-03,2025-07-08
MBOXUSDT,BREAK,15,2022-04-28,2025-02-08
ARDRUSDT,BREAK,14,2021-04-09,2025-07-23
BETAUSDT,BREAK,14,2022-07-14,2024-11-24
BSWUSDT,BREAK,14,2023-12-26,2025-06-26
VIBUSDT,BREAK,14,2023-10-31,2025-04-30
DFUSDT,BREAK,13,2022-10-22,2025-02-03
FARMUSDT,BREAK,13,2023-12-26,2024-11-18
HOOKUSDT,BREAK,13,2023-09-08,2025-10-03
PROSUSDT,BREAK,13,2024-01-01,2025-03-08
EPSUSDT,BREAK,12,2021-12-28,2022-05-06
ERNUSDT,BREAK,12,2022-07-16,2025-02-28
FIROUSDT,BREAK,12,2021-10-21,2025-01-07
MDXUSDT,BREAK,12,2022-10-10,2024-07-14
MFTUSDT,BREAK,12,2021-05-02,2022-08-10
MULTIUSDT,BREAK,12,2023-05-28,2024-02-10
VOXELUSDT,BREAK,12,2023-01-30,2025-09-13
WTCUSDT,BREAK,12,2021-05-07,2023-12-01
DNTUSDT,BREAK,11,2021-07-16,2022-05-02
NBSUSDT,BREAK,11,2021-06-06,2022-07-08
BALUSDT,BREAK,10,2021-04-14,2023-02-15
MLNUSDT,BREAK,10,2022-05-15,2025-10-21
TORNUSDT,BREAK,10,2022-02-16,2022-08-24
BTSUSDT,BREAK,9,2021-04-07,2023-07-05
SYSUSDT,BREAK,9,2023-11-27,2024-08-21
GFTUSDT,BREAK,8,2024-06-13,2024-11-30
OOKIUSDT,BREAK,8,2023-07-04,2024-03-31
XEMUSDT,BREAK,8,2021-09-05,2023-02-27
ELFUSDT,BREAK,7,2022-07-12,2024-11-26
SNTUSDT,BREAK,7,2024-11-10,2024-12-09
WANUSDT,BREAK,7,2021-04-11,2022-11-29
AERGOUSDT,BREAK,6,2024-03-26,2025-01-01
ALCXUSDT,BREAK,6,2023-12-02,2025-11-13
GHSTUSDT,BREAK,6,2024-03-30,2024-11-03
KP3RUSDT,BREAK,6,2023-02-19,2024-03-30
LOOMUSDT,BREAK,6,2023-12-07,2024-07-21
MOBUSDT,BREAK,6,2023-01-31,2024-04-01
OMNIUSDT,BREAK,6,2025-07-11,2025-09-10
WNXMUSDT,BREAK,6,2021-10-10,2022-08-21
AMBUSDT,BREAK,5,2024-01-15,2024-12-06
CVPUSDT,BREAK,5,2022-10-16,2024-07-26
OAXUSDT,BREAK,5,2024-01-23,2024-11-29
POLSUSDT,BREAK,5,2022-03-15,2023-12-15
RAMPUSDT,BREAK,5,2021-11-24,2022-04-08
CHESSUSDT,BREAK,4,2023-02-09,2024-12-03
CREAMUSDT,BREAK,4,2024-05-19,2024-11-08
EPXUSDT,BREAK,4,2023-06-04,2024-03-01
SLFUSDT,BREAK,4,2025-07-25,2025-09-13
AUTOUSDT,BREAK,3,2022-05-30,2023-04-15
DUSDT,BREAK,3,2026-04-04,2026-05-07
LOKAUSDT,BREAK,3,2022-11-20,2023-01-30
BIFIUSDT,BREAK,2,2025-12-25,2026-01-09
FORUSDT,BREAK,2,2023-12-25,2024-03-28
NFPUSDT,BREAK,2,2026-07-01,2026-07-02
POLYUSDT,BREAK,2,2022-09-08,2022-09-09
REPUSDT,BREAK,2,2021-07-24,2021-07-25
TVKUSDT,BREAK,2,2022-07-07,2023-01-29
ASTUSDT,BREAK,1,2024-03-08,2024-03-08
COMBOUSDT,BREAK,1,2024-06-06,2024-06-06
MCUSDT,BREAK,1,2023-08-13,2023-08-13
NUUSDT,BREAK,1,2022-02-09,2022-02-09
PLAUSDT,BREAK,1,2023-07-11,2023-07-11
UFTUSDT,BREAK,1,2023-12-28,2023-12-28
