date,btc_trend,p_riskoff,p_bad,core_meta_scale,core_scale,full_scale_cvar95,full_scale_cdar95,core_full_permission,trend_candidate_extra,pbad_adjusted_extra,downside_semivol30,downside_scaler,extra_scale,total_scale,hmm_converged,pca_variance
2022-12-09,-0.562116095058999,0.9999998654613701,0.843049038475409,0.0,1.3453862990342458e-07,0.16663013736099386,0.2003390200789043,False,0.0,0.0,0.23757468176598726,1.0,0.0,1.3453862990342458e-07,True,0.9257189209823047
2023-01-08,-0.20460440391120718,1.0670394496372932e-10,0.702166087504477,0.0,0.999999999893296,0.18821767111045967,0.2212298261622176,False,0.0,0.0,0.19406055030492275,1.0,0.0,0.999999999893296,True,0.9287966982193004
2023-02-07,0.4549193997523553,1.5083946292725348e-07,0.4644032683177693,0.49930010018354215,0.999999924474696,0.2843284036628503,0.3253606557895633,False,0.22745969987617765,0.12182667184310186,0.18135365219843005,1.0,0.0,0.999999924474696,True,0.9260138167987594
2023-03-09,0.27655414900949415,7.681871231630741e-13,0.32073512996004117,0.8122037537395954,0.9999999999998558,0.1995230355573859,0.24191266571575423,True,0.13827707450474708,0.09392675904297274,0.3992965315400979,1.0,0.09392675904297274,1.0939267590428285,True,0.9182060143422652
2023-04-08,0.5379077638494829,5.17747973861715e-18,0.258534614683493,0.745612408965826,1.0,0.21866434160716752,0.26105088201880106,True,0.26895388192474146,0.19941999369369875,0.22093680071191935,1.0,0.19941999369369875,1.1994199936936987,True,0.9195574212979188
2023-05-08,0.5452178766331364,6.329655479431437e-13,0.04012860727938474,0.7881048880517483,0.9999999999998659,0.20070229885176502,0.24864039527321052,True,0.2726089383165682,0.2616695212900126,0.32633070146964266,1.0,0.2616695212900126,1.2616695212898785,True,0.9221704036934469
2023-06-07,0.20586003683840381,8.460948338089713e-05,0.585761645799171,0.20832000378097607,0.9999330163645169,0.2724440071914536,0.3081193186635155,False,0.10293001841920191,0.04263756142783121,0.2900118775093503,1.0,0.0,0.9999330163645169,True,0.9220112597953438
2023-07-07,0.8146948036376912,2.647136600676997e-13,0.228275274248884,0.8179135695099831,0.9999999999999518,0.20455030665269175,0.24016707909314838,True,0.4073474018188456,0.31436006195407823,0.18355116586516007,1.0,0.31436006195407823,1.31436006195403,True,0.917899009108428
2023-08-06,0.3844502392034207,2.685045896770504e-10,0.7785593548889559,0.0,0.9999999997314954,0.26829334541822814,0.2993266570982223,False,0.19222511960171035,0.04256645449115035,0.18673269741936085,1.0,0.0,0.9999999997314954,True,0.9158847473228713
2023-09-05,-0.1755837386546508,3.3758172797438345e-07,0.35571464789788054,0.8215088546276093,0.9999999397446507,0.2080016900042359,0.2393791073859449,False,0.0,0.0,0.3435210527798742,1.0,0.0,0.9999999397446507,True,0.9147727899816799
2023-10-05,0.16079092526023542,3.3541254462235235e-05,0.5830130369898242,0.16111141588649502,0.9999718626245347,0.2482134579973884,0.28517799927697157,False,0.08039546263011771,0.033523859801930865,0.15688693947376461,1.0,0.0,0.9999718626245347,True,0.9170041578506041
2023-11-04,0.8499888390159486,7.557745628094294e-30,0.08114638007284487,0.9182297326624393,1.0,0.17904694649137703,0.2163674449788003,True,0.4249944195079743,0.3905076608137421,0.10929405369511545,1.0,0.3905076608137421,1.390507660813742,True,0.9119405046277338
2023-12-04,0.9127542956366426,1.6857931598891215e-11,0.10809779763709582,0.8290090188384056,0.9999999999971174,0.19145222239098766,0.2374698686160122,True,0.4563771478183213,0.4070437832472614,0.25491170729548684,1.0,0.4070437832472614,1.407043783244379,True,0.9134668139929683
2024-01-03,0.7479500659757647,9.309248705780879e-17,0.022337726840068062,0.825161300599575,1.0,0.18342504918129227,0.238762714875133,True,0.37397503298788237,0.3656212808559936,0.3271553076666726,1.0,0.3656212808559936,1.3656212808559935,True,0.9159478315098067
2024-02-02,0.601473720074037,3.355494510209817e-33,0.0024878650500860812,0.691384568810463,1.0,0.21094362919409984,0.2800880015661435,True,0.3007368600370185,0.29998866731365975,0.37150951722170195,1.0,0.29998866731365975,1.2999886673136598,True,0.9177460384452156
2024-03-03,0.9675498726038125,2.069101626891596e-39,0.2765084243103859,0.5340089350938797,1.0,0.29507390308538006,0.35012506325025516,True,0.48377493630190627,0.35000709094420884,0.11315639734631551,1.0,0.35000709094420884,1.3500070909442088,True,0.9161629639132246
2024-04-02,0.7026862628378514,9.77598741061678e-22,0.0003527622884884028,0.7503719106316566,1.0,0.1986849980943959,0.2601054251110333,True,0.3513431314189257,0.3512191908118417,0.5435430516997475,0.8279013016407383,0.29077482523433057,1.2907748252343305,True,0.9161132296751124
2024-05-02,0.3325935587587632,4.121325538184582e-09,0.0009486584134349968,0.6922565847635269,0.9999999987316892,0.2214047782524974,0.2795445661787749,False,0.1662967793793816,0.1661390205404962,0.4097364468820454,1.0,0.0,0.9999999987316892,True,0.9100467483741238
2024-06-01,0.69255865981614,1.0413082007219219e-11,0.0005021495784273705,0.7351267375051975,0.9999999999972419,0.19695411554700662,0.26484616827470153,True,0.34627932990807,0.34610544588853853,0.2284775876949766,1.0,0.34610544588853853,1.3461054458857804,True,0.9063118541262212
2024-07-01,0.24340096773773776,1.3284423355741866e-08,0.2661648852971945,0.8519395962357521,0.9999999980331029,0.18970518673350956,0.2316052872553134,False,0.12170048386886888,0.08930808853929832,0.26664298796848573,1.0,0.0,0.9999999980331029,True,0.9031850165012351
2024-07-31,0.27063131429891213,1.8228124194129707e-05,0.1890215264083478,0.9169894233345985,0.9999984868728992,0.17970188757972227,0.216528772340733,False,0.13531565714945606,0.10973808508811722,0.3116127665308553,1.0,0.0,0.9999984868728992,True,0.9022643569189953
2024-08-30,0.08552219868342392,1.993912197728519e-05,0.0024015670004826238,0.7166530266404152,0.9999943503101363,0.2046138243766507,0.2711413238234321,False,0.04276109934171196,0.04265840569662854,0.4753965859224163,0.9465781062076013,0.0,0.9999943503101363,True,0.9005900141342349
2024-09-29,0.3470219622115063,5.730710106334128e-17,0.0021374424545139003,0.7457560673356056,1.0,0.21256159395976465,0.26148075063097626,True,0.17351098110575314,0.17314011136841334,0.24956729100463587,1.0,0.17314011136841334,1.1731401113684132,True,0.8990775394312428
2024-10-29,0.5947651723043779,1.8600675144068917e-19,0.19790234780048496,0.8531794063746929,1.0,0.19840317811256591,0.2311867346373701,True,0.29738258615218893,0.23852987415769075,0.24381936390649073,1.0,0.23852987415769075,1.2385298741576907,True,0.8990460925556477
2024-11-28,0.8475486658677304,2.2512759081030287e-39,0.0022452469071635927,0.746312540024519,1.0,0.21035505460039927,0.2612910755421732,True,0.4237743329338652,0.4228228549235101,0.2584898929068898,1.0,0.4228228549235101,1.4228228549235102,True,0.8996070556587132
2024-12-28,0.6732238936779691,3.3723381441074446e-37,0.0010278479283668618,0.7614315152168274,1.0,0.19533751168884161,0.2567024479260409,True,0.33661194683898454,0.33626596094676253,0.3213847059242738,1.0,0.33626596094676253,1.3362659609467626,True,0.9012456684144726
2025-01-27,0.6736845463456318,1.299418245724634e-40,0.0017989180875012164,0.7536099441349506,1.0,0.20745475198741017,0.25897311900872044,True,0.3368422731728159,0.3362363215149703,0.2766761997910557,1.0,0.3362363215149703,1.3362363215149702,True,0.9010319950787261
2025-02-26,0.040358528549263806,4.069384269756564e-15,0.00403816907633829,0.7386995926499367,0.9999999999999989,0.2115924943001737,0.26353500999440804,True,0.020179264274631903,0.020097776993654826,0.3573609799649108,1.0,0.020097776993654826,1.0200977769936537,True,0.9011767005797644
2025-03-28,-0.15225758013007587,2.47897968345045e-08,0.011151417821981749,0.756146214902401,0.9999999939549142,0.20990732926685066,0.25790145315422086,False,0.0,0.0,0.4692275567024162,0.9590229592704627,0.0,0.9999999939549142,True,0.897541284749966
2025-04-27,0.4589638334401873,1.9884993510522694e-11,0.06516034594134623,0.9446211978793144,0.9999999999988988,0.17149472855673575,0.210777714432015,True,0.22948191672009366,0.21452879563932914,0.32594538257957445,1.0,0.21452879563932914,1.2145287956382278,True,0.8954359173290947
2025-05-27,0.6699828260484257,2.0495630903628418e-14,0.045153214343998195,0.8948762230575085,0.9999999999999979,0.18180996494965815,0.2214346182283828,True,0.33499141302421287,0.31986547394853176,0.17127362569264498,1.0,0.31986547394853176,1.3198654739485296,True,0.8954785930800392
2025-06-26,0.6637749720384492,2.2989633903047732e-12,0.06073070087502886,0.8993438929319382,0.9999999999997686,0.18130630235777812,0.2205073551062275,True,0.3318874860192246,0.3117317263816257,0.21275704650275568,1.0,0.3117317263816257,1.3117317263813943,True,0.8949267640552697
2025-07-26,0.7023218968778696,4.255917086585174e-17,0.16556025929325716,0.5611444115638733,1.0,0.2842248899909424,0.33501145771233176,True,0.3511609484389348,0.2930226507617187,0.1209616414180738,1.0,0.2930226507617187,1.2930226507617186,True,0.8919251763986669
2025-08-25,0.32980452426172635,4.188401744434193e-05,0.19184446840888872,0.6517476625740528,0.9999854137930242,0.25603930392636076,0.2938897724255411,False,0.16490226213086318,0.1332666753129445,0.25765758237595804,1.0,0.0,0.9999854137930242,True,0.8928064738505548
2025-09-24,0.14917973233354848,2.4467224287185453e-09,0.10478594809184595,0.6406384035944939,0.9999999991207419,0.25846752340702617,0.2989666486925359,False,0.07458986616677424,0.0667738963224449,0.1694618285348608,1.0,0.0,0.9999999991207419,True,0.8890147063374787
2025-10-24,0.1669661836865044,0.0285467005785444,0.23255232587651603,0.5857734680175781,0.988175199219809,0.2799757681403379,0.32273826913745496,False,0.0834830918432522,0.06406890466374109,0.35886041576908434,1.0,0.0,0.988175199219809,True,0.8854595905980911
2025-11-23,-0.6065754557362856,0.9996568471565321,0.9309155749990659,0.0,0.00034315284346786434,0.15676807431707818,0.17993867809693678,False,0.0,0.0,0.4109366115019075,1.0,0.0,0.00034315284346786434,True,0.8844806553034378
2025-12-23,-0.6295484484639027,0.9997076481698958,0.9875435642480479,0.0,0.0002923518301042316,0.15399011955203293,0.18210139485288232,False,0.0,0.0,0.2608997394537489,1.0,0.0,0.0002923518301042316,True,0.8850017180579981
2026-01-22,-0.36404940433980515,0.9996060612139547,0.92020176938092,0.0,0.0003939387860453225,0.14539172524152882,0.17367499668312236,False,0.0,0.0,0.20996797295075123,1.0,0.0,0.0003939387860453225,True,0.8855491509821126
2026-02-21,-0.8069792805367574,0.9999998979517829,0.9468665480944317,0.0,1.0204821709880463e-07,0.13881843432343696,0.16444137292704739,False,0.0,0.0,0.6685393107252887,0.6731092589182249,0.0,1.0204821709880463e-07,True,0.8875227913528063
2026-03-23,-0.5610789752172098,0.9999473525212432,0.11370018294743744,0.9746520444750786,0.9746533789810287,0.16865191758140408,0.20477533399382636,False,0.0,0.0,0.3223103499246488,1.0,0.0,0.9746533789810287,True,0.8901954636543536
2026-04-22,-0.02245347008271173,0.9999774202121992,0.07672384058256347,1.0,1.0,0.15252457050397963,0.19446385526818516,True,0.0,0.0,0.24917941748739714,1.0,0.0,1.0,True,0.892544245045029
2026-05-22,-0.36282911307139815,8.815298314879846e-05,0.03497029668027907,0.9844772703945637,0.9999986316250786,0.15978451038130326,0.2029099502266393,False,0.0,0.0,0.19228898180765125,1.0,0.0,0.9999986316250786,True,0.891618510511327
2026-06-21,-0.696491527667819,0.9997728993273325,0.9929533948629469,0.0,0.00022710067266751288,0.143837933574667,0.17348754159133947,False,0.0,0.0,0.37873482650375107,1.0,0.0,0.00022710067266751288,True,0.8911053275735702
2026-07-21,-0.30475716790612717,0.990399480134371,0.9088907574750528,0.0,0.009600519865629042,0.1357313753484305,0.1633127932529394,False,0.0,0.0,0.20883931958960764,1.0,0.0,0.009600519865629042,True,0.8916646204952757
