date,BINANCE_ALL_PERP_PROXY__funding_factor,BINANCE_ALL_PERP_PROXY__additive,BINANCE_ALL_PERP_PROXY_COMPOUNDED_SENSITIVITY__funding_factor,BINANCE_ALL_PERP_PROXY_COMPOUNDED_SENSITIVITY__additive
2022-12-10,1.000000000000,0.000000000000,1.000000000000,0.000000000000
2022-12-11,0.999999999999,-0.000000000001,0.999999999999,-0.000000000001
2022-12-12,0.999999999999,-0.000000000001,0.999999999999,-0.000000000001
2022-12-13,0.999999999995,-0.000000000005,0.999999999995,-0.000000000005
2022-12-14,0.999999999990,-0.000000000010,0.999999999990,-0.000000000010
2022-12-15,0.999999999991,-0.000000000009,0.999999999991,-0.000000000009
2022-12-16,0.999999999997,-0.000000000003,0.999999999997,-0.000000000003
2022-12-17,0.999999999993,-0.000000000007,0.999999999993,-0.000000000007
2022-12-18,0.999999999996,-0.000000000004,0.999999999996,-0.000000000004
2022-12-19,0.999999999995,-0.000000000005,0.999999999995,-0.000000000005
2022-12-20,0.999999999997,-0.000000000003,0.999999999997,-0.000000000003
2022-12-21,0.999999999993,-0.000000000007,0.999999999993,-0.000000000007
2022-12-22,0.999999999994,-0.000000000006,0.999999999994,-0.000000000006
2022-12-23,0.999999999990,-0.000000000010,0.999999999990,-0.000000000010
2022-12-24,0.999999999993,-0.000000000007,0.999999999993,-0.000000000007
2022-12-25,0.999999999998,-0.000000000002,0.999999999998,-0.000000000002
2022-12-26,1.000000000000,-0.000000000000,1.000000000000,-0.000000000000
2022-12-27,0.999999999996,-0.000000000004,0.999999999996,-0.000000000004
2022-12-28,0.999999999994,-0.000000000006,0.999999999994,-0.000000000006
2022-12-29,0.999999999990,-0.000000000010,0.999999999990,-0.000000000010
2022-12-30,0.999999999991,-0.000000000009,0.999999999991,-0.000000000009
2022-12-31,0.999999999990,-0.000000000010,0.999999999990,-0.000000000010
2023-01-01,0.999999999993,-0.000000000007,0.999999999993,-0.000000000007
2023-01-02,1.000000000001,0.000000000001,1.000000000001,0.000000000001
2023-01-03,0.999999999992,-0.000000000008,0.999999999992,-0.000000000008
2023-01-04,0.999999999995,-0.000000000005,0.999999999995,-0.000000000005
2023-01-05,0.999999999994,-0.000000000006,0.999999999994,-0.000000000006
2023-01-06,0.999999999993,-0.000000000007,0.999999999993,-0.000000000007
2023-01-07,0.999999999995,-0.000000000005,0.999999999995,-0.000000000005
2023-01-08,0.999999999992,-0.000000000008,0.999999999992,-0.000000000008
2023-01-09,0.999968798640,-0.000031201381,0.999968798640,-0.000031201381
2023-01-10,0.999941190814,-0.000058810100,0.999941190814,-0.000058810100
2023-01-11,0.999976527533,-0.000023472592,0.999976527533,-0.000023472592
2023-01-12,0.999836553485,-0.000163455350,0.999836553485,-0.000163455350
2023-01-13,0.999924396942,-0.000075604450,0.999924396942,-0.000075604450
2023-01-14,0.999441231849,-0.000558835000,0.999441231849,-0.000558835000
2023-01-15,0.999568464794,-0.000431596787,0.999568464794,-0.000431596787
2023-01-16,0.999758160060,-0.000241859343,0.999758160060,-0.000241859343
2023-01-17,0.999771674175,-0.000228343205,0.999771674175,-0.000228343205
2023-01-18,0.999771674175,-0.000228343205,0.999771674175,-0.000228343205
2023-01-19,0.999801776863,-0.000198235922,0.999801776863,-0.000198235922
2023-01-20,0.999751542565,-0.000248478014,0.999751542565,-0.000248478014
2023-01-21,0.999692514601,-0.000307516901,0.999692514601,-0.000307516901
2023-01-22,0.999700029999,-0.000300000000,0.999700029999,-0.000300000000
2023-01-23,0.999698250355,-0.000301780000,0.999698250355,-0.000301780000
2023-01-24,0.999700029999,-0.000300000000,0.999700029999,-0.000300000000
2023-01-25,0.999700029999,-0.000300000000,0.999700029999,-0.000300000000
2023-01-26,0.999700029999,-0.000300000000,0.999700029999,-0.000300000000
2023-01-27,0.999704619081,-0.000295410000,0.999704619081,-0.000295410000
2023-01-28,0.999700029999,-0.000300000000,0.999700029999,-0.000300000000
2023-01-29,0.999700029999,-0.000300000000,0.999700029999,-0.000300000000
2023-01-30,0.999700029999,-0.000300000000,0.999700029999,-0.000300000000
2023-01-31,0.999700029999,-0.000300000000,0.999700029999,-0.000300000000
2023-02-01,0.999700029999,-0.000300000000,0.999700029999,-0.000300000000
2023-02-02,0.999700029999,-0.000300000000,0.999700029999,-0.000300000000
2023-02-03,0.999716306240,-0.000283720000,0.999716306240,-0.000283720000
2023-02-04,0.999745891448,-0.000254130000,0.999745891448,-0.000254130000
2023-02-05,0.999775016875,-0.000225000000,0.999775016875,-0.000225000000
2023-02-06,0.999775016875,-0.000225000000,0.999775016875,-0.000225000000
2023-02-07,0.999775016875,-0.000225000000,0.999775016875,-0.000225000000
2023-02-08,0.999775016875,-0.000225000000,0.999775016875,-0.000225000000
2023-02-09,0.999775016875,-0.000225000000,0.999775016875,-0.000225000000
2023-02-10,0.999802354456,-0.000197658487,0.999802354456,-0.000197658487
2023-02-11,1.000054540117,0.000054539306,1.000054540117,0.000054539306
2023-02-12,1.000038262881,0.000038263441,1.000038262881,0.000038263441
2023-02-13,0.999988850802,-0.000011149056,0.999988850802,-0.000011149056
2023-02-14,0.999923420735,-0.000076580242,0.999923420735,-0.000076580242
2023-02-15,0.999999574203,-0.000000424525,0.999999574203,-0.000000424525
2023-02-16,0.999696840063,-0.000303188539,0.999696840063,-0.000303188539
2023-02-17,0.999700030022,-0.000299999977,0.999700030022,-0.000299999977
2023-02-18,0.999700030022,-0.000299999977,0.999700030022,-0.000299999977
2023-02-19,0.999700030022,-0.000299999977,0.999700030022,-0.000299999977
2023-02-20,0.999700030022,-0.000299999977,0.999700030022,-0.000299999977
2023-02-21,0.999700030022,-0.000299999977,0.999700030022,-0.000299999977
2023-02-22,0.999700030022,-0.000299999977,0.999700030022,-0.000299999977
2023-02-23,0.999828638423,-0.000171369987,0.999828638423,-0.000171369987
2023-02-24,0.999846337875,-0.000153669988,0.999846337875,-0.000153669988
2023-02-25,0.999982550065,-0.000017449999,0.999982550065,-0.000017449999
2023-02-26,0.999832878715,-0.000167129987,0.999832878715,-0.000167129987
2023-02-27,0.999838347362,-0.000161659988,0.999838347362,-0.000161659988
2023-02-28,0.999886513899,-0.000113489991,0.999886513899,-0.000113489991
2023-03-01,0.999798160385,-0.000201849985,0.999798160385,-0.000201849985
2023-03-02,0.999742922050,-0.000257099981,0.999742922050,-0.000257099981
2023-03-03,0.999945473672,-0.000054524996,0.999945473672,-0.000054524996
2023-03-04,0.999935541120,-0.000064459995,0.999935541120,-0.000064459995
2023-03-05,0.999938761003,-0.000061239995,0.999938761003,-0.000061239995
2023-03-06,0.999850727376,-0.000149279989,0.999850727376,-0.000149279989
2023-03-07,0.999918211979,-0.000081789994,0.999918211979,-0.000081789994
2023-03-08,0.999832677859,-0.000167329987,0.999832677859,-0.000167329987
2023-03-09,0.999748390927,-0.000251629981,0.999748390927,-0.000251629981
2023-03-10,1.000094655714,0.000094654993,1.000094655714,0.000094654993
2023-03-11,1.000002828790,0.000002830000,1.000002828790,0.000002830000
2023-03-12,0.999956426132,-0.000043569997,0.999956426132,-0.000043569997
2023-03-13,0.999719971031,-0.000280054979,0.999719971031,-0.000280054979
2023-03-14,0.999451559690,-0.000548530000,0.999451559690,-0.000548530000
2023-03-15,0.999437569631,-0.000562530000,0.999437569631,-0.000562530000
2023-03-16,0.999700029999,-0.000300000000,0.999700029999,-0.000300000000
2023-03-17,0.999766906622,-0.000233110000,0.999766906622,-0.000233110000
2023-03-18,0.999700029999,-0.000300000000,0.999700029999,-0.000300000000
2023-03-19,0.999700029999,-0.000300000000,0.999700029999,-0.000300000000
2023-03-20,0.999709218161,-0.000290810000,0.999709218161,-0.000290810000
2023-03-21,0.999903361292,-0.000096640000,0.999903361292,-0.000096640000
2023-03-22,0.999943920146,-0.000056080000,0.999943920146,-0.000056080000
2023-03-23,0.999908419131,-0.000091580000,0.999908419131,-0.000091580000
2023-03-24,0.999700029999,-0.000300000000,0.999700029999,-0.000300000000
2023-03-25,0.999995929990,-0.000004070000,0.999995929990,-0.000004070000
2023-03-26,0.999996308793,-0.000003690000,0.999996308793,-0.000003690000
2023-03-27,0.999950820489,-0.000049180000,0.999950820489,-0.000049180000
2023-03-28,0.999927739610,-0.000072260000,0.999927739610,-0.000072260000
2023-03-29,0.999768287485,-0.000231730000,0.999768287485,-0.000231730000
2023-03-30,0.999862525357,-0.000137480000,0.999862525357,-0.000137480000
2023-03-31,0.999863541922,-0.000136460000,0.999863541922,-0.000136460000
2023-04-01,0.999711627679,-0.000288400000,0.999711627679,-0.000288400000
2023-04-02,0.999840668275,-0.000159340000,0.999840668275,-0.000159340000
2023-04-03,0.999937930077,-0.000062070000,0.999937930077,-0.000062070000
2023-04-04,1.000086421755,0.000086420000,1.000086421755,0.000086420000
2023-04-05,0.999834588288,-0.000165420000,0.999834588288,-0.000165420000
2023-04-06,0.999979349019,-0.000020650000,0.999979349019,-0.000020650000
2023-04-07,0.999994139803,-0.000005860000,0.999994139803,-0.000005860000
2023-04-08,0.999960740247,-0.000039260000,0.999960740247,-0.000039260000
2023-04-09,1.000008069910,0.000008070000,1.000008069910,0.000008070000
2023-04-10,0.999738352333,-0.000261670000,0.999738352333,-0.000261670000
2023-04-11,0.999700029999,-0.000300000000,0.999700029999,-0.000300000000
2023-04-12,0.999804770958,-0.000195240000,0.999804770958,-0.000195240000
2023-04-13,0.999789094042,-0.000210920000,0.999789094042,-0.000210920000
2023-04-14,0.999866933268,-0.000133070000,0.999866933268,-0.000133070000
2023-04-15,0.999865199274,-0.000134800000,0.999865199274,-0.000134800000
2023-04-16,0.999728584287,-0.000271440000,0.999728584287,-0.000271440000
2023-04-17,0.999713147375,-0.000286880000,0.999713147375,-0.000286880000
2023-04-18,0.999795288619,-0.000204725000,0.999795288619,-0.000204725000
2023-04-19,0.999838506100,-0.000161500000,0.999838506100,-0.000161500000
2023-04-20,0.999818560370,-0.000181450000,0.999818560370,-0.000181450000
2023-04-21,0.999737052593,-0.000262970000,0.999737052593,-0.000262970000
2023-04-22,0.999810530381,-0.000189480000,0.999810530381,-0.000189480000
2023-04-23,0.999924871737,-0.000075130000,0.999924871737,-0.000075130000
2023-04-24,0.999889973930,-0.000110030000,0.999889973930,-0.000110030000
2023-04-25,0.999797883315,-0.000202130000,0.999797883315,-0.000202130000
2023-04-26,0.999839686765,-0.000160320000,0.999839686765,-0.000160320000
2023-04-27,0.999884484158,-0.000115520000,0.999884484158,-0.000115520000
2023-04-28,0.999755258952,-0.000244760000,0.999755258952,-0.000244760000
2023-04-29,0.999853865337,-0.000146140000,0.999853865337,-0.000146140000
2023-04-30,0.999872895128,-0.000127110000,0.999872895128,-0.000127110000
2023-05-01,1.000033688226,0.000033690000,1.000033688226,0.000033690000
2023-05-02,0.999916931449,-0.000083070000,0.999916931449,-0.000083070000
2023-05-03,0.999802972640,-0.000197040000,0.999802972640,-0.000197040000
2023-05-04,0.999756958616,-0.000243060000,0.999756958616,-0.000243060000
2023-05-05,0.999778135356,-0.000221880000,0.999778135356,-0.000221880000
2023-05-06,0.999700029999,-0.000300000000,0.999700029999,-0.000300000000
2023-05-07,0.999855866808,-0.000144140000,0.999855866808,-0.000144140000
2023-05-08,0.999949710469,-0.000050290000,0.999949710469,-0.000050290000
2023-05-09,0.999876713947,-0.000123290000,0.999876713947,-0.000123290000
2023-05-10,0.999876715032,-0.000123290000,0.999876715032,-0.000123290000
2023-05-11,0.999862715543,-0.000137290000,0.999862715543,-0.000137290000
2023-05-12,0.999896413538,-0.000103590000,0.999896413538,-0.000103590000
2023-05-13,0.999901312410,-0.000098690000,0.999901312410,-0.000098690000
2023-05-14,0.999917092203,-0.000082910000,0.999917092203,-0.000082910000
2023-05-15,0.999973589252,-0.000026410000,0.999973589252,-0.000026410000
2023-05-16,0.999823759599,-0.000176250000,0.999823759599,-0.000176250000
2023-05-17,0.999801192778,-0.000198820000,0.999801192778,-0.000198820000
2023-05-18,0.999716606683,-0.000283420000,0.999716606683,-0.000283420000
2023-05-19,0.999889953958,-0.000110050000,0.999889953958,-0.000110050000
2023-05-20,0.999922680651,-0.000077320000,0.999922680651,-0.000077320000
2023-05-21,0.999881669643,-0.000118335000,0.999881669643,-0.000118335000
2023-05-22,0.999875264628,-0.000124740000,0.999875264628,-0.000124740000
2023-05-23,0.999749175641,-0.000250845000,0.999749175641,-0.000250845000
2023-05-24,0.999842856604,-0.000157150000,0.999842856604,-0.000157150000
2023-05-25,0.999829899074,-0.000170110000,0.999829899074,-0.000170110000
2023-05-26,0.999775495985,-0.000224520000,0.999775495985,-0.000224520000
2023-05-27,0.999845847212,-0.000154160000,0.999845847212,-0.000154160000
2023-05-28,0.999844233002,-0.000155775000,0.999844233002,-0.000155775000
2023-05-29,0.999700029999,-0.000300000000,0.999700029999,-0.000300000000
2023-05-30,0.999782664965,-0.000217350000,0.999782664965,-0.000217350000
2023-05-31,0.999857845920,-0.000142160000,0.999857845920,-0.000142160000
2023-06-01,0.999762052937,-0.000237965000,0.999762052937,-0.000237965000
2023-06-02,0.999765497606,-0.000234520000,0.999765497606,-0.000234520000
2023-06-03,0.999791048523,-0.000208965000,0.999791048523,-0.000208965000
2023-06-04,0.999797237999,-0.000202775000,0.999797237999,-0.000202775000
2023-06-05,0.999812506551,-0.000187505000,0.999812506551,-0.000187505000
2023-06-06,1.000010156064,0.000010160000,1.000010156064,0.000010160000
2023-06-07,0.999766701663,-0.000233315000,0.999766701663,-0.000233315000
2023-06-08,0.999845502918,-0.000154505000,0.999845502918,-0.000154505000
2023-06-09,0.999827264790,-0.000172745000,0.999827264790,-0.000172745000
2023-06-10,0.999859091063,-0.000140915000,0.999859091063,-0.000140915000
2023-06-11,0.999879814746,-0.000120190000,0.999879814746,-0.000120190000
2023-06-12,0.999822974813,-0.000177035000,0.999822974813,-0.000177035000
2023-06-13,0.999773201893,-0.000226814806,0.999773201893,-0.000226814806
2023-06-14,0.999911858453,-0.000088144095,0.999911858453,-0.000088144095
2023-06-15,0.999903856377,-0.000096143560,0.999903856377,-0.000096143560
2023-06-16,0.999971276493,-0.000028723647,0.999971276493,-0.000028723647
2023-06-17,0.999725933211,-0.000274091639,0.999725933211,-0.000274091639
2023-06-18,0.999813583543,-0.000186427512,0.999813583543,-0.000186427512
2023-06-19,0.999828750933,-0.000171258528,0.999828750933,-0.000171258528
2023-06-20,0.999986949666,-0.000013049126,0.999986949666,-0.000013049126
2023-06-21,0.999811563074,-0.000188447376,0.999811563074,-0.000188447376
2023-06-22,0.999707688051,-0.000292340417,0.999707688051,-0.000292340417
2023-06-23,0.999700050090,-0.000299979905,0.999700050090,-0.000299979905
2023-06-24,0.999700050090,-0.000299979905,0.999700050090,-0.000299979905
2023-06-25,0.999700050090,-0.000299979905,0.999700050090,-0.000299979905
2023-06-26,0.999700050090,-0.000299979905,0.999700050090,-0.000299979905
2023-06-27,0.999700050090,-0.000299979905,0.999700050090,-0.000299979905
2023-06-28,0.999761034183,-0.000238983991,0.999761034183,-0.000238983991
2023-06-29,0.999741299316,-0.000258722669,0.999741299316,-0.000258722669
2023-06-30,0.999700050090,-0.000299979905,0.999700050090,-0.000299979905
2023-07-01,0.999700050090,-0.000299979905,0.999700050090,-0.000299979905
2023-07-02,0.999700050090,-0.000299979905,0.999700050090,-0.000299979905
2023-07-03,0.999700050090,-0.000299979905,0.999700050090,-0.000299979905
2023-07-04,0.999700050090,-0.000299979905,0.999700050090,-0.000299979905
2023-07-05,0.999700050090,-0.000299979905,0.999700050090,-0.000299979905
2023-07-06,0.999807903231,-0.000192107131,0.999807903231,-0.000192107131
2023-07-07,0.999957392825,-0.000042607146,0.999957392825,-0.000042607146
2023-07-08,0.999919267473,-0.000080734592,0.999919267473,-0.000080734592
2023-07-09,0.999813214113,-0.000186797487,0.999813214113,-0.000186797487
2023-07-10,0.999943373534,-0.000056626207,0.999943373534,-0.000056626207
2023-07-11,0.999797736604,-0.000202276450,0.999797736604,-0.000202276450
2023-07-12,0.999818323018,-0.000181687829,0.999818323018,-0.000181687829
2023-07-13,0.999944863263,-0.000055136307,0.999944863263,-0.000055136307
2023-07-14,0.999562886294,-0.000437175000,0.999562886294,-0.000437175000
2023-07-15,0.999856615968,-0.000143390000,0.999856615968,-0.000143390000
2023-07-16,0.999778276180,-0.000221740000,0.999778276180,-0.000221740000
2023-07-17,0.999773397017,-0.000226620000,0.999773397017,-0.000226620000
2023-07-18,0.999762873610,-0.000237145000,0.999762873610,-0.000237145000
2023-07-19,0.999735453189,-0.000264570000,0.999735453189,-0.000264570000
2023-07-20,0.999774911281,-0.000225105000,0.999774911281,-0.000225105000
2023-07-21,0.999917766454,-0.000082235000,0.999917766454,-0.000082235000
2023-07-22,0.999872930052,-0.000127075000,0.999872930052,-0.000127075000
2023-07-23,0.999764463030,-0.000235555000,0.999764463030,-0.000235555000
2023-07-24,0.999756684433,-0.000243335000,0.999756684433,-0.000243335000
2023-07-25,0.999852932079,-0.000147075000,0.999852932079,-0.000147075000
2023-07-26,0.999805157036,-0.000194855000,0.999805157036,-0.000194855000
2023-07-27,0.999883188977,-0.000116815000,0.999883188977,-0.000116815000
2023-07-28,0.999744781515,-0.000255240000,0.999744781515,-0.000255240000
2023-07-29,0.999746761183,-0.000253260000,0.999746761183,-0.000253260000
2023-07-30,0.999763613520,-0.000236405000,0.999763613520,-0.000236405000
2023-07-31,0.999853271699,-0.000146735000,0.999853271699,-0.000146735000
2023-08-01,0.999760114151,-0.000239905000,0.999760114151,-0.000239905000
2023-08-02,0.999818840910,-0.000181170000,0.999818840910,-0.000181170000
2023-08-03,0.999827783522,-0.000172225000,0.999827783522,-0.000172225000
2023-08-04,0.999718866231,-0.000281160000,0.999718866231,-0.000281160000
2023-08-05,0.999758208362,-0.000241810000,0.999758208362,-0.000241810000
2023-08-06,0.999700029999,-0.000300000000,0.999700029999,-0.000300000000
2023-08-07,0.999725664871,-0.000274360000,0.999725664871,-0.000274360000
2023-08-08,0.999738572713,-0.000261450000,0.999738572713,-0.000261450000
2023-08-09,0.999785435008,-0.000214580000,0.999785435008,-0.000214580000
2023-08-10,0.999708643276,-0.000291385000,0.999708643276,-0.000291385000
2023-08-11,0.999739317499,-0.000260705000,0.999739317499,-0.000260705000
2023-08-12,0.999703504304,-0.000296525000,0.999703504304,-0.000296525000
2023-08-13,0.999763737903,-0.000236280000,0.999763737903,-0.000236280000
2023-08-14,0.999748890718,-0.000251130000,0.999748890718,-0.000251130000
2023-08-15,0.999713902224,-0.000286125000,0.999713902224,-0.000286125000
2023-08-16,0.999720490906,-0.000279535000,0.999720490906,-0.000279535000
2023-08-17,0.999784574821,-0.000215440000,0.999784574821,-0.000215440000
2023-08-18,1.000042203999,0.000042210000,1.000042203999,0.000042210000
2023-08-19,1.000036636123,0.000036635997,1.000036636123,0.000036635997
2023-08-20,1.000047499065,0.000047498490,1.000047499065,0.000047498490
2023-08-21,1.000019583605,0.000019583578,1.000019583605,0.000019583578
2023-08-22,0.999995582631,-0.000004417185,0.999995582631,-0.000004417185
2023-08-23,0.999983865258,-0.000016134692,0.999983865258,-0.000016134692
2023-08-24,0.999975063322,-0.000024936423,0.999975063322,-0.000024936423
2023-08-25,0.999959957299,-0.000040042977,0.999959957299,-0.000040042977
2023-08-26,0.999945149345,-0.000054851595,0.999945149345,-0.000054851595
2023-08-27,0.999974124803,-0.000025875326,0.999974124803,-0.000025875326
2023-08-28,0.999958298552,-0.000041701839,0.999958298552,-0.000041701839
2023-08-29,1.000030915677,0.000030916797,1.000030915677,0.000030916797
2023-08-30,0.999822510173,-0.000177500000,0.999822510173,-0.000177500000
2023-08-31,0.999903424787,-0.000096578108,0.999903424787,-0.000096578108
2023-09-01,0.999932709084,-0.000067292339,0.999932709084,-0.000067292339
2023-09-02,0.999977650946,-0.000022348965,0.999977650946,-0.000022348965
2023-09-03,0.999963802002,-0.000036198324,0.999963802002,-0.000036198324
2023-09-04,0.999985909734,-0.000014090257,0.999985909734,-0.000014090257
2023-09-05,0.999975483096,-0.000024517047,0.999975483096,-0.000024517047
2023-09-06,0.999994959180,-0.000005040676,0.999994959180,-0.000005040676
2023-09-07,0.999924645763,-0.000075356046,0.999924645763,-0.000075356046
2023-09-08,1.000015689315,0.000015689284,1.000015689315,0.000015689284
2023-09-09,1.000023272628,0.000023272825,1.000023272628,0.000023272825
2023-09-10,0.999966173158,-0.000033827117,0.999966173158,-0.000033827117
2023-09-11,0.999980498714,-0.000019501362,0.999980498714,-0.000019501362
2023-09-12,0.999979321934,-0.000020677795,0.999979321934,-0.000020677795
2023-09-13,0.999966863869,-0.000033136476,0.999966863869,-0.000033136476
2023-09-14,1.000004247346,0.000004247759,1.000004247346,0.000004247759
2023-09-15,0.999976639764,-0.000023359487,0.999976639764,-0.000023359487
2023-09-16,1.000088622393,0.000088619995,1.000088622393,0.000088619995
2023-09-17,0.999973120236,-0.000026879998,0.999973120236,-0.000026879998
2023-09-18,1.000040961495,0.000040961524,1.000040961495,0.000040961524
2023-09-19,1.000007699550,0.000007699764,1.000007699550,0.000007699764
2023-09-20,1.000073821616,0.000073819996,1.000073821616,0.000073819996
2023-09-21,0.999882973170,-0.000117029993,0.999882973170,-0.000117029993
2023-09-22,0.999968920203,-0.000031079998,0.999968920203,-0.000031079998
2023-09-23,0.999915591216,-0.000084409995,0.999915591216,-0.000084409995
2023-09-24,0.999937840308,-0.000062159996,0.999937840308,-0.000062159996
2023-09-25,0.999925976156,-0.000074024751,0.999925976156,-0.000074024751
2023-09-26,0.999996933346,-0.000003065752,0.999996933346,-0.000003065752
2023-09-27,0.999905790086,-0.000094212206,0.999905790086,-0.000094212206
2023-09-28,1.000029442981,0.000029442893,1.000029442981,0.000029442893
2023-09-29,1.000059850688,0.000059849996,1.000059850688,0.000059849996
2023-09-30,0.999959680505,-0.000040319998,0.999959680505,-0.000040319998
2023-10-01,1.000025870054,0.000025869998,1.000025870054,0.000025869998
2023-10-02,0.999914384831,-0.000085614995,0.999914384831,-0.000085614995
2023-10-03,1.000038519969,0.000038524998,1.000038519969,0.000038524998
2023-10-04,1.000122148978,0.000122144993,1.000122148978,0.000122144993
2023-10-05,1.000308936140,0.000308904981,1.000308936140,0.000308904981
2023-10-06,1.000064468964,0.000064469996,1.000064468964,0.000064469996
2023-10-07,1.000044399085,0.000044399997,1.000044399085,0.000044399997
2023-10-08,1.000039599894,0.000039599998,1.000039599894,0.000039599998
2023-10-09,1.000028074772,0.000028074998,1.000028074772,0.000028074998
2023-10-10,1.000150680063,0.000150674991,1.000150680063,0.000150674991
2023-10-11,0.999998329089,-0.000001670000,0.999998329089,-0.000001670000
2023-10-12,0.999923296815,-0.000076704995,0.999923296815,-0.000076704995
2023-10-13,1.000064001298,0.000063999996,1.000064001298,0.000063999996
2023-10-14,1.000247174422,0.000247159985,1.000247174422,0.000247159985
2023-10-15,0.999999863616,-0.000000135000,0.999999863616,-0.000000135000
2023-10-16,1.000100273047,0.000100269994,1.000100273047,0.000100269994
2023-10-17,1.000058199679,0.000058199996,1.000058199679,0.000058199996
2023-10-18,0.999944679569,-0.000055319997,0.999944679569,-0.000055319997
2023-10-19,1.000199987695,0.000199979988,1.000199987695,0.000199979988
2023-10-20,1.000334591993,0.000334579980,1.000334591993,0.000334579980
2023-10-21,1.000016181326,0.000016184999,1.000016181326,0.000016184999
2023-10-22,1.000003143466,0.000003145000,1.000003143466,0.000003145000
2023-10-23,0.999899517996,-0.000100484994,0.999899517996,-0.000100484994
2023-10-24,0.999700030017,-0.000299999982,0.999700030017,-0.000299999982
2023-10-25,0.999700030017,-0.000299999982,0.999700030017,-0.000299999982
2023-10-26,0.999725179985,-0.000274844983,0.999725179985,-0.000274844983
2023-10-27,0.999700030017,-0.000299999982,0.999700030017,-0.000299999982
2023-10-28,0.999700030017,-0.000299999982,0.999700030017,-0.000299999982
2023-10-29,0.999700030017,-0.000299999982,0.999700030017,-0.000299999982
2023-10-30,0.999703149393,-0.000296879982,0.999703149393,-0.000296879982
2023-10-31,0.999726464728,-0.000273559984,0.999726464728,-0.000273559984
2023-11-01,1.000047550503,0.000047564997,1.000047550503,0.000047564997
2023-11-02,0.999700030017,-0.000299999982,0.999700030017,-0.000299999982
2023-11-03,0.999700030017,-0.000299999982,0.999700030017,-0.000299999982
2023-11-04,0.999700030017,-0.000299999982,0.999700030017,-0.000299999982
2023-11-05,0.999700030017,-0.000299999982,0.999700030017,-0.000299999982
2023-11-06,0.999673605304,-0.000326429980,0.999673605304,-0.000326429980
2023-11-07,0.999647145599,-0.000352894979,0.999647145599,-0.000352894979
2023-11-08,0.999664322162,-0.000335714980,0.999664322162,-0.000335714980
2023-11-09,0.999559478140,-0.000440579973,0.999559478140,-0.000440579973
2023-11-10,0.999657143868,-0.000342894979,0.999657143868,-0.000342894979
2023-11-11,0.999540521113,-0.000459544972,0.999540521113,-0.000459544972
2023-11-12,0.999245674697,-0.000754509955,0.999245674697,-0.000754509955
2023-11-13,0.999212333212,-0.000787854953,0.999212333212,-0.000787854953
2023-11-14,0.999336112757,-0.000664024960,0.999336112757,-0.000664024960
2023-11-15,0.999600636313,-0.000399414976,0.999600636313,-0.000399414976
2023-11-16,0.999431061714,-0.000569044966,0.999431061714,-0.000569044966
2023-11-17,0.999700030017,-0.000299999982,0.999700030017,-0.000299999982
2023-11-18,0.999700030017,-0.000299999982,0.999700030017,-0.000299999982
2023-11-19,0.999700030017,-0.000299999982,0.999700030017,-0.000299999982
2023-11-20,0.999700030017,-0.000299999982,0.999700030017,-0.000299999982
2023-11-21,0.999700030017,-0.000299999982,0.999700030017,-0.000299999982
2023-11-22,0.999700030017,-0.000299999982,0.999700030017,-0.000299999982
2023-11-23,0.999700030017,-0.000299999982,0.999700030017,-0.000299999982
2023-11-24,0.999700030017,-0.000299999982,0.999700030017,-0.000299999982
2023-11-25,0.999700030017,-0.000299999982,0.999700030017,-0.000299999982
2023-11-26,0.999700030017,-0.000299999982,0.999700030017,-0.000299999982
2023-11-27,0.999700030017,-0.000299999982,0.999700030017,-0.000299999982
2023-11-28,0.999700030017,-0.000299999982,0.999700030017,-0.000299999982
2023-11-29,0.999700030017,-0.000299999982,0.999700030017,-0.000299999982
2023-11-30,0.999700030017,-0.000299999982,0.999700030017,-0.000299999982
2023-12-01,0.999700030017,-0.000299999982,0.999700030017,-0.000299999982
2023-12-02,0.999621855014,-0.000378189977,0.999621855014,-0.000378189977
2023-12-03,0.999606825811,-0.000393224976,0.999606825811,-0.000393224976
2023-12-04,0.999480808881,-0.000519264969,0.999480808881,-0.000519264969
2023-12-05,0.999700030017,-0.000299999982,0.999700030017,-0.000299999982
2023-12-06,0.999435329012,-0.000564769966,0.999435329012,-0.000564769966
2023-12-07,0.999565716892,-0.000434339974,0.999565716892,-0.000434339974
2023-12-08,0.999204299683,-0.000795904952,0.999204299683,-0.000795904952
2023-12-09,0.999297803065,-0.000702349958,0.999297803065,-0.000702349958
2023-12-10,0.999256358067,-0.000743824955,0.999256358067,-0.000743824955
2023-12-11,0.999590296974,-0.000409754975,0.999590296974,-0.000409754975
2023-12-12,0.999615738141,-0.000384309977,0.999615738141,-0.000384309977
2023-12-13,0.999676674833,-0.000323359981,0.999676674833,-0.000323359981
2023-12-14,0.999700030017,-0.000299999982,0.999700030017,-0.000299999982
2023-12-15,0.999520314522,-0.000479759971,0.999520314522,-0.000479759971
2023-12-16,0.999700030017,-0.000299999982,0.999700030017,-0.000299999982
2023-12-17,0.999700030017,-0.000299999982,0.999700030017,-0.000299999982
2023-12-18,0.999655209456,-0.000344829979,0.999655209456,-0.000344829979
2023-12-19,0.999698380347,-0.000301649982,0.999698380347,-0.000301649982
2023-12-20,0.999492487483,-0.000507594969,0.999492487483,-0.000507594969
2023-12-21,0.999423575793,-0.000576534965,0.999423575793,-0.000576534965
2023-12-22,0.999204101884,-0.000796099952,0.999204101884,-0.000796099952
2023-12-23,0.999599828330,-0.000400224976,0.999599828330,-0.000400224976
2023-12-24,0.999383855112,-0.000616269963,0.999383855112,-0.000616269963
2023-12-25,0.999202302797,-0.000797864952,0.999202302797,-0.000797864952
2023-12-26,0.999233431645,-0.000766754954,0.999233431645,-0.000766754954
2023-12-27,0.998916806193,-0.001083559935,0.998916806193,-0.001083559935
2023-12-28,0.998372146116,-0.001628704902,0.998372146116,-0.001628704902
2023-12-29,0.998562063116,-0.001438624913,0.998562063116,-0.001438624913
2023-12-30,0.998920007965,-0.001080379935,0.998920007965,-0.001080379935
2023-12-31,0.998880034524,-0.001120379933,0.998880034524,-0.001120379933
2024-01-01,0.998974850333,-0.001025494938,0.998974850333,-0.001025494938
2024-01-02,0.998221690468,-0.001779334893,0.998221690468,-0.001779334893
2024-01-03,0.999479887922,-0.000520194969,0.999479887922,-0.000520194969
2024-01-04,0.999700030017,-0.000299999982,0.999700030017,-0.000299999982
2024-01-05,0.999700030017,-0.000299999982,0.999700030017,-0.000299999982
2024-01-06,0.999700030017,-0.000299999982,0.999700030017,-0.000299999982
2024-01-07,0.999700030017,-0.000299999982,0.999700030017,-0.000299999982
2024-01-08,0.999700030017,-0.000299999982,0.999700030017,-0.000299999982
2024-01-09,0.999700030017,-0.000299999982,0.999700030017,-0.000299999982
2024-01-10,0.999700030017,-0.000299999982,0.999700030017,-0.000299999982
2024-01-11,0.999700030017,-0.000299999982,0.999700030017,-0.000299999982
2024-01-12,0.999700030017,-0.000299999982,0.999700030017,-0.000299999982
2024-01-13,0.999700030017,-0.000299999982,0.999700030017,-0.000299999982
2024-01-14,0.999700029999,-0.000300000000,0.999700029999,-0.000300000000
2024-01-15,0.999700029999,-0.000300000000,0.999700029999,-0.000300000000
2024-01-16,0.999700029999,-0.000300000000,0.999700029999,-0.000300000000
2024-01-17,0.999700029999,-0.000300000000,0.999700029999,-0.000300000000
2024-01-18,0.999700029999,-0.000300000000,0.999700029999,-0.000300000000
2024-01-19,0.999700029999,-0.000300000000,0.999700029999,-0.000300000000
2024-01-20,0.999700029999,-0.000300000000,0.999700029999,-0.000300000000
2024-01-21,0.999700029999,-0.000300000000,0.999700029999,-0.000300000000
2024-01-22,0.999700029999,-0.000300000000,0.999700029999,-0.000300000000
2024-01-23,0.999700029999,-0.000300000000,0.999700029999,-0.000300000000
2024-01-24,0.999700029999,-0.000300000000,0.999700029999,-0.000300000000
2024-01-25,0.999700029999,-0.000300000000,0.999700029999,-0.000300000000
2024-01-26,0.999710032998,-0.000289995000,0.999710032998,-0.000289995000
2024-01-27,0.999713697309,-0.000286330000,0.999713697309,-0.000286330000
2024-01-28,0.999769041543,-0.000230975000,0.999769041543,-0.000230975000
2024-01-29,0.999734668070,-0.000265355000,0.999734668070,-0.000265355000
2024-01-30,0.999755149722,-0.000244870000,0.999755149722,-0.000244870000
2024-01-31,0.999760738699,-0.000239280000,0.999760738699,-0.000239280000
2024-02-01,0.999737017909,-0.000263005000,0.999737017909,-0.000263005000
2024-02-02,0.999700029999,-0.000300000000,0.999700029999,-0.000300000000
2024-02-03,0.999727909673,-0.000272115000,0.999727909673,-0.000272115000
2024-02-04,0.999714262201,-0.000285765000,0.999714262201,-0.000285765000
2024-02-05,0.999700029999,-0.000300000000,0.999700029999,-0.000300000000
2024-02-06,0.999738327698,-0.000261695000,0.999738327698,-0.000261695000
2024-02-07,0.999743991792,-0.000256030000,0.999743991792,-0.000256030000
2024-02-08,0.999754394766,-0.000245625000,0.999754394766,-0.000245625000
2024-02-09,0.999784489879,-0.000215525000,0.999784489879,-0.000215525000
2024-02-10,0.999709823040,-0.000290205000,0.999709823040,-0.000290205000
2024-02-11,0.999700029999,-0.000300000000,0.999700029999,-0.000300000000
2024-02-12,0.999700029999,-0.000300000000,0.999700029999,-0.000300000000
2024-02-13,0.999679204165,-0.000320830000,0.999679204165,-0.000320830000
2024-02-14,0.999592511506,-0.000407540000,0.999592511506,-0.000407540000
2024-02-15,0.999642522507,-0.000357520000,0.999642522507,-0.000357520000
2024-02-16,0.999493224154,-0.000506860000,0.999493224154,-0.000506860000
2024-02-17,0.999379989298,-0.000620135000,0.999379989298,-0.000620135000
2024-02-18,0.999430088093,-0.000570020000,0.999430088093,-0.000570020000
2024-02-19,0.999418782563,-0.000581329992,0.999418782563,-0.000581329992
2024-02-20,0.999281725510,-0.000718442206,0.999281725510,-0.000718442206
2024-02-21,0.999556289125,-0.000443776005,0.999556289125,-0.000443776005
2024-02-22,1.000375819660,0.000375776683,1.000375819660,0.000375776683
2024-02-23,1.000175297355,0.000175291713,1.000175297355,0.000175291713
2024-02-24,1.000296353157,0.000296325000,1.000296353157,0.000296325000
2024-02-25,1.000131766601,0.000131773749,1.000131766601,0.000131773749
2024-02-26,0.999470114338,-0.000529967547,0.999470114338,-0.000529967547
2024-02-27,0.999212290865,-0.000787879474,0.999212290865,-0.000787879474
2024-02-28,0.998820457483,-0.001179989259,0.998820457483,-0.001179989259
2024-02-29,0.997642291958,-0.002359555000,0.997642291958,-0.002359555000
2024-03-01,0.998237999406,-0.001763035000,0.998237999406,-0.001763035000
2024-03-02,0.998285895038,-0.001715082400,0.998285895038,-0.001715082400
2024-03-03,0.998605942402,-0.001394704414,0.998605942402,-0.001394704414
2024-03-04,0.998424451797,-0.001576371098,0.998424451797,-0.001576371098
2024-03-05,0.997374614990,-0.002627630000,0.997374614990,-0.002627630000
2024-03-06,0.998994292150,-0.001006034043,0.998994292150,-0.001006034043
2024-03-07,0.998724725692,-0.001275812056,0.998724725692,-0.001275812056
2024-03-08,0.998468124430,-0.001532656452,0.998468124430,-0.001532656452
2024-03-09,0.998969731231,-0.001030622583,0.998969731231,-0.001030622583
2024-03-10,0.998636880168,-0.001363714606,0.998636880168,-0.001363714606
2024-03-11,0.998656460219,-0.001344104000,0.998656460219,-0.001344104000
2024-03-12,0.998541134302,-0.001459568000,0.998541134302,-0.001459568000
2024-03-13,0.998316592511,-0.001684341000,0.998316592511,-0.001684341000
2024-03-14,0.998694801227,-0.001305763500,0.998694801227,-0.001305763500
2024-03-15,0.999229222743,-0.000770958500,0.999229222743,-0.000770958500
2024-03-16,0.999468687179,-0.000531404500,0.999468687179,-0.000531404500
2024-03-17,0.999561031863,-0.000439029500,0.999561031863,-0.000439029500
2024-03-18,0.999365186784,-0.000634945500,0.999365186784,-0.000634945500
2024-03-19,0.999367601850,-0.000632531000,0.999367601850,-0.000632531000
2024-03-20,0.999519798332,-0.000480276000,0.999519798332,-0.000480276000
2024-03-21,0.999549811990,-0.000450252000,0.999549811990,-0.000450252000
2024-03-22,0.999593346021,-0.000406708500,0.999593346021,-0.000406708500
2024-03-23,0.999633476981,-0.000366567500,0.999633476981,-0.000366567500
2024-03-24,0.999526069255,-0.000474003000,0.999526069255,-0.000474003000
2024-03-25,0.999327902112,-0.000672247500,0.999327902112,-0.000672247500
2024-03-26,0.999168387551,-0.000831842000,0.999168387551,-0.000831842000
2024-03-27,0.998997691963,-0.001002642500,0.998997691963,-0.001002642500
2024-03-28,0.998969655415,-0.001030696500,0.998969655415,-0.001030696500
2024-03-29,0.999022269812,-0.000978049000,0.999022269812,-0.000978049000
2024-03-30,0.999188334393,-0.000811884500,0.999188334393,-0.000811884500
2024-03-31,0.999159634127,-0.000840597500,0.999159634127,-0.000840597500
2024-04-01,0.998952701660,-0.001047624000,0.998952701660,-0.001047624000
2024-04-02,0.999563543043,-0.000436518000,0.999563543043,-0.000436518000
2024-04-03,0.999604570140,-0.000395481500,0.999604570140,-0.000395481500
2024-04-04,0.999700484265,-0.000299545000,0.999700484265,-0.000299545000
2024-04-05,1.000029527036,0.000029527500,1.000029527036,0.000029527500
2024-04-06,1.000064813627,0.000064815000,1.000064813627,0.000064815000
2024-04-07,1.000132782329,0.000132777500,1.000132782329,0.000132777500
2024-04-08,0.999721195050,-0.000278821500,0.999721195050,-0.000278821500
2024-04-09,0.999547985725,-0.000452081500,0.999547985725,-0.000452081500
2024-04-10,0.999423853610,-0.000576254955,0.999423853610,-0.000576254955
2024-04-11,0.999345861407,-0.000654280433,0.999345861407,-0.000654280433
2024-04-12,0.999530228063,-0.000469840852,0.999530228063,-0.000469840852
2024-04-13,1.000239078472,0.000239062500,1.000239078472,0.000239062500
2024-04-14,1.000215713823,0.000215702500,1.000215713823,0.000215702500
2024-04-15,1.000180887854,0.000180877872,1.000180887854,0.000180877872
2024-04-16,1.000466635397,0.000466565648,1.000466635397,0.000466565648
2024-04-17,0.999951455694,-0.000048543330,0.999951455694,-0.000048543330
2024-04-18,0.999992333604,-0.000007659766,0.999992333604,-0.000007659766
2024-04-19,0.999982678089,-0.000017321188,0.999982678089,-0.000017321188
2024-04-20,0.999884564467,-0.000115438716,0.999884564467,-0.000115438716
2024-04-21,0.999971856403,-0.000028142663,0.999971856403,-0.000028142663
2024-04-22,0.999938988473,-0.000061012454,0.999938988473,-0.000061012454
2024-04-23,1.000057031207,0.000057032372,1.000057031207,0.000057032372
2024-04-24,1.000191128399,0.000191116520,1.000191128399,0.000191116520
2024-04-25,1.000050448874,0.000050454353,1.000050448874,0.000050454353
2024-04-26,1.000339143766,0.000339106762,1.000339143766,0.000339106762
2024-04-27,1.000200671602,0.000200660365,1.000200671602,0.000200660365
2024-04-28,1.000512776881,0.000512690169,1.000512776881,0.000512690169
2024-04-29,1.000461115814,0.000461046542,1.000461115814,0.000461046542
2024-04-30,1.000116728197,0.000116728656,1.000116728197,0.000116728656
2024-05-01,0.999937205416,-0.000062795760,0.999937205416,-0.000062795760
2024-05-02,1.000036431077,0.000036433409,1.000036431077,0.000036433409
2024-05-03,1.000093891754,0.000093888820,1.000093891754,0.000093888820
2024-05-04,1.000053035082,0.000053034540,1.000053035082,0.000053034540
2024-05-05,1.000255338895,0.000255318674,1.000255338895,0.000255318674
2024-05-06,1.000029829643,0.000029829419,1.000029829643,0.000029829419
2024-05-07,0.999914787785,-0.000085213084,0.999914787785,-0.000085213084
2024-05-08,0.999828935667,-0.000171073933,0.999828935667,-0.000171073933
2024-05-09,0.999869265978,-0.000130739604,0.999869265978,-0.000130739604
2024-05-10,0.999983231207,-0.000016768881,0.999983231207,-0.000016768881
2024-05-11,0.999883795486,-0.000116209014,0.999883795486,-0.000116209014
2024-05-12,0.999894081577,-0.000105921650,0.999894081577,-0.000105921650
2024-05-13,0.999958814896,-0.000041184766,0.999958814896,-0.000041184766
2024-05-14,1.000236951231,0.000236968111,1.000236951231,0.000236968111
2024-05-15,1.000623100898,0.000622973514,1.000623100898,0.000622973514
2024-05-16,1.000083296008,0.000083302321,1.000083296008,0.000083302321
2024-05-17,1.000117336130,0.000117334055,1.000117336130,0.000117334055
2024-05-18,0.999927537633,-0.000072463664,0.999927537633,-0.000072463664
2024-05-19,0.999897131338,-0.000102872080,0.999897131338,-0.000102872080
2024-05-20,0.999916409848,-0.000083591954,0.999916409848,-0.000083591954
2024-05-21,0.999700749428,-0.000299279805,0.999700749428,-0.000299279805
2024-05-22,0.999625321079,-0.000374725457,0.999625321079,-0.000374725457
2024-05-23,0.999713332049,-0.000286695000,0.999713332049,-0.000286695000
2024-05-24,0.999773894543,-0.000226122500,0.999773894543,-0.000226122500
2024-05-25,0.999775016875,-0.000225000000,0.999775016875,-0.000225000000
2024-05-26,0.999753137657,-0.000246882500,0.999753137657,-0.000246882500
2024-05-27,0.999679126578,-0.000320907500,0.999679126578,-0.000320907500
2024-05-28,0.999725199435,-0.000274825149,0.999725199435,-0.000274825149
2024-05-29,0.999669842040,-0.000330193926,0.999669842040,-0.000330193926
2024-05-30,0.999706461402,-0.000293567139,0.999706461402,-0.000293567139
2024-05-31,0.999707375114,-0.000292653368,0.999707375114,-0.000292653368
2024-06-01,0.999604850396,-0.000395201403,0.999604850396,-0.000395201403
2024-06-02,0.999584445698,-0.000415610314,0.999584445698,-0.000415610314
2024-06-03,0.999570817903,-0.000429242356,0.999570817903,-0.000429242356
2024-06-04,0.999650608294,-0.000349432330,0.999650608294,-0.000349432330
2024-06-05,0.999577364231,-0.000422695222,0.999577364231,-0.000422695222
2024-06-06,0.999596520256,-0.000403533745,0.999596520256,-0.000403533745
2024-06-07,0.999728052257,-0.000271972327,0.999728052257,-0.000271972327
2024-06-08,0.999775016875,-0.000225000000,0.999775016875,-0.000225000000
2024-06-09,0.999775016875,-0.000225000000,0.999775016875,-0.000225000000
2024-06-10,0.999775016875,-0.000225000000,0.999775016875,-0.000225000000
2024-06-11,0.999775016875,-0.000225000000,0.999775016875,-0.000225000000
2024-06-12,0.999777264037,-0.000222752500,0.999777264037,-0.000222752500
2024-06-13,0.999775016875,-0.000225000000,0.999775016875,-0.000225000000
2024-06-14,0.999777491892,-0.000222524612,0.999777491892,-0.000222524612
2024-06-15,0.999775016875,-0.000225000000,0.999775016875,-0.000225000000
2024-06-16,0.999789090548,-0.000210924215,0.999789090548,-0.000210924215
2024-06-17,0.999781866310,-0.000218149537,0.999781866310,-0.000218149537
2024-06-18,0.999817544213,-0.000182466422,0.999817544213,-0.000182466422
2024-06-19,0.999867048248,-0.000132956935,0.999867048248,-0.000132956935
2024-06-20,0.999865703043,-0.000134302953,0.999865703043,-0.000134302953
2024-06-21,0.999868952281,-0.000131052589,0.999868952281,-0.000131052589
2024-06-22,0.999849056923,-0.000150950524,0.999849056923,-0.000150950524
2024-06-23,0.999879034277,-0.000120970133,0.999879034277,-0.000120970133
2024-06-24,0.999803296367,-0.000196716441,0.999803296367,-0.000196716441
2024-06-25,0.999814258882,-0.000185752600,0.999814258882,-0.000185752600
2024-06-26,0.999775016875,-0.000225000000,0.999775016875,-0.000225000000
2024-06-27,0.999775016875,-0.000225000000,0.999775016875,-0.000225000000
2024-06-28,0.999782040332,-0.000217975500,0.999782040332,-0.000217975500
2024-06-29,0.999775016875,-0.000225000000,0.999775016875,-0.000225000000
2024-06-30,0.999775016875,-0.000225000000,0.999775016875,-0.000225000000
2024-07-01,0.999786423524,-0.000213591667,0.999786423524,-0.000213591667
2024-07-02,0.999793289425,-0.000206724688,0.999793289425,-0.000206724688
2024-07-03,0.999740119725,-0.000259902499,0.999740119725,-0.000259902499
2024-07-04,0.999807260991,-0.000192751393,0.999807260991,-0.000192751393
2024-07-05,0.999894588743,-0.000105414430,0.999894588743,-0.000105414430
2024-07-06,0.999920120144,-0.000079881875,0.999920120144,-0.000079881875
2024-07-07,0.999863580664,-0.000136425513,0.999863580664,-0.000136425513
2024-07-08,0.999873446959,-0.000126558350,0.999873446959,-0.000126558350
2024-07-09,0.999898952735,-0.000101050015,0.999898952735,-0.000101050015
2024-07-10,0.999880310191,-0.000119694448,0.999880310191,-0.000119694448
2024-07-11,0.999854688001,-0.000145319038,0.999854688001,-0.000145319038
2024-07-12,0.999934893571,-0.000065107773,0.999934893571,-0.000065107773
2024-07-13,0.999878014414,-0.000121990489,0.999878014414,-0.000121990489
2024-07-14,0.999881950283,-0.000118054111,0.999881950283,-0.000118054111
2024-07-15,0.999950090712,-0.000049910029,0.999950090712,-0.000049910029
2024-07-16,0.999908544962,-0.000091456191,0.999908544962,-0.000091456191
2024-07-17,0.999928552763,-0.000071448706,0.999928552763,-0.000071448706
2024-07-18,0.999913123760,-0.000086878725,0.999913123760,-0.000086878725
2024-07-19,0.999869909373,-0.000130096155,0.999869909373,-0.000130096155
2024-07-20,0.999971943507,-0.000028056717,0.999971943507,-0.000028056717
2024-07-21,0.999941311407,-0.000058689424,0.999941311407,-0.000058689424
2024-07-22,0.999836864912,-0.000163143615,0.999836864912,-0.000163143615
2024-07-23,0.999850231847,-0.000149775630,0.999850231847,-0.000149775630
2024-07-24,0.999799038814,-0.000200974588,0.999799038814,-0.000200974588
2024-07-25,0.999789018871,-0.000210995956,0.999789018871,-0.000210995956
2024-07-26,0.999844512300,-0.000155495466,0.999844512300,-0.000155495466
2024-07-27,0.999844980047,-0.000155027788,0.999844980047,-0.000155027788
2024-07-28,0.999819716137,-0.000180294430,0.999819716137,-0.000180294430
2024-07-29,0.999805223932,-0.000194788284,0.999805223932,-0.000194788284
2024-07-30,0.999846584399,-0.000153423280,0.999846584399,-0.000153423280
2024-07-31,0.999868516752,-0.000131488618,0.999868516752,-0.000131488618
2024-08-01,0.999780740849,-0.000219275121,0.999780740849,-0.000219275121
2024-08-02,0.999790097703,-0.000209916844,0.999790097703,-0.000209916844
2024-08-03,0.999884063672,-0.000115940562,0.999884063672,-0.000115940562
2024-08-04,0.999877754693,-0.000122250121,0.999877754693,-0.000122250121
2024-08-05,0.999918248210,-0.000081753885,0.999918248210,-0.000081753885
2024-08-06,0.999985677733,-0.000014322215,0.999985677733,-0.000014322215
2024-08-07,1.000011961625,0.000011961773,1.000011961625,0.000011961773
2024-08-08,0.999981100070,-0.000018900042,0.999981100070,-0.000018900042
2024-08-09,0.999947158409,-0.000052842474,0.999947158409,-0.000052842474
2024-08-10,1.000031950138,0.000031949832,1.000031950138,0.000031949832
2024-08-11,0.999985079731,-0.000014920176,0.999985079731,-0.000014920176
2024-08-12,0.999966344766,-0.000033654995,0.999966344766,-0.000033654995
2024-08-13,0.999987874445,-0.000012125115,0.999987874445,-0.000012125115
2024-08-14,1.000019863247,0.000019863470,1.000019863247,0.000019863470
2024-08-15,1.000036387661,0.000036388435,1.000036387661,0.000036388435
2024-08-16,1.000083782549,0.000083780767,1.000083782549,0.000083780767
2024-08-17,0.999974065184,-0.000025934950,0.999974065184,-0.000025934950
2024-08-18,1.000002210131,0.000002210390,1.000002210131,0.000002210390
2024-08-19,1.000053832147,0.000053831294,1.000053832147,0.000053831294
2024-08-20,0.999999510640,-0.000000489256,0.999999510640,-0.000000489256
2024-08-21,1.000030364488,0.000030364467,1.000030364488,0.000030364467
2024-08-22,1.000081036157,0.000081034877,1.000081036157,0.000081034877
2024-08-23,1.000185610197,0.000185600151,1.000185610197,0.000185600151
2024-08-24,1.000083102413,0.000083101514,1.000083102413,0.000083101514
2024-08-25,1.000039103583,0.000039103441,1.000039103583,0.000039103441
2024-08-26,0.999915606161,-0.000084395872,0.999915606161,-0.000084395872
2024-08-27,0.999836958686,-0.000163049753,0.999836958686,-0.000163049753
2024-08-28,1.000006487407,0.000006488253,1.000006487407,0.000006488253
2024-08-29,1.000048272596,0.000048271888,1.000048272596,0.000048271888
2024-08-30,0.999962795470,-0.000037204944,0.999962795470,-0.000037204944
2024-08-31,0.999971855060,-0.000028144957,0.999971855060,-0.000028144957
2024-09-01,1.000025329511,0.000025329962,1.000025329511,0.000025329962
2024-09-02,1.000016295115,0.000016295109,1.000016295115,0.000016295109
2024-09-03,0.999920172558,-0.000079829549,0.999920172558,-0.000079829549
2024-09-04,0.999991054989,-0.000008944949,0.999991054989,-0.000008944949
2024-09-05,0.999932346526,-0.000067654618,0.999932346526,-0.000067654618
2024-09-06,0.999982121971,-0.000017878105,0.999982121971,-0.000017878105
2024-09-07,1.000060006001,0.000060005040,1.000060006001,0.000060005040
2024-09-08,1.000036561383,0.000036561636,1.000036561383,0.000036561636
2024-09-09,1.000090531566,0.000090528931,1.000090531566,0.000090528931
2024-09-10,1.000043152738,0.000043152214,1.000043152738,0.000043152214
2024-09-11,1.000115797336,0.000115793450,1.000115797336,0.000115793450
2024-09-12,1.000027235057,0.000027234846,1.000027235057,0.000027234846
2024-09-13,1.000017674724,0.000017674659,1.000017674724,0.000017674659
2024-09-14,1.000028824518,0.000028825221,1.000028824518,0.000028825221
2024-09-15,1.000000460027,0.000000460033,1.000000460027,0.000000460033
2024-09-16,0.999933463903,-0.000066537434,0.999933463903,-0.000066537434
2024-09-17,0.999917577726,-0.000082424239,0.999917577726,-0.000082424239
2024-09-18,0.999959904427,-0.000040096018,0.999959904427,-0.000040096018
2024-09-19,1.000136450864,0.000136454229,1.000136450864,0.000136454229
2024-09-20,0.999971425177,-0.000028574839,0.999971425177,-0.000028574839
2024-09-21,0.999885644819,-0.000114359354,0.999885644819,-0.000114359354
2024-09-22,0.999894624200,-0.000105379405,0.999894624200,-0.000105379405
2024-09-23,0.999933931645,-0.000066069627,0.999933931645,-0.000066069627
2024-09-24,0.999941255932,-0.000058744668,0.999941255932,-0.000058744668
2024-09-25,0.999981500218,-0.000018499895,0.999981500218,-0.000018499895
2024-09-26,0.999910522737,-0.000089479494,0.999910522737,-0.000089479494
2024-09-27,0.999905018168,-0.000094984463,0.999905018168,-0.000094984463
2024-09-28,0.999898043091,-0.000101959424,0.999898043091,-0.000101959424
2024-09-29,0.999944471069,-0.000055529686,0.999944471069,-0.000055529686
2024-09-30,0.999894923958,-0.000105079406,0.999894923958,-0.000105079406
2024-10-01,0.999850008347,-0.000149999153,0.999850008347,-0.000149999153
2024-10-02,0.999839627537,-0.000160381003,0.999839627537,-0.000160381003
2024-10-03,1.000004383581,0.000004385000,1.000004383581,0.000004385000
2024-10-04,0.999952705432,-0.000047295000,0.999952705432,-0.000047295000
2024-10-05,0.999998234946,-0.000001765000,0.999998234946,-0.000001765000
2024-10-06,0.999959800450,-0.000040200000,0.999959800450,-0.000040200000
2024-10-07,0.999971010088,-0.000028990000,0.999971010088,-0.000028990000
2024-10-08,0.999932420799,-0.000067580000,0.999932420799,-0.000067580000
2024-10-09,1.000505979988,0.000505900000,1.000505979988,0.000505900000
2024-10-10,0.999924618553,-0.000075382655,0.999924618553,-0.000075382655
2024-10-11,0.999997360208,-0.000002639666,0.999997360208,-0.000002639666
2024-10-12,0.999946335418,-0.000053665000,0.999946335418,-0.000053665000
2024-10-13,0.999945525154,-0.000054475659,0.999945525154,-0.000054475659
2024-10-14,0.999830131638,-0.000169877533,0.999830131638,-0.000169877533
2024-10-15,0.999754085092,-0.000245935000,0.999754085092,-0.000245935000
2024-10-16,0.999792072784,-0.000207941519,0.999792072784,-0.000207941519
2024-10-17,0.999850007500,-0.000150000000,0.999850007500,-0.000150000000
2024-10-18,0.999850007500,-0.000150000000,0.999850007500,-0.000150000000
2024-10-19,0.999700029999,-0.000300000000,0.999700029999,-0.000300000000
2024-10-20,0.999740457293,-0.000259565000,0.999740457293,-0.000259565000
2024-10-21,0.999700029999,-0.000300000000,0.999700029999,-0.000300000000
2024-10-22,0.999700029999,-0.000300000000,0.999700029999,-0.000300000000
2024-10-23,0.999700029999,-0.000300000000,0.999700029999,-0.000300000000
2024-10-24,0.999700029999,-0.000300000000,0.999700029999,-0.000300000000
2024-10-25,0.999798953284,-0.000201060000,0.999798953284,-0.000201060000
2024-10-26,0.999836803039,-0.000163205500,0.999836803039,-0.000163205500
2024-10-27,0.999835203135,-0.000164805500,0.999835203135,-0.000164805500
2024-10-28,0.999753224777,-0.000246795000,0.999753224777,-0.000246795000
2024-10-29,0.999700029999,-0.000300000000,0.999700029999,-0.000300000000
2024-10-30,0.999700029999,-0.000300000000,0.999700029999,-0.000300000000
2024-10-31,0.999700029999,-0.000300000000,0.999700029999,-0.000300000000
2024-11-01,0.999700029999,-0.000300000000,0.999700029999,-0.000300000000
2024-11-02,0.999734523443,-0.000265500000,0.999734523443,-0.000265500000
2024-11-03,0.999773841886,-0.000226175000,0.999773841886,-0.000226175000
2024-11-04,0.999761223983,-0.000238795000,0.999761223983,-0.000238795000
2024-11-05,0.999794538895,-0.000205475000,0.999794538895,-0.000205475000
2024-11-06,0.999759478108,-0.000240540000,0.999759478108,-0.000240540000
2024-11-07,0.999700029999,-0.000300000000,0.999700029999,-0.000300000000
2024-11-08,0.999700029999,-0.000300000000,0.999700029999,-0.000300000000
2024-11-09,0.999700029999,-0.000300000000,0.999700029999,-0.000300000000
2024-11-10,0.999396303017,-0.000603810000,0.999396303017,-0.000603810000
2024-11-11,0.999375112666,-0.000625000000,0.999375112666,-0.000625000000
2024-11-12,0.998699838832,-0.001300725000,0.998699838832,-0.001300725000
2024-11-13,0.999550493588,-0.000449570000,0.999550493588,-0.000449570000
2024-11-14,0.999700029999,-0.000300000000,0.999700029999,-0.000300000000
2024-11-15,0.999690261953,-0.000309770000,0.999690261953,-0.000309770000
2024-11-16,0.999667726461,-0.000332310000,0.999667726461,-0.000332310000
2024-11-17,0.999636623015,-0.000363420000,0.999636623015,-0.000363420000
2024-11-18,0.999349188927,-0.000650950000,0.999349188927,-0.000650950000
2024-11-19,0.999381990038,-0.000618135000,0.999381990038,-0.000618135000
2024-11-20,0.999700029999,-0.000300000000,0.999700029999,-0.000300000000
2024-11-21,0.999700029999,-0.000300000000,0.999700029999,-0.000300000000
2024-11-22,0.999432312406,-0.000567790000,0.999432312406,-0.000567790000
2024-11-23,0.999527456898,-0.000472615000,0.999527456898,-0.000472615000
2024-11-24,0.999370208672,-0.000629920000,0.999370208672,-0.000629920000
2024-11-25,0.999494654876,-0.000505430000,0.999494654876,-0.000505430000
2024-11-26,0.999305787188,-0.000694370000,0.999305787188,-0.000694370000
2024-11-27,0.999420100404,-0.000580000000,0.999420100404,-0.000580000000
2024-11-28,0.999638193173,-0.000361850000,0.999638193173,-0.000361850000
2024-11-29,0.999457225165,-0.000542870000,0.999457225165,-0.000542870000
2024-11-30,0.999620327161,-0.000379720000,0.999620327161,-0.000379720000
2024-12-01,0.999545246615,-0.000454820000,0.999545246615,-0.000454820000
2024-12-02,0.999232463103,-0.000767730000,0.999232463103,-0.000767730000
2024-12-03,0.999503506914,-0.000496570000,0.999503506914,-0.000496570000
2024-12-04,0.999144732839,-0.000855510000,0.999144732839,-0.000855510000
2024-12-05,0.998529370962,-0.001471300000,0.998529370962,-0.001471300000
2024-12-06,0.999653699267,-0.000346340000,0.999653699267,-0.000346340000
2024-12-07,0.999415742040,-0.000584360000,0.999415742040,-0.000584360000
2024-12-08,0.999488717136,-0.000511370000,0.999488717136,-0.000511370000
2024-12-09,0.999374521139,-0.000625600000,0.999374521139,-0.000625600000
2024-12-10,0.999700029999,-0.000300000000,0.999700029999,-0.000300000000
2024-12-11,0.999700029999,-0.000300000000,0.999700029999,-0.000300000000
2024-12-12,0.999700029999,-0.000300000000,0.999700029999,-0.000300000000
2024-12-13,0.999700029999,-0.000300000000,0.999700029999,-0.000300000000
2024-12-14,0.999732523499,-0.000267500000,0.999732523499,-0.000267500000
2024-12-15,0.999718086387,-0.000281940000,0.999718086387,-0.000281940000
2024-12-16,0.999708218361,-0.000291810000,0.999708218361,-0.000291810000
2024-12-17,0.999721365731,-0.000278660000,0.999721365731,-0.000278660000
2024-12-18,0.999708438317,-0.000291590000,0.999708438317,-0.000291590000
2024-12-19,0.999700029999,-0.000300000000,0.999700029999,-0.000300000000
2024-12-20,0.999700029999,-0.000300000000,0.999700029999,-0.000300000000
2024-12-21,0.999787952412,-0.000212060000,0.999787952412,-0.000212060000
2024-12-22,0.999703739257,-0.000296290000,0.999703739257,-0.000296290000
2024-12-23,0.999710217961,-0.000289810000,0.999710217961,-0.000289810000
2024-12-24,0.999700029999,-0.000300000000,0.999700029999,-0.000300000000
2024-12-25,0.999700029999,-0.000300000000,0.999700029999,-0.000300000000
2024-12-26,0.999741372158,-0.000258650000,0.999741372158,-0.000258650000
2024-12-27,0.999700029999,-0.000300000000,0.999700029999,-0.000300000000
2024-12-28,0.999771896763,-0.000228120000,0.999771896763,-0.000228120000
2024-12-29,0.999719896025,-0.000280130000,0.999719896025,-0.000280130000
2024-12-30,0.999812518712,-0.000187490000,0.999812518712,-0.000187490000
2024-12-31,0.999700029999,-0.000300000000,0.999700029999,-0.000300000000
2025-01-01,0.999700029999,-0.000300000000,0.999700029999,-0.000300000000
2025-01-02,0.999700029999,-0.000300000000,0.999700029999,-0.000300000000
2025-01-03,0.999747600483,-0.000252420000,0.999747600483,-0.000252420000
2025-01-04,0.999815039111,-0.000184970000,0.999815039111,-0.000184970000
2025-01-05,0.999716826639,-0.000283200000,0.999716826639,-0.000283200000
2025-01-06,0.999700029999,-0.000300000000,0.999700029999,-0.000300000000
2025-01-07,0.999728204552,-0.000271820000,0.999728204552,-0.000271820000
2025-01-08,0.999700029999,-0.000300000000,0.999700029999,-0.000300000000
2025-01-09,0.999807108755,-0.000192900000,0.999807108755,-0.000192900000
2025-01-10,0.999890161927,-0.000109840000,0.999890161927,-0.000109840000
2025-01-11,0.999876574842,-0.000123430000,0.999876574842,-0.000123430000
2025-01-12,0.999851347071,-0.000148660000,0.999851347071,-0.000148660000
2025-01-13,0.999868644760,-0.000131360000,0.999868644760,-0.000131360000
2025-01-14,0.999705068991,-0.000294960000,0.999705068991,-0.000294960000
2025-01-15,0.999803732443,-0.000196280000,0.999803732443,-0.000196280000
2025-01-16,0.999871064365,-0.000128940000,0.999871064365,-0.000128940000
2025-01-17,0.999825859114,-0.000174150000,0.999825859114,-0.000174150000
2025-01-18,0.999732953413,-0.000267070000,0.999732953413,-0.000267070000
2025-01-19,0.999725429999,-0.000274595000,0.999725429999,-0.000274595000
2025-01-20,1.000199713667,0.000199745000,1.000199713667,0.000199745000
2025-01-21,0.999956021863,-0.000043970000,0.999956021863,-0.000043970000
2025-01-22,0.999767276959,-0.000232740000,0.999767276959,-0.000232740000
2025-01-23,0.999813154016,-0.000186855000,0.999813154016,-0.000186855000
2025-01-24,0.999783124648,-0.000216890000,0.999783124648,-0.000216890000
2025-01-25,0.999959949552,-0.000040050000,0.999959949552,-0.000040050000
2025-01-26,0.999760823625,-0.000239195000,0.999760823625,-0.000239195000
2025-01-27,0.999871063497,-0.000128940000,0.999871063497,-0.000128940000
2025-01-28,0.999764397219,-0.000235620000,0.999764397219,-0.000235620000
2025-01-29,0.999700539897,-0.000299490000,0.999700539897,-0.000299490000
2025-01-30,0.999729134298,-0.000270890000,0.999729134298,-0.000270890000
2025-01-31,0.999787762450,-0.000212250000,0.999787762450,-0.000212250000
2025-02-01,0.999947305477,-0.000052695000,0.999947305477,-0.000052695000
2025-02-02,0.999916571176,-0.000083430000,0.999916571176,-0.000083430000
2025-02-03,0.999751569690,-0.000248450000,0.999751569690,-0.000248450000
2025-02-04,0.999864505671,-0.000135500000,0.999864505671,-0.000135500000
2025-02-05,0.999940770474,-0.000059230000,0.999940770474,-0.000059230000
2025-02-06,0.999921491098,-0.000078510000,0.999921491098,-0.000078510000
2025-02-07,0.999798623315,-0.000201390000,0.999798623315,-0.000201390000
2025-02-08,1.000026389438,0.000026390000,1.000026389438,0.000026390000
2025-02-09,0.999836887543,-0.000163120000,0.999836887543,-0.000163120000
2025-02-10,0.999815659840,-0.000184350000,0.999815659840,-0.000184350000
2025-02-11,0.999911380225,-0.000088620000,0.999911380225,-0.000088620000
2025-02-12,0.999888433710,-0.000111570000,0.999888433710,-0.000111570000
2025-02-13,0.999850785253,-0.000149220000,0.999850785253,-0.000149220000
2025-02-14,0.999832979075,-0.000167030000,0.999832979075,-0.000167030000
2025-02-15,0.999929131270,-0.000070870000,0.999929131270,-0.000070870000
2025-02-16,0.999926291419,-0.000073710000,0.999926291419,-0.000073710000
2025-02-17,0.999853556530,-0.000146450000,0.999853556530,-0.000146450000
2025-02-18,0.999705148975,-0.000294880000,0.999705148975,-0.000294880000
2025-02-19,0.999762558699,-0.000237460000,0.999762558699,-0.000237460000
2025-02-20,0.999869654970,-0.000130350000,0.999869654970,-0.000130350000
2025-02-21,0.999976880005,-0.000023120000,0.999976880005,-0.000023120000
2025-02-22,0.999812170283,-0.000187840000,0.999812170283,-0.000187840000
2025-02-23,0.999912702363,-0.000087300000,0.999912702363,-0.000087300000
2025-02-24,0.999940388758,-0.000059610000,0.999940388758,-0.000059610000
2025-02-25,0.999833707356,-0.000166300000,0.999833707356,-0.000166300000
2025-02-26,0.999804751640,-0.000195260000,0.999804751640,-0.000195260000
2025-02-27,0.999818797621,-0.000181210000,0.999818797621,-0.000181210000
2025-02-28,0.999814088284,-0.000185920000,0.999814088284,-0.000185920000
2025-03-01,1.000069800534,0.000069800000,1.000069800534,0.000069800000
2025-03-02,1.000067461417,0.000067460000,1.000067461417,0.000067460000
2025-03-03,0.999994547071,-0.000005450000,0.999994547071,-0.000005450000
2025-03-04,1.000004899807,0.000004900000,1.000004899807,0.000004900000
2025-03-05,0.999881374556,-0.000118630000,0.999881374556,-0.000118630000
2025-03-06,0.999832319053,-0.000167690000,0.999832319053,-0.000167690000
2025-03-07,1.000001229658,0.000001230000,1.000001229658,0.000001230000
2025-03-08,0.999930910887,-0.000069090000,0.999930910887,-0.000069090000
2025-03-09,0.999895609545,-0.000104390000,0.999895609545,-0.000104390000
2025-03-10,0.999955576223,-0.000044424382,0.999955576223,-0.000044424382
2025-03-11,0.999928847748,-0.000071153793,0.999928847748,-0.000071153793
2025-03-12,0.999955701318,-0.000044299208,0.999955701318,-0.000044299208
2025-03-13,0.999975776959,-0.000024223202,0.999975776959,-0.000024223202
2025-03-14,0.999952848588,-0.000047152002,0.999952848588,-0.000047152002
2025-03-15,1.000037235660,0.000037235349,1.000037235660,0.000037235349
2025-03-16,0.999974814651,-0.000025185488,0.999974814651,-0.000025185488
2025-03-17,0.999955726652,-0.000044273660,0.999955726652,-0.000044273660
2025-03-18,0.999973277612,-0.000026722590,0.999973277612,-0.000026722590
2025-03-19,0.999952375954,-0.000047624629,0.999952375954,-0.000047624629
2025-03-20,0.999974765835,-0.000025234351,0.999974765835,-0.000025234351
2025-03-21,0.999965008970,-0.000034991387,0.999965008970,-0.000034991387
2025-03-22,0.999980355280,-0.000019644724,0.999980355280,-0.000019644724
2025-03-23,0.999981066746,-0.000018933329,0.999981066746,-0.000018933329
2025-03-24,0.999986827869,-0.000013171982,0.999986827869,-0.000013171982
2025-03-25,1.000009165161,0.000009165199,1.000009165161,0.000009165199
2025-03-26,1.000014077966,0.000014077975,1.000014077966,0.000014077975
2025-03-27,0.999978590420,-0.000021409288,0.999978590420,-0.000021409288
2025-03-28,0.999959507350,-0.000040492812,0.999959507350,-0.000040492812
2025-03-29,0.999929448966,-0.000070552538,0.999929448966,-0.000070552538
2025-03-30,0.999976540957,-0.000023459113,0.999976540957,-0.000023459113
2025-03-31,0.999953975899,-0.000046024713,0.999953975899,-0.000046024713
2025-04-01,0.999954348274,-0.000045652415,0.999954348274,-0.000045652415
2025-04-02,0.999992742282,-0.000007257608,0.999992742282,-0.000007257608
2025-04-03,0.999923860544,-0.000076141378,0.999923860544,-0.000076141378
2025-04-04,0.999925292651,-0.000074709129,0.999925292651,-0.000074709129
2025-04-05,0.999928152337,-0.000071849009,0.999928152337,-0.000071849009
2025-04-06,0.999978183333,-0.000021816625,0.999978183333,-0.000021816625
2025-04-07,0.999942567408,-0.000057433678,0.999942567408,-0.000057433678
2025-04-08,0.999963139112,-0.000036861339,0.999963139112,-0.000036861339
2025-04-09,0.999951553808,-0.000048446526,0.999951553808,-0.000048446526
2025-04-10,0.999936232602,-0.000063768426,0.999936232602,-0.000063768426
2025-04-11,0.999996089688,-0.000003910092,0.999996089688,-0.000003910092
2025-04-12,0.999935177147,-0.000064824231,0.999935177147,-0.000064824231
2025-04-13,0.999897888203,-0.000102115163,0.999897888203,-0.000102115163
2025-04-14,0.999921993776,-0.000078008072,0.999921993776,-0.000078008072
2025-04-15,0.999971671860,-0.000028328039,0.999971671860,-0.000028328039
2025-04-16,0.999950007174,-0.000049993514,0.999950007174,-0.000049993514
2025-04-17,0.999953605517,-0.000046395111,0.999953605517,-0.000046395111
2025-04-18,0.999947662769,-0.000052337995,0.999947662769,-0.000052337995
2025-04-19,0.999969089062,-0.000030910941,0.999969089062,-0.000030910941
2025-04-20,1.000016044969,0.000016044902,1.000016044969,0.000016044902
2025-04-21,0.999946188196,-0.000053812677,0.999946188196,-0.000053812677
2025-04-22,1.000000394488,0.000000400000,1.000000394488,0.000000400000
2025-04-23,0.999954279803,-0.000045720000,0.999954279803,-0.000045720000
2025-04-24,0.999996258059,-0.000003740000,0.999996258059,-0.000003740000
2025-04-25,1.000014739951,0.000014740000,1.000014739951,0.000014740000
2025-04-26,1.000100039126,0.000100039999,1.000100039126,0.000100039999
2025-04-27,1.000025810190,0.000025810000,1.000025810190,0.000025810000
2025-04-28,1.000052019649,0.000052020000,1.000052019649,0.000052020000
2025-04-29,0.999990549921,-0.000009450000,0.999990549921,-0.000009450000
2025-04-30,1.000060389328,0.000060390000,1.000060389328,0.000060390000
2025-05-01,0.999987534580,-0.000012460000,0.999987534580,-0.000012460000
2025-05-02,1.000303060256,0.000303029998,1.000303060256,0.000303029998
2025-05-03,1.000042378505,0.000042380000,1.000042378505,0.000042380000
2025-05-04,0.999926561468,-0.000073440000,0.999926561468,-0.000073440000
2025-05-05,1.000010148849,0.000010150000,1.000010148849,0.000010150000
2025-05-06,0.999928251364,-0.000071750000,0.999928251364,-0.000071750000
2025-05-07,0.999974870155,-0.000025130000,0.999974870155,-0.000025130000
2025-05-08,0.999873465036,-0.000126539999,0.999873465036,-0.000126539999
2025-05-09,0.999756238757,-0.000243779999,0.999756238757,-0.000243779999
2025-05-10,0.999760878026,-0.000239139999,0.999760878026,-0.000239139999
2025-05-11,0.999758518301,-0.000241499999,0.999758518301,-0.000241499999
2025-05-12,0.999832457781,-0.000167549999,0.999832457781,-0.000167549999
2025-05-13,0.999758989072,-0.000241029999,0.999758989072,-0.000241029999
2025-05-14,0.999785348859,-0.000214665000,0.999785348859,-0.000214665000
2025-05-15,0.999902472785,-0.000097530000,0.999902472785,-0.000097530000
2025-05-16,0.999831939134,-0.000168070000,0.999831939134,-0.000168070000
2025-05-17,0.999932421310,-0.000067580000,0.999932421310,-0.000067580000
2025-05-18,0.999773566624,-0.000226450000,0.999773566624,-0.000226450000
2025-05-19,0.999858606156,-0.000141400000,0.999858606156,-0.000141400000
2025-05-20,0.999832497915,-0.000167510000,0.999832497915,-0.000167510000
2025-05-21,0.999789684412,-0.000210330000,0.999789684412,-0.000210330000
2025-05-22,0.999700029999,-0.000300000000,0.999700029999,-0.000300000000
2025-05-23,0.999748061051,-0.000251960000,0.999748061051,-0.000251960000
2025-05-24,0.999840497976,-0.000159510000,0.999840497976,-0.000159510000
2025-05-25,0.999814430450,-0.000185580000,0.999814430450,-0.000185580000
2025-05-26,0.999728894283,-0.000271130000,0.999728894283,-0.000271130000
2025-05-27,0.999826089252,-0.000173920000,0.999826089252,-0.000173920000
2025-05-28,0.999892083617,-0.000107920000,0.999892083617,-0.000107920000
2025-05-29,0.999856235922,-0.000143770000,0.999856235922,-0.000143770000
2025-05-30,0.999861375792,-0.000138630000,0.999861375792,-0.000138630000
2025-05-31,0.999792563950,-0.000207450000,0.999792563950,-0.000207450000
2025-06-01,0.999941300586,-0.000058700000,0.999941300586,-0.000058700000
2025-06-02,0.999905821853,-0.000094180000,0.999905821853,-0.000094180000
2025-06-03,0.999844737969,-0.000155270000,0.999844737969,-0.000155270000
2025-06-04,0.999964380247,-0.000035620000,0.999964380247,-0.000035620000
2025-06-05,0.999918991540,-0.000081010000,0.999918991540,-0.000081010000
2025-06-06,1.000095163011,0.000095160000,1.000095163011,0.000095160000
2025-06-07,1.000057540735,0.000057540000,1.000057540735,0.000057540000
2025-06-08,0.999931808945,-0.000068190000,0.999931808945,-0.000068190000
2025-06-09,0.999950829698,-0.000049170000,0.999950829698,-0.000049170000
2025-06-10,0.999754629743,-0.000245390000,0.999754629743,-0.000245390000
2025-06-11,0.999738982608,-0.000261040000,0.999738982608,-0.000261040000
2025-06-12,0.999841657507,-0.000158350000,0.999841657507,-0.000158350000
2025-06-13,0.999982139250,-0.000017860000,0.999982139250,-0.000017860000
2025-06-14,0.999930491416,-0.000069510000,0.999930491416,-0.000069510000
2025-06-15,0.999948327853,-0.000051670000,0.999948327853,-0.000051670000
2025-06-16,0.999912012152,-0.000087990000,0.999912012152,-0.000087990000
2025-06-17,0.999901662752,-0.000098340000,0.999901662752,-0.000098340000
2025-06-18,0.999913650653,-0.000086350000,0.999913650653,-0.000086350000
2025-06-19,0.999961430402,-0.000038570000,0.999961430402,-0.000038570000
2025-06-20,0.999861735545,-0.000138270000,0.999861735545,-0.000138270000
2025-06-21,0.999866505166,-0.000133500000,0.999866505166,-0.000133500000
2025-06-22,0.999829728223,-0.000170280000,0.999829728223,-0.000170280000
2025-06-23,0.999989808406,-0.000010190000,0.999989808406,-0.000010190000
2025-06-24,0.999970900262,-0.000029100000,0.999970900262,-0.000029100000
2025-06-25,0.999994649087,-0.000005350000,0.999994649087,-0.000005350000
2025-06-26,0.999953720323,-0.000046280000,0.999953720323,-0.000046280000
2025-06-27,0.999936671262,-0.000063330000,0.999936671262,-0.000063330000
2025-06-28,0.999906741466,-0.000093260000,0.999906741466,-0.000093260000
2025-06-29,0.999833907280,-0.000166100000,0.999833907280,-0.000166100000
2025-06-30,0.999910342311,-0.000089660000,0.999910342311,-0.000089660000
2025-07-01,0.999935041054,-0.000064960000,0.999935041054,-0.000064960000
2025-07-02,0.999906602767,-0.000093400000,0.999906602767,-0.000093400000
2025-07-03,0.999865395975,-0.000134610000,0.999865395975,-0.000134610000
2025-07-04,0.999879644460,-0.000120360000,0.999879644460,-0.000120360000
2025-07-05,0.999918741976,-0.000081260000,0.999918741976,-0.000081260000
2025-07-06,0.999953660694,-0.000046340000,0.999953660694,-0.000046340000
2025-07-07,0.999899313288,-0.000100690000,0.999899313288,-0.000100690000
2025-07-08,0.999907632519,-0.000092370000,0.999907632519,-0.000092370000
2025-07-09,0.999892583810,-0.000107420000,0.999892583810,-0.000107420000
2025-07-10,0.999795702057,-0.000204310000,0.999795702057,-0.000204310000
2025-07-11,0.999700029999,-0.000300000000,0.999700029999,-0.000300000000
2025-07-12,0.999740912353,-0.000259110000,0.999740912353,-0.000259110000
2025-07-13,0.999700029999,-0.000300000000,0.999700029999,-0.000300000000
2025-07-14,0.999719516101,-0.000280510000,0.999719516101,-0.000280510000
2025-07-15,0.999719356133,-0.000280670000,0.999719356133,-0.000280670000
2025-07-16,0.999700029999,-0.000300000000,0.999700029999,-0.000300000000
2025-07-17,0.999700029999,-0.000300000000,0.999700029999,-0.000300000000
2025-07-18,0.999700029999,-0.000300000000,0.999700029999,-0.000300000000
2025-07-19,0.999700029999,-0.000300000000,0.999700029999,-0.000300000000
2025-07-20,0.999700029999,-0.000300000000,0.999700029999,-0.000300000000
2025-07-21,0.999700029999,-0.000300000000,0.999700029999,-0.000300000000
2025-07-22,0.999700029999,-0.000300000000,0.999700029999,-0.000300000000
2025-07-23,0.999645835897,-0.000354205000,0.999645835897,-0.000354205000
2025-07-24,0.999700029999,-0.000300000000,0.999700029999,-0.000300000000
2025-07-25,0.999770495053,-0.000229522500,0.999770495053,-0.000229522500
2025-07-26,0.999738897355,-0.000261125000,0.999738897355,-0.000261125000
2025-07-27,0.999724094869,-0.000275930196,0.999724094869,-0.000275930196
2025-07-28,0.999687375072,-0.000312657500,0.999687375072,-0.000312657500
2025-07-29,0.999756456857,-0.000243562810,0.999756456857,-0.000243562810
2025-07-30,0.999801759320,-0.000198253664,0.999801759320,-0.000198253664
2025-07-31,0.999825981088,-0.000174028661,0.999825981088,-0.000174028661
2025-08-01,0.999959773999,-0.000040225000,0.999959773999,-0.000040225000
2025-08-02,0.999877214180,-0.000122790000,0.999877214180,-0.000122790000
2025-08-03,0.999830399562,-0.000169610000,0.999830399562,-0.000169610000
2025-08-04,0.999898693405,-0.000101310000,0.999898693405,-0.000101310000
2025-08-05,0.999874470037,-0.000125535000,0.999874470037,-0.000125535000
2025-08-06,0.999802042419,-0.000197970000,0.999802042419,-0.000197970000
2025-08-07,0.999803992611,-0.000196020000,0.999803992611,-0.000196020000
2025-08-08,0.999865302611,-0.000134702985,0.999865302611,-0.000134702985
2025-08-09,0.999788188007,-0.000211826949,0.999788188007,-0.000211826949
2025-08-10,0.999767713395,-0.000232304568,0.999767713395,-0.000232304568
2025-08-11,0.999746202412,-0.000253818638,0.999746202412,-0.000253818638
2025-08-12,0.999812260973,-0.000187750661,0.999812260973,-0.000187750661
2025-08-13,0.999674498712,-0.000325536187,0.999674498712,-0.000325536187
2025-08-14,0.999699197195,-0.000300832500,0.999699197195,-0.000300832500
2025-08-15,0.999852804360,-0.000147202634,0.999852804360,-0.000147202634
2025-08-16,0.999836765237,-0.000163243522,0.999836765237,-0.000163243522
2025-08-17,0.999907805790,-0.000092196773,0.999907805790,-0.000092196773
2025-08-18,0.999895578391,-0.000104424985,0.999895578391,-0.000104424985
2025-08-19,0.999833318054,-0.000166691126,0.999833318054,-0.000166691126
2025-08-20,0.999891681952,-0.000108321320,0.999891681952,-0.000108321320
2025-08-21,0.999850558155,-0.000149449177,0.999850558155,-0.000149449177
2025-08-22,0.999827202866,-0.000172807047,0.999827202866,-0.000172807047
2025-08-23,0.999618827073,-0.000381220626,0.999618827073,-0.000381220626
2025-08-24,0.999718126218,-0.000281900000,0.999718126218,-0.000281900000
2025-08-25,0.999824872766,-0.000175137189,0.999824872766,-0.000175137189
2025-08-26,0.999915014727,-0.000084987425,0.999915014727,-0.000084987425
2025-08-27,0.999924140284,-0.000075861589,0.999924140284,-0.000075861589
2025-08-28,0.999821000431,-0.000179010096,0.999821000431,-0.000179010096
2025-08-29,0.999909329901,-0.000090672601,0.999909329901,-0.000090672601
2025-08-30,0.999855323602,-0.000144683371,0.999855323602,-0.000144683371
2025-08-31,0.999918139913,-0.000081861759,0.999918139913,-0.000081861759
2025-09-01,0.999916762208,-0.000083239902,0.999916762208,-0.000083239902
2025-09-02,0.999861194267,-0.000138812034,0.999861194267,-0.000138812034
2025-09-03,0.999946497283,-0.000053503595,0.999946497283,-0.000053503595
2025-09-04,0.999927455454,-0.000072546227,0.999927455454,-0.000072546227
2025-09-05,0.999887121080,-0.000112883028,0.999887121080,-0.000112883028
2025-09-06,0.999921195546,-0.000078806059,0.999921195546,-0.000078806059
2025-09-07,0.999878867778,-0.000121136860,0.999878867778,-0.000121136860
2025-09-08,0.999829863548,-0.000170145817,0.999829863548,-0.000170145817
2025-09-09,0.999772157861,-0.000227859031,0.999772157861,-0.000227859031
2025-09-10,0.999793135272,-0.000206878105,0.999793135272,-0.000206878105
2025-09-11,0.999877612802,-0.000122392141,0.999877612802,-0.000122392141
2025-09-12,0.999819249649,-0.000180760710,0.999819249649,-0.000180760710
2025-09-13,0.999806737899,-0.000193274503,0.999806737899,-0.000193274503
2025-09-14,0.999857833872,-0.000142172419,0.999857833872,-0.000142172419
2025-09-15,0.999842712245,-0.000157295980,0.999842712245,-0.000157295980
2025-09-16,0.999899332965,-0.000100670180,0.999899332965,-0.000100670180
2025-09-17,0.999789516944,-0.000210497696,0.999789516944,-0.000210497696
2025-09-18,0.999794383942,-0.000205629573,0.999794383942,-0.000205629573
2025-09-19,0.999931506390,-0.000068494942,0.999931506390,-0.000068494942
2025-09-20,0.999987271908,-0.000012728111,0.999987271908,-0.000012728111
2025-09-21,0.999982692427,-0.000017306520,0.999982692427,-0.000017306520
2025-09-22,0.999909835809,-0.000090166720,0.999909835809,-0.000090166720
2025-09-23,0.999867881944,-0.000132123807,0.999867881944,-0.000132123807
2025-09-24,0.999896718000,-0.000103285355,0.999896718000,-0.000103285355
2025-09-25,0.999927234165,-0.000072765371,0.999927234165,-0.000072765371
2025-09-26,0.999912097602,-0.000087904787,0.999912097602,-0.000087904787
2025-09-27,0.999929359413,-0.000070641642,0.999929359413,-0.000070641642
2025-09-28,0.999914806142,-0.000085196234,0.999914806142,-0.000085196234
2025-09-29,0.999931917420,-0.000068083086,0.999931917420,-0.000068083086
2025-09-30,0.999916848545,-0.000083153619,0.999916848545,-0.000083153619
2025-10-01,0.999918534717,-0.000081467193,0.999918534717,-0.000081467193
2025-10-02,0.999846455458,-0.000153552330,0.999846455458,-0.000153552330
2025-10-03,0.999731272571,-0.000268751210,0.999731272571,-0.000268751210
2025-10-04,0.999791697705,-0.000208316530,0.999791697705,-0.000208316530
2025-10-05,0.999785457939,-0.000214557391,0.999785457939,-0.000214557391
2025-10-06,0.999784508022,-0.000215507169,0.999784508022,-0.000215507169
2025-10-07,0.999782154208,-0.000217861602,0.999782154208,-0.000217861602
2025-10-08,0.999891478884,-0.000108524414,0.999891478884,-0.000108524414
2025-10-09,0.999936140049,-0.000063861291,0.999936140049,-0.000063861291
2025-10-10,0.999973353049,-0.000026646882,0.999973353049,-0.000026646882
2025-10-11,0.999882611582,-0.000117391673,0.999882611582,-0.000117391673
2025-10-12,1.000096205813,0.000096205688,1.000096205813,0.000096205688
2025-10-13,1.000079280482,0.000079279027,1.000079280482,0.000079279027
2025-10-14,1.000128264183,0.000128260447,1.000128264183,0.000128260447
2025-10-15,1.000036566776,0.000036569377,1.000036566776,0.000036569377
2025-10-16,1.000037469418,0.000037468959,1.000037469418,0.000037468959
2025-10-17,1.000021934583,0.000021935084,1.000021934583,0.000021935084
2025-10-18,1.000081895930,0.000081893750,1.000081895930,0.000081893750
2025-10-19,0.999984101238,-0.000015898706,0.999984101238,-0.000015898706
2025-10-20,1.000127737563,0.000127733703,1.000127737563,0.000127733703
2025-10-21,1.000005040630,0.000005041014,1.000005040630,0.000005041014
2025-10-22,0.999978809432,-0.000021189977,0.999978809432,-0.000021189977
2025-10-23,0.999916442958,-0.000083559054,0.999916442958,-0.000083559054
2025-10-24,1.000042268276,0.000042268397,1.000042268276,0.000042268397
2025-10-25,0.999983684553,-0.000016314775,0.999983684553,-0.000016314775
2025-10-26,0.999902576619,-0.000097425903,0.999902576619,-0.000097425903
2025-10-27,0.999796342050,-0.000203671661,0.999796342050,-0.000203671661
2025-10-28,0.999919567873,-0.000080434160,0.999919567873,-0.000080434160
2025-10-29,1.000095409050,0.000095409773,1.000095409050,0.000095409773
2025-10-30,1.000013856162,0.000013856377,1.000013856162,0.000013856377
2025-10-31,0.999977237217,-0.000022758885,0.999977237217,-0.000022758885
2025-11-01,0.999857801916,-0.000142204579,0.999857801916,-0.000142204579
2025-11-02,0.999844016947,-0.000155990958,0.999844016947,-0.000155990958
2025-11-03,0.999878969004,-0.000121035749,0.999878969004,-0.000121035749
2025-11-04,0.999874411384,-0.000125593706,0.999874411384,-0.000125593706
2025-11-05,0.999936784151,-0.000063217030,0.999936784151,-0.000063217030
2025-11-06,0.999905858665,-0.000094144139,0.999905858665,-0.000094144139
2025-11-07,0.999914755639,-0.000085246646,0.999914755639,-0.000085246646
2025-11-08,0.999929316156,-0.000070685356,0.999929316156,-0.000070685356
2025-11-09,0.999944206365,-0.000055794010,0.999944206365,-0.000055794010
2025-11-10,0.999897084242,-0.000102919199,0.999897084242,-0.000102919199
2025-11-11,0.999971527646,-0.000028472176,0.999971527646,-0.000028472176
2025-11-12,0.999956632093,-0.000043368376,0.999956632093,-0.000043368376
2025-11-13,0.999926686983,-0.000073314493,0.999926686983,-0.000073314493
2025-11-14,0.999890206573,-0.000109797444,0.999890206573,-0.000109797444
2025-11-15,0.999929764514,-0.000070237095,0.999929764514,-0.000070237095
2025-11-16,0.999928686443,-0.000071315233,0.999928686443,-0.000071315233
2025-11-17,0.999923020030,-0.000076981926,0.999923020030,-0.000076981926
2025-11-18,0.999931791247,-0.000068210196,0.999931791247,-0.000068210196
2025-11-19,0.999952597152,-0.000047403570,0.999952597152,-0.000047403570
2025-11-20,0.999933133858,-0.000066867555,0.999933133858,-0.000066867555
2025-11-21,0.999977100843,-0.000022899328,0.999977100843,-0.000022899328
2025-11-22,0.999973643351,-0.000026356850,0.999973643351,-0.000026356850
2025-11-23,0.999993849723,-0.000006150265,0.999993849723,-0.000006150265
2025-11-24,0.999999996127,-0.000000003873,0.999999996127,-0.000000003873
2025-11-25,1.000000004986,0.000000004986,1.000000004986,0.000000004986
2025-11-26,0.999999992886,-0.000000007114,0.999999992886,-0.000000007114
2025-11-27,0.999999996499,-0.000000003501,0.999999996499,-0.000000003501
2025-11-28,0.999999995202,-0.000000004798,0.999999995202,-0.000000004798
2025-11-29,0.999999998080,-0.000000001920,0.999999998080,-0.000000001920
2025-11-30,0.999999989324,-0.000000010676,0.999999989324,-0.000000010676
2025-12-01,0.999999993495,-0.000000006505,0.999999993495,-0.000000006505
2025-12-02,0.999999995551,-0.000000004449,0.999999995551,-0.000000004449
2025-12-03,0.999999998745,-0.000000001255,0.999999998745,-0.000000001255
2025-12-04,0.999999991338,-0.000000008662,0.999999991338,-0.000000008662
2025-12-05,0.999999991966,-0.000000008034,0.999999991966,-0.000000008034
2025-12-06,0.999999997007,-0.000000002993,0.999999997007,-0.000000002993
2025-12-07,0.999999991257,-0.000000008743,0.999999991257,-0.000000008743
2025-12-08,0.999999992575,-0.000000007425,0.999999992575,-0.000000007425
2025-12-09,0.999999989990,-0.000000010010,0.999999989990,-0.000000010010
2025-12-10,0.999999993699,-0.000000006301,0.999999993699,-0.000000006301
2025-12-11,0.999999994382,-0.000000005618,0.999999994382,-0.000000005618
2025-12-12,0.999999988157,-0.000000011843,0.999999988157,-0.000000011843
2025-12-13,0.999999990379,-0.000000009621,0.999999990379,-0.000000009621
2025-12-14,0.999999986834,-0.000000013166,0.999999986834,-0.000000013166
2025-12-15,0.999999998122,-0.000000001878,0.999999998122,-0.000000001878
2025-12-16,0.999999989807,-0.000000010193,0.999999989807,-0.000000010193
2025-12-17,0.999999983316,-0.000000016684,0.999999983316,-0.000000016684
2025-12-18,0.999999989166,-0.000000010834,0.999999989166,-0.000000010834
2025-12-19,0.999999979868,-0.000000020132,0.999999979868,-0.000000020132
2025-12-20,0.999999985464,-0.000000014536,0.999999985464,-0.000000014536
2025-12-21,0.999999982205,-0.000000017795,0.999999982205,-0.000000017795
2025-12-22,0.999999987706,-0.000000012294,0.999999987706,-0.000000012294
2025-12-23,0.999999992372,-0.000000007628,0.999999992372,-0.000000007628
2025-12-24,0.999999980744,-0.000000019256,0.999999980744,-0.000000019256
2025-12-25,0.999999982445,-0.000000017555,0.999999982445,-0.000000017555
2025-12-26,0.999999984358,-0.000000015642,0.999999984358,-0.000000015642
2025-12-27,0.999999991749,-0.000000008251,0.999999991749,-0.000000008251
2025-12-28,0.999999986271,-0.000000013729,0.999999986271,-0.000000013729
2025-12-29,0.999999980393,-0.000000019607,0.999999980393,-0.000000019607
2025-12-30,0.999999981868,-0.000000018132,0.999999981868,-0.000000018132
2025-12-31,0.999999993583,-0.000000006417,0.999999993583,-0.000000006417
2026-01-01,0.999999982853,-0.000000017147,0.999999982853,-0.000000017147
2026-01-02,0.999999988438,-0.000000011562,0.999999988438,-0.000000011562
2026-01-03,0.999999991231,-0.000000008769,0.999999991231,-0.000000008769
2026-01-04,0.999999984412,-0.000000015588,0.999999984412,-0.000000015588
2026-01-05,0.999999982747,-0.000000017253,0.999999982747,-0.000000017253
2026-01-06,0.999999996737,-0.000000003263,0.999999996737,-0.000000003263
2026-01-07,0.999999984625,-0.000000015375,0.999999984625,-0.000000015375
2026-01-08,0.999999980154,-0.000000019846,0.999999980154,-0.000000019846
2026-01-09,0.999999996317,-0.000000003683,0.999999996317,-0.000000003683
2026-01-10,0.999999984572,-0.000000015428,0.999999984572,-0.000000015428
2026-01-11,0.999999988089,-0.000000011911,0.999999988089,-0.000000011911
2026-01-12,0.999999992604,-0.000000007396,0.999999992604,-0.000000007396
2026-01-13,0.999999987736,-0.000000012264,0.999999987736,-0.000000012264
2026-01-14,0.999999994707,-0.000000005293,0.999999994707,-0.000000005293
2026-01-15,0.999999997703,-0.000000002297,0.999999997703,-0.000000002297
2026-01-16,0.999999986438,-0.000000013562,0.999999986438,-0.000000013562
2026-01-17,0.999999995415,-0.000000004585,0.999999995415,-0.000000004585
2026-01-18,0.999999984449,-0.000000015551,0.999999984449,-0.000000015551
2026-01-19,0.999999993753,-0.000000006247,0.999999993753,-0.000000006247
2026-01-20,0.999999982548,-0.000000017452,0.999999982548,-0.000000017452
2026-01-21,0.999999985417,-0.000000014583,0.999999985417,-0.000000014583
2026-01-22,0.999999983506,-0.000000016494,0.999999983506,-0.000000016494
2026-01-23,0.999999987800,-0.000000012200,0.999999987800,-0.000000012200
2026-01-24,0.999999988674,-0.000000011326,0.999999988674,-0.000000011326
2026-01-25,0.999999988703,-0.000000011297,0.999999988703,-0.000000011297
2026-01-26,0.999999990112,-0.000000009888,0.999999990112,-0.000000009888
2026-01-27,0.999999985944,-0.000000014056,0.999999985944,-0.000000014056
2026-01-28,0.999999987173,-0.000000012827,0.999999987173,-0.000000012827
2026-01-29,0.999999986503,-0.000000013497,0.999999986503,-0.000000013497
2026-01-30,0.999999994865,-0.000000005135,0.999999994865,-0.000000005135
2026-01-31,0.999999984342,-0.000000015658,0.999999984342,-0.000000015658
2026-02-01,0.999999998518,-0.000000001482,0.999999998518,-0.000000001482
2026-02-02,1.000000006862,0.000000006862,1.000000006862,0.000000006862
2026-02-03,1.000000000334,0.000000000334,1.000000000334,0.000000000334
2026-02-04,0.999999993454,-0.000000006546,0.999999993454,-0.000000006546
2026-02-05,0.999999996435,-0.000000003565,0.999999996435,-0.000000003565
2026-02-06,1.000000022716,0.000000022716,1.000000022716,0.000000022716
2026-02-07,1.000000020859,0.000000020859,1.000000020859,0.000000020859
2026-02-08,1.000000009330,0.000000009330,1.000000009330,0.000000009330
2026-02-09,1.000000004354,0.000000004354,1.000000004354,0.000000004354
2026-02-10,1.000000017725,0.000000017725,1.000000017725,0.000000017725
2026-02-11,1.000000006465,0.000000006465,1.000000006465,0.000000006465
2026-02-12,0.999999999692,-0.000000000308,0.999999999692,-0.000000000308
2026-02-13,0.999999995833,-0.000000004167,0.999999995833,-0.000000004167
2026-02-14,0.999999998917,-0.000000001083,0.999999998917,-0.000000001083
2026-02-15,0.999999999033,-0.000000000967,0.999999999033,-0.000000000967
2026-02-16,1.000000003736,0.000000003736,1.000000003736,0.000000003736
2026-02-17,0.999999989234,-0.000000010766,0.999999989234,-0.000000010766
2026-02-18,0.999999994726,-0.000000005274,0.999999994726,-0.000000005274
2026-02-19,1.000000003459,0.000000003459,1.000000003459,0.000000003459
2026-02-20,0.999999995264,-0.000000004736,0.999999995264,-0.000000004736
2026-02-21,0.999999991963,-0.000000008037,0.999999991963,-0.000000008037
2026-02-22,0.999999995464,-0.000000004536,0.999999995464,-0.000000004536
2026-02-23,1.000000000095,0.000000000095,1.000000000095,0.000000000095
2026-02-24,0.999999996579,-0.000000003421,0.999999996579,-0.000000003421
2026-02-25,0.999999998863,-0.000000001137,0.999999998863,-0.000000001137
2026-02-26,0.999999999304,-0.000000000696,0.999999999304,-0.000000000696
2026-02-27,1.000000007716,0.000000007716,1.000000007716,0.000000007716
2026-02-28,1.000000003152,0.000000003152,1.000000003152,0.000000003152
2026-03-01,0.999999994611,-0.000000005389,0.999999994611,-0.000000005389
2026-03-02,1.000000002636,0.000000002636,1.000000002636,0.000000002636
2026-03-03,0.999999997842,-0.000000002158,0.999999997842,-0.000000002158
2026-03-04,0.999999998568,-0.000000001432,0.999999998568,-0.000000001432
2026-03-05,0.999999993124,-0.000000006876,0.999999993124,-0.000000006876
2026-03-06,1.000000002802,0.000000002802,1.000000002802,0.000000002802
2026-03-07,1.000000000058,0.000000000058,1.000000000058,0.000000000058
2026-03-08,1.000000006697,0.000000006697,1.000000006697,0.000000006697
2026-03-09,1.000000010883,0.000000010883,1.000000010883,0.000000010883
2026-03-10,0.999999999547,-0.000000000453,0.999999999547,-0.000000000453
2026-03-11,1.000000017476,0.000000017476,1.000000017476,0.000000017476
2026-03-12,1.000000016250,0.000000016250,1.000000016250,0.000000016250
2026-03-13,0.999999999340,-0.000000000660,0.999999999340,-0.000000000660
2026-03-14,1.000000007280,0.000000007280,1.000000007280,0.000000007280
2026-03-15,1.000000004490,0.000000004490,1.000000004490,0.000000004490
2026-03-16,0.999999990786,-0.000000009214,0.999999990786,-0.000000009214
2026-03-17,1.000000002783,0.000000002783,1.000000002783,0.000000002783
2026-03-18,1.000000007080,0.000000007080,1.000000007080,0.000000007080
2026-03-19,1.000000002196,0.000000002196,1.000000002196,0.000000002196
2026-03-20,0.999999999088,-0.000000000912,0.999999999088,-0.000000000912
2026-03-21,1.000000000899,0.000000000899,1.000000000899,0.000000000899
2026-03-22,1.000000008258,0.000000008258,1.000000008258,0.000000008258
2026-03-23,1.000000003777,0.000000003777,1.000000003777,0.000000003777
2026-03-24,0.999977143040,-0.000022857133,0.999977143040,-0.000022857133
2026-03-25,0.999983097064,-0.000016903017,0.999983097064,-0.000016903017
2026-03-26,0.999996404569,-0.000003595410,0.999996404569,-0.000003595410
2026-03-27,1.000019215847,0.000019215841,1.000019215847,0.000019215841
2026-03-28,1.000033086813,0.000033086534,1.000033086813,0.000033086534
2026-03-29,1.000002116745,0.000002116787,1.000002116745,0.000002116787
2026-03-30,0.999996767471,-0.000003232532,0.999996767471,-0.000003232532
2026-03-31,1.000009526607,0.000009526586,1.000009526607,0.000009526586
2026-04-01,1.000006950985,0.000006950988,1.000006950985,0.000006950988
2026-04-02,1.000006323123,0.000006323251,1.000006323123,0.000006323251
2026-04-03,1.000002250260,0.000002250260,1.000002250260,0.000002250260
2026-04-04,0.999980131519,-0.000019868604,0.999980131519,-0.000019868604
2026-04-05,0.999983090818,-0.000016909273,0.999983090818,-0.000016909273
2026-04-06,0.999972805211,-0.000027194983,0.999972805211,-0.000027194983
2026-04-07,0.999967663075,-0.000032337140,0.999967663075,-0.000032337140
2026-04-08,0.999965113683,-0.000034886678,0.999965113683,-0.000034886678
2026-04-09,0.999990683590,-0.000009316312,0.999990683590,-0.000009316312
2026-04-10,0.999997954323,-0.000002045629,0.999997954323,-0.000002045629
2026-04-11,1.000077084621,0.000077082645,1.000077084621,0.000077082645
2026-04-12,1.000046615848,0.000046615348,1.000046615848,0.000046615348
2026-04-13,1.000022383700,0.000022383666,1.000022383700,0.000022383666
2026-04-14,1.000038520795,0.000038520787,1.000038520795,0.000038520787
2026-04-15,1.000099343124,0.000099339929,1.000099343124,0.000099339929
2026-04-16,1.000039111364,0.000039110862,1.000039111364,0.000039110862
2026-04-17,1.000021716301,0.000021717500,1.000021716301,0.000021717500
2026-04-18,1.000106570364,0.000106566673,1.000106570364,0.000106566673
2026-04-19,1.000150373847,0.000150366514,1.000150373847,0.000150366514
2026-04-20,1.000057829533,0.000057828447,1.000057829533,0.000057828447
2026-04-21,1.000085773139,0.000085770765,1.000085773139,0.000085770765
2026-04-22,0.999997265118,-0.000002734679,0.999997265118,-0.000002734679
2026-04-23,1.000103619584,0.000103616169,1.000103619584,0.000103616169
2026-04-24,1.000084901227,0.000084899036,1.000084901227,0.000084899036
2026-04-25,1.000074406901,0.000074405319,1.000074406901,0.000074405319
2026-04-26,0.999996631721,-0.000003368283,0.999996631721,-0.000003368283
2026-04-27,1.000080565793,0.000080564302,1.000080565793,0.000080564302
2026-04-28,1.000010938959,0.000010939772,1.000010938959,0.000010939772
2026-04-29,0.999988356534,-0.000011643166,0.999988356534,-0.000011643166
2026-04-30,1.000045729177,0.000045728518,1.000045729177,0.000045728518
2026-05-01,1.000044392147,0.000044391516,1.000044392147,0.000044391516
2026-05-02,1.000043197901,0.000043197400,1.000043197901,0.000043197400
2026-05-03,0.999991012544,-0.000008987374,0.999991012544,-0.000008987374
2026-05-04,0.999994978036,-0.000005021606,0.999994978036,-0.000005021606
2026-05-05,1.000067477042,0.000067475925,1.000067477042,0.000067475925
2026-05-06,1.000110109470,0.000110105672,1.000110109470,0.000110105672
2026-05-07,1.000134385817,0.000134380000,1.000134385817,0.000134380000
2026-05-08,1.000040658045,0.000040658439,1.000040658045,0.000040658439
2026-05-09,0.999989456764,-0.000010542690,0.999989456764,-0.000010542690
2026-05-10,0.999934778286,-0.000065222783,0.999934778286,-0.000065222783
2026-05-11,0.999870555324,-0.000129450000,0.999870555324,-0.000129450000
2026-05-12,0.999937710432,-0.000062290474,0.999937710432,-0.000062290474
2026-05-13,0.999925646766,-0.000074354920,0.999925646766,-0.000074354920
2026-05-14,0.999942862781,-0.000057138296,0.999942862781,-0.000057138296
2026-05-15,1.000023919773,0.000023919813,1.000023919773,0.000023919813
2026-05-16,0.999954691638,-0.000045308843,0.999954691638,-0.000045308843
2026-05-17,0.999977108651,-0.000022891443,0.999977108651,-0.000022891443
2026-05-18,0.999948548062,-0.000051452446,0.999948548062,-0.000051452446
2026-05-19,0.999922874002,-0.000077127977,0.999922874002,-0.000077127977
2026-05-20,0.999910170488,-0.000089832051,0.999910170488,-0.000089832051
2026-05-21,0.999932467690,-0.000067533692,0.999932467690,-0.000067533692
2026-05-22,0.999968440002,-0.000031560155,0.999968440002,-0.000031560155
2026-05-23,0.999957553079,-0.000042447311,0.999957553079,-0.000042447311
2026-05-24,0.999897631337,-0.000102372099,0.999897631337,-0.000102372099
2026-05-25,0.999945485175,-0.000054515667,0.999945485175,-0.000054515667
2026-05-26,0.999916176466,-0.000083825777,0.999916176466,-0.000083825777
2026-05-27,0.999863209918,-0.000136796312,0.999863209918,-0.000136796312
2026-05-28,0.999881460650,-0.000118543848,0.999881460650,-0.000118543848
2026-05-29,0.999909749255,-0.000090253366,0.999909749255,-0.000090253366
2026-05-30,0.999941134016,-0.000058867107,0.999941134016,-0.000058867107
2026-05-31,0.999934299853,-0.000065701574,0.999934299853,-0.000065701574
2026-06-01,0.999917722975,-0.000082279140,0.999917722975,-0.000082279140
2026-06-02,0.999900590939,-0.000099412287,0.999900590939,-0.000099412287
2026-06-03,0.999937907302,-0.000062093938,0.999937907302,-0.000062093938
2026-06-04,0.999993639092,-0.000006360906,0.999993639092,-0.000006360906
2026-06-05,1.000001978807,0.000001978814,1.000001978807,0.000001978814
2026-06-06,0.999998120211,-0.000001879772,0.999998120211,-0.000001879772
2026-06-07,0.999999351144,-0.000000648825,0.999999351144,-0.000000648825
2026-06-08,0.999985630914,-0.000014369139,0.999985630914,-0.000014369139
2026-06-09,0.999995791720,-0.000004208264,0.999995791720,-0.000004208264
2026-06-10,1.000000966126,0.000000966162,1.000000966126,0.000000966162
2026-06-11,0.999991005403,-0.000008994608,0.999991005403,-0.000008994608
2026-06-12,0.999995991832,-0.000004008159,0.999995991832,-0.000004008159
2026-06-13,0.999987154913,-0.000012845109,0.999987154913,-0.000012845109
2026-06-14,1.000025128516,0.000025128308,1.000025128516,0.000025128308
2026-06-15,1.000005356262,0.000005356340,1.000005356262,0.000005356340
2026-06-16,1.000002611469,0.000002611468,1.000002611469,0.000002611468
2026-06-17,1.000014775409,0.000014775413,1.000014775409,0.000014775413
2026-06-18,0.999989077146,-0.000010922890,0.999989077146,-0.000010922890
2026-06-19,0.999978077553,-0.000021922589,0.999978077553,-0.000021922589
2026-06-20,0.999974871892,-0.000025128308,0.999974871892,-0.000025128308
2026-06-21,0.999983827971,-0.000016172103,0.999983827971,-0.000016172103
2026-06-22,0.999999994727,-0.000000005273,0.999999994727,-0.000000005273
2026-06-23,0.999999998444,-0.000000001556,0.999999998444,-0.000000001556
2026-06-24,0.999999998236,-0.000000001764,0.999999998236,-0.000000001764
2026-06-25,1.000000000673,0.000000000673,1.000000000673,0.000000000673
2026-06-26,0.999999992433,-0.000000007567,0.999999992433,-0.000000007567
2026-06-27,0.999999994571,-0.000000005429,0.999999994571,-0.000000005429
2026-06-28,0.999999995895,-0.000000004105,0.999999995895,-0.000000004105
2026-06-29,0.999999992146,-0.000000007854,0.999999992146,-0.000000007854
2026-06-30,0.999999992703,-0.000000007297,0.999999992703,-0.000000007297
2026-07-01,0.999999994090,-0.000000005910,0.999999994090,-0.000000005910
2026-07-02,0.999999992438,-0.000000007562,0.999999992438,-0.000000007562
2026-07-03,0.999999990296,-0.000000009704,0.999999990296,-0.000000009704
2026-07-04,0.999999987949,-0.000000012051,0.999999987949,-0.000000012051
2026-07-05,0.999999988957,-0.000000011043,0.999999988957,-0.000000011043
2026-07-06,0.999999990263,-0.000000009737,0.999999990263,-0.000000009737
2026-07-07,0.999999990755,-0.000000009245,0.999999990755,-0.000000009245
2026-07-08,0.999999994792,-0.000000005208,0.999999994792,-0.000000005208
2026-07-09,0.999999992770,-0.000000007230,0.999999992770,-0.000000007230
2026-07-10,0.999999989448,-0.000000010552,0.999999989448,-0.000000010552
2026-07-11,0.999999993828,-0.000000006172,0.999999993828,-0.000000006172
2026-07-12,0.999999992420,-0.000000007580,0.999999992420,-0.000000007580
2026-07-13,0.999999993305,-0.000000006695,0.999999993305,-0.000000006695
2026-07-14,0.999999992914,-0.000000007086,0.999999992914,-0.000000007086
2026-07-15,0.999999990002,-0.000000009998,0.999999990002,-0.000000009998
2026-07-16,0.999999993414,-0.000000006586,0.999999993414,-0.000000006586
2026-07-17,0.999999993785,-0.000000006215,0.999999993785,-0.000000006215
2026-07-18,0.999999994541,-0.000000005459,0.999999994541,-0.000000005459
2026-07-19,0.999999994871,-0.000000005129,0.999999994871,-0.000000005129
2026-07-20,0.999999993179,-0.000000006821,0.999999993179,-0.000000006821
2026-07-21,0.999999993370,-0.000000006630,0.999999993370,-0.000000006630
2026-07-22,0.999999995577,-0.000000004423,0.999999995577,-0.000000004423
2026-07-23,0.999999996572,-0.000000003428,0.999999996572,-0.000000003428
2026-07-24,0.999999992386,-0.000000007614,0.999999992386,-0.000000007614
2026-07-25,0.999999995001,-0.000000004999,0.999999995001,-0.000000004999
2026-07-26,0.999999993631,-0.000000006369,0.999999993631,-0.000000006369
2026-07-27,0.999999992790,-0.000000007210,0.999999992790,-0.000000007210
2026-07-28,0.999999995494,-0.000000004506,0.999999995494,-0.000000004506
2026-07-29,0.999999990326,-0.000000009674,0.999999990326,-0.000000009674
2026-07-30,0.999999989875,-0.000000010125,0.999999989875,-0.000000010125
2026-07-31,0.999999989752,-0.000000010248,0.999999989752,-0.000000010248
