date,PRICE_ONLY,BINANCE_ALL_PERP_PROXY,BINANCE_ALL_PERP_PROXY_COMPOUNDED_SENSITIVITY
2022-12-10,9999.1000001508,9999.1000001530,9999.1000001530
2022-12-11,9999.0999992969,9999.0999992905,9999.0999992905
2022-12-12,9999.1000018137,9999.1000017957,9999.1000017957
2022-12-13,9999.1000131245,9999.1000130548,9999.1000130548
2022-12-14,9999.1000136761,9999.1000135029,9999.1000135029
2022-12-15,9999.1000050275,9999.1000047675,9999.1000047675
2022-12-16,9999.0999906482,9999.0999903586,9999.0999903586
2022-12-17,9999.0999936401,9999.0999932832,9999.0999932832
2022-12-18,9999.0999928532,9999.0999924533,9999.0999924533
2022-12-19,9999.0999866906,9999.0999862408,9999.0999862408
2022-12-20,9999.0999962639,9999.0999957831,9999.0999957831
2022-12-21,9999.0999948180,9999.0999942713,9999.0999942713
2022-12-22,9999.0999947517,9999.0999941419,9999.0999941419
2022-12-23,9999.0999938722,9999.0999931627,9999.0999931627
2022-12-24,9999.0999950556,9999.0999942738,9999.0999942738
2022-12-25,9999.0999949735,9999.0999941729,9999.0999941729
2022-12-26,9999.0999967604,9999.0999959559,9999.0999959559
2022-12-27,9999.0999924215,9999.0999915766,9999.0999915766
2022-12-28,9999.0999891408,9999.0999882403,9999.0999882403
2022-12-29,9999.0999909351,9999.0999899362,9999.0999899362
2022-12-30,9999.0999903967,9999.0999893042,9999.0999893042
2022-12-31,9999.0999890462,9999.0999878502,9999.0999878502
2023-01-01,9999.0999905951,9999.0999893278,9999.0999893278
2023-01-02,9999.0999917589,9999.0999905025,9999.0999905025
2023-01-03,9999.0999918067,9999.0999904734,9999.0999904734
2023-01-04,9999.0999954269,9999.0999940425,9999.0999940425
2023-01-05,9999.0999950484,9999.0999936050,9999.0999936050
2023-01-06,9999.0999974806,9999.0999959653,9999.0999959653
2023-01-07,9999.0999973367,9999.0999957759,9999.0999957759
2023-01-08,9999.1000010842,9999.0999994437,9999.0999994437
2023-01-09,10011.7362293757,10011.4238479486,10011.4238479486
2023-01-10,10070.1307120085,10069.2243108704,10069.2243108704
2023-01-11,10205.2261839819,10204.0681027821,10204.0681027821
2023-01-12,10509.4236853338,10506.5135502909,10506.5135502909
2023-01-13,10942.0207558689,10938.1638104301,10938.1638104300
2023-01-14,11432.9924051110,11422.5762572182,11422.5762572182
2023-01-15,11393.2147300108,11377.9227280141,11377.9227280140
2023-01-16,11494.7805083772,11476.5760186883,11476.5760186883
2023-01-17,11448.6959070679,11427.9545093415,11427.9545093415
2023-01-18,11070.0462776360,11047.4678743941,11047.4678743941
2023-01-19,11335.7257464007,11310.3630446874,11310.3630446874
2023-01-20,12081.4618505359,12051.4356161504,12051.4356161504
2023-01-21,11975.5925037045,11942.1562198451,11942.1562198451
2023-01-22,11958.1325640017,11921.1679631427,11921.1679631427
2023-01-23,12008.8247981429,11968.0910417740,11968.0910417740
2023-01-24,11674.9004213817,11631.8090908160,11631.8090908159
2023-01-25,11889.8673459041,11842.4291463962,11842.4291463962
2023-01-26,11863.4230077242,11812.5458432283,11812.5458432283
2023-01-27,11896.6833753590,11842.1645883326,11842.1645883326
2023-01-28,11870.0998293158,11812.1585099841,11812.1585099841
2023-01-29,12241.1661227078,12177.7594650714,12177.7594650714
2023-01-30,11768.8132191508,11704.3412451379,11704.3412451379
2023-01-31,11922.9627264433,11854.0893516258,11854.0893516258
2023-02-01,12236.1958864049,12161.8638212598,12161.8638212598
2023-02-02,12110.5375884680,12033.3581389100,12033.3581389100
2023-02-03,12252.6243315082,12171.0855340976,12171.0855340976
2023-02-04,12213.8900787618,12129.5260504456,12129.5260504456
2023-02-05,12014.9568026916,11929.2823591249,11929.2823591250
2023-02-06,11910.1388509652,11822.5513543395,11822.5513543395
2023-02-07,12227.9815067399,12135.3257283628,12135.3257283629
2023-02-08,12073.0045864158,11978.8274829349,11978.8274829349
2023-02-09,11364.2089447445,11273.0240865018,11273.0240865018
2023-02-10,11249.2411793412,11156.7732842857,11156.7732842857
2023-02-11,11399.0991971704,11306.0160785796,11306.0160785796
2023-02-12,11356.4661342934,11264.1621328975,11264.1621328975
2023-02-13,11170.6041850760,11079.6873164182,11079.6873164182
2023-02-14,11405.4140662415,11311.7197846986,11311.7197846986
2023-02-15,12346.6889708568,12245.2570005963,12245.2570005964
2023-02-16,11963.9698493636,11862.0848387896,11862.0848387896
2023-02-17,12433.2717765783,12323.6923499673,12323.6923499673
2023-02-18,12440.6961328554,12327.3523272225,12327.3523272225
2023-02-19,12306.0889283537,12190.3136670597,12190.3136670597
2023-02-20,12536.8544971609,12415.1829017102,12415.1829017102
2023-02-21,12333.7486582901,12210.3843802695,12210.3843802695
2023-02-22,12197.5850147165,12071.9603566352,12071.9603566352
2023-02-23,12075.5143964204,11949.0989935584,11949.0989935584
2023-02-24,11694.7353768417,11570.5280248091,11570.5280248091
2023-02-25,11680.5011185077,11556.2432863577,11556.2432863577
2023-02-26,11881.1426238453,11752.7858870188,11752.7858870188
2023-02-27,11849.4862789840,11719.5767315156,11719.5767315156
2023-02-28,11672.6828691207,11543.4015072687,11543.4015072687
2023-03-01,11918.5289893591,11784.1457593357,11784.1457593357
2023-03-02,11835.9834056202,11699.5224269745,11699.5224269746
2023-03-03,11268.2791420273,11137.7560800805,11137.7560800805
2023-03-04,11258.7283351420,11127.5985836078,11127.5985836078
2023-03-05,11300.8832487890,11168.5785269993,11168.5785269993
2023-03-06,11290.6858608127,11156.8348659512,11156.8348659512
2023-03-07,11183.8551223427,11050.3667435199,11050.3667435199
2023-03-08,10935.7119637442,10803.3774279606,10803.3774279606
2023-03-09,10252.6770330645,10126.0595460754,10126.0595460755
2023-03-10,10160.6182530448,10036.0875475012,10036.0875475012
2023-03-11,10399.6801354428,10272.2484944087,10272.2484944087
2023-03-12,11174.2878896839,11036.8837143956,11036.8837143956
2023-03-13,12041.0531819973,11889.6604806781,11889.6604806781
2023-03-14,12313.1353493621,12151.6536330132,12151.6536330132
2023-03-15,12121.1045389432,11955.4133563524,11955.4133563524
2023-03-16,12477.0265961906,12302.7785139810,12302.7785139810
2023-03-17,13673.0578698678,13478.9640070967,13478.9640070967
2023-03-18,13429.6741027654,13235.0638447321,13235.0638447322
2023-03-19,13961.4110353296,13754.9680278833,13754.9680278833
2023-03-20,13833.7099225192,13625.1920805787,13625.1920805787
2023-03-21,14027.5924140471,13814.8169735264,13814.8169735265
2023-03-22,13601.1068324929,13394.0492963699,13394.0492963699
2023-03-23,14122.3924975583,13906.1254757824,13906.1254757825
2023-03-24,13702.6747855020,13488.7877769884,13488.7877769885
2023-03-25,13706.9071994653,13492.8992101417,13492.8992101418
2023-03-26,13959.0053472043,13741.0105907487,13741.0105907488
2023-03-27,13538.1896032235,13326.1112310349,13326.1112310349
2023-03-28,13606.1477972369,13392.0370629727,13392.0370629727
2023-03-29,14148.9399148583,13923.0607334629,13923.0607334629
2023-03-30,13989.1912430175,13763.9698945568,13763.9698945569
2023-03-31,14207.2154637200,13976.5765204128,13976.5765204128
2023-04-01,14200.9117622629,13966.3464832983,13966.3464832984
2023-04-02,14060.7330139478,13826.2798383554,13826.2798383554
2023-04-03,13875.1306813410,13642.9254307239,13642.9254307239
2023-04-04,14057.5387392586,13823.4753706382,13823.4753706382
2023-04-05,14059.8046778663,13823.4166472058,13823.4166472058
2023-04-06,13991.8315106903,13756.3022284777,13756.3022284777
2023-04-07,13928.2005606700,13693.6621519549,13693.6621519549
2023-04-08,13944.1968893872,13708.8508896061,13708.8508896061
2023-04-09,14136.5421362208,13898.0619458885,13898.0619458885
2023-04-10,14792.1570340767,14538.8117305818,14538.8117305818
2023-04-11,15073.1933140784,14810.5906356722,14810.5906356722
2023-04-12,14917.2977360814,14654.5494923079,14654.5494923079
2023-04-13,15159.7481760481,14889.5885267401,14889.5885267402
2023-04-14,15206.2098996138,14933.2348815302,14933.2348815302
2023-04-15,15120.4436242080,14847.0065865064,14847.0065865064
2023-04-16,15125.2150720250,14847.6607652963,14847.6607652964
2023-04-17,14739.9986851866,14465.3626496458,14465.3626496458
2023-04-18,15082.6636952084,14798.6130515624,14798.6130515624
2023-04-19,14289.2602392278,14017.8875327738,14017.8875327738
2023-04-20,14014.6356735805,13745.9839465196,13745.9839465197
2023-04-21,13527.9530098666,13265.1417304988,13265.1417304989
2023-04-22,13802.8554502212,13532.1391500948,13532.1391500948
2023-04-23,13690.5891064183,13421.0663162255,13421.0663162256
2023-04-24,13651.0564672547,13380.8395418635,13380.8395418635
2023-04-25,14042.9888178232,13762.2316173327,13762.2316173327
2023-04-26,14099.8042713720,13815.6959827680,13815.6959827680
2023-04-27,14624.5309597462,14328.1942067330,14328.1942067330
2023-04-28,14544.6072470552,14246.4024545725,14246.4024545725
2023-04-29,14504.2906042531,14204.8362924241,14204.8362924242
2023-04-30,14505.6601295963,14204.3718682888,14204.3718682888
2023-05-01,13927.6063076597,13638.7839023557,13638.7839023557
2023-05-02,14226.1231360876,13929.9530294285,13929.9530294285
2023-05-03,14402.9209186156,14100.2914123751,14100.2914123751
2023-05-04,14309.6344097319,14005.5602511385,14005.5602511385
2023-05-05,14640.8263265107,14326.5352116658,14326.5352116658
2023-05-06,14314.6163062701,14003.1260857064,14003.1260857064
2023-05-07,14107.1530649708,13798.1882413637,13798.1882413637
2023-05-08,13729.3873624269,13428.0207714793,13428.0207714794
2023-05-09,13709.2811425335,13406.7028294191,13406.7028294191
2023-05-10,13694.6331758194,13390.7270798939,13390.7270798939
2023-05-11,13381.9596234636,13083.1958941455,13083.1958941455
2023-05-12,13295.8135021482,12997.6265412715,12997.6265412715
2023-05-13,13286.0233807637,12986.7742242869,12986.7742242869
2023-05-14,13356.6531769047,13054.7307540114,13054.7307540114
2023-05-15,13477.9851830337,13172.9721757964,13172.9721757964
2023-05-16,13414.3221027689,13108.4391765329,13108.4391765329
2023-05-17,13598.7961740864,13286.0648478206,13286.0648478207
2023-05-18,13308.8488031502,12999.1004900561,12999.1004900562
2023-05-19,13338.1149642883,13026.2518693665,13026.2518693665
2023-05-20,13412.6937234470,13098.0740638104,13098.0740638104
2023-05-21,13271.4539576609,12958.6137603769,12958.6137603769
2023-05-22,13342.3676096028,13026.2307719661,13026.2307719662
2023-05-23,13569.1047195215,13244.2727059107,13244.2727059108
2023-05-24,13148.9320745357,12832.1418082508,12832.1418082508
2023-05-25,13205.9411995847,12885.5852197267,12885.5852197267
2023-05-26,13344.9854889113,13018.3331824213,13018.3331824214
2023-05-27,13389.7170569097,13059.9562929805,13059.9562929806
2023-05-28,13979.6717979932,13633.2577385571,13633.2577385572
2023-05-29,13839.0892586059,13492.1103695222,13492.1103695222
2023-05-30,13857.8235794011,13507.4386985126,13507.4386985126
2023-05-31,13638.4311477730,13291.7037046785,13291.7037046785
2023-06-01,13496.9573870602,13150.6966921672,13150.6966921673
2023-06-02,13766.5701369812,13410.2471291612,13410.2471291612
2023-06-03,13669.9858708276,13313.3803418464,13313.3803418465
2023-06-04,13674.1928260939,13314.7772729154,13314.7772729154
2023-06-05,13036.8316443968,12691.7885620987,12691.7885620987
2023-06-06,13684.2724548587,13322.2289927840,13322.2289927840
2023-06-07,13269.8189204126,12915.7266943821,12915.7266943822
2023-06-08,13358.8645769054,13000.3874217622,13000.3874217622
2023-06-09,13334.5492731391,12974.4830674050,12974.4830674051
2023-06-10,12852.4008035509,12503.5916971689,12503.5916971689
2023-06-11,12877.8872572532,12526.8807312254,12526.8807312255
2023-06-12,12835.3965793963,12483.3379453231,12483.3379453231
2023-06-13,12843.3768753336,12488.2663941875,12488.2663941875
2023-06-14,12444.4228480500,12099.2766266621,12099.2766266621
2023-06-15,12677.1106286905,12324.3257895627,12324.3257895628
2023-06-16,12887.3123080511,12528.3180061486,12528.3180061487
2023-06-17,12968.7072477226,12603.9902925921,12603.9902925922
2023-06-18,12882.1375887499,12517.5213117440,12517.5213117440
2023-06-19,13128.7991199263,12755.0166712346,12755.0166712347
2023-06-20,13844.5753781469,13450.2389450677,13450.2389450677
2023-06-21,14669.0424700814,14248.5372013029,14248.5372013030
2023-06-22,14615.7523338039,14192.6248022596,14192.6248022596
2023-06-23,15008.7311185067,14569.8552727551,14569.8552727551
2023-06-24,14929.9623813170,14489.0425503023,14489.0425503023
2023-06-25,14898.2876255532,14453.9664640323,14453.9664640323
2023-06-26,14803.0872923321,14357.2975890119,14357.2975890119
2023-06-27,15010.6580471670,14554.2505684831,14554.2505684831
2023-06-28,14709.8873484056,14259.2166917205,14259.2166917206
2023-06-29,14890.7813435890,14430.8343576027,14430.8343576027
2023-06-30,14902.8556044879,14438.2036310267,14438.2036310267
2023-07-01,14958.5566268353,14487.8210422757,14487.8210422757
2023-07-02,14973.7802650543,14498.2155597265,14498.2155597266
2023-07-03,15237.4528785948,14749.0886608791,14749.0886608792
2023-07-04,15046.8813303550,14560.2563209978,14560.2563209979
2023-07-05,14918.9010986654,14432.0848440271,14432.0848440272
2023-07-06,14620.8933095815,14141.0843204984,14141.0843204984
2023-07-07,14840.6020991813,14352.9714342605,14352.9714342605
2023-07-08,14811.2257911650,14323.4039113827,14323.4039113827
2023-07-09,14750.6246163181,14262.1342310771,14262.1342310771
2023-07-10,14873.3038844425,14379.9364491046,14379.9364491047
2023-07-11,14976.2603224855,14476.5490156945,14476.5490156946
2023-07-12,14857.8651190873,14359.4950288613,14359.4950288613
2023-07-13,15383.2007127953,14866.3898187041,14866.3898187041
2023-07-14,15291.3722807674,14771.1869242704,14771.1869242705
2023-07-15,15512.1747053971,14982.3295072611,14982.3295072612
2023-07-16,15486.1452681812,14953.8727854433,14953.8727854433
2023-07-17,15286.9919603205,14758.2195380122,14758.2195380122
2023-07-18,14856.9075162583,14339.6104780666,14339.6104780667
2023-07-19,15093.3254496493,14563.9428007905,14563.9428007905
2023-07-20,14799.0119414596,14276.7377758473,14276.7377758474
2023-07-21,14859.2554278211,14333.6763942599,14333.6763942600
2023-07-22,14546.9596385334,14030.6435579815,14030.6435579815
2023-07-23,14688.8873459908,14164.1968391142,14164.1968391142
2023-07-24,14055.0882176343,13549.7394995980,13549.7394995980
2023-07-25,14037.6410639886,13530.9293975404,13530.9293975404
2023-07-26,14640.2774610225,14109.0630584966,14109.0630584967
2023-07-27,14587.7030713347,14056.7541259200,14056.7541259200
2023-07-28,14529.1403702772,13996.7497915580,13996.7497915580
2023-07-29,14641.1873559943,14101.1191897953,14101.1191897953
2023-07-30,14355.6996750909,13822.8939495736,13822.8939495737
2023-07-31,14189.8104518964,13661.1568622862,13661.1568622862
2023-08-01,14400.4660903955,13860.6385749769,13860.6385749770
2023-08-02,14004.9842813222,13477.5400954777,13477.5400954778
2023-08-03,13855.5731882873,13331.4597075063,13331.4597075064
2023-08-04,13810.8427705569,13284.6854791726,13284.6854791726
2023-08-05,13790.9855858022,13262.3772941740,13262.3772941741
2023-08-06,13798.7130951107,13265.8280636534,13265.8280636535
2023-08-07,13797.1113051609,13260.6492721709,13260.6492721709
2023-08-08,14257.4296143345,13699.4870368028,13699.4870368029
2023-08-09,14259.4019413823,13698.4423429093,13698.4423429093
2023-08-10,14299.1619533571,13732.6359488125,13732.6359488126
2023-08-11,14291.9482328927,13722.1299806250,13722.1299806250
2023-08-12,14377.1263377306,13799.8192441885,13799.8192441886
2023-08-13,14150.0338217761,13578.6366515839,13578.6366515839
2023-08-14,14458.1123777937,13870.7906269652,13870.7906269652
2023-08-15,14033.9077296360,13459.9661780505,13459.9661780506
2023-08-16,13604.0020580117,13043.9953268202,13043.9953268202
2023-08-17,12759.3788440921,12231.5053604942,12231.5053604943
2023-08-18,12528.6806948901,12010.8584036925,12010.8584036925
2023-08-19,12538.5594924297,12020.7692793797,12020.7692793797
2023-08-20,12565.4832677669,12047.1534164262,12047.1534164262
2023-08-21,12548.5268033458,12031.1320194385,12031.1320194386
2023-08-22,12529.9973419004,12013.3134883073,12013.3134883073
2023-08-23,12628.5461675642,12107.6032229074,12107.6032229074
2023-08-24,12562.8780262910,12044.3436192144,12044.3436192144
2023-08-25,12531.5427014637,12013.8205788623,12013.8205788624
2023-08-26,12521.1918688001,12003.2389538868,12003.2389538869
2023-08-27,12540.9962585018,12021.9130357417,12021.9130357417
2023-08-28,12545.2668249934,12025.5053377136,12025.5053377136
2023-08-29,12919.0922759131,12384.2257248420,12384.2257248420
2023-08-30,12531.1959627241,12010.2567265425,12010.2567265426
2023-08-31,12190.6799659559,11682.7680783300,11682.7680783300
2023-09-01,12161.1647979428,11653.6983880068,11653.6983880068
2023-09-02,12174.9723911660,11666.6690670838,11666.6690670838
2023-09-03,12196.7273341460,11687.0926796940,11687.0926796941
2023-09-04,12165.7356590507,11657.2317217083,11657.2317217084
2023-09-05,12158.4730285301,11649.9870263158,11649.9870263158
2023-09-06,12151.5844355760,11643.3278326740,11643.3278326740
2023-09-07,12271.4452865509,11757.2893116509,11757.2893116509
2023-09-08,12177.6177134449,11667.5760328275,11667.5760328275
2023-09-09,12175.1934225175,11665.5247608789,11665.5247608790
2023-09-10,12158.8291466378,11649.4514363486,11649.4514363486
2023-09-11,11973.4350265932,11471.6004370136,11471.6004370136
2023-09-12,12115.9054258295,11607.8595364603,11607.8595364604
2023-09-13,12204.1497568723,11692.0161525020,11692.0161525020
2023-09-14,12273.3623582274,11758.3742655037,11758.3742655038
2023-09-15,12293.0333090768,11776.9447081393,11776.9447081393
2023-09-16,12271.7007816357,11757.5496570186,11757.5496570187
2023-09-17,12256.8414903359,11742.9972724232,11742.9972724232
2023-09-18,12320.8105318715,11804.7680575738,11804.7680575738
2023-09-19,12446.7769910252,11925.5503822853,11925.5503822853
2023-09-20,12405.3562272931,11886.7416060472,11886.7416060472
2023-09-21,12150.6542706549,11641.3251365860,11641.3251365861
2023-09-22,12156.1697946097,11646.2474874549,11646.2474874550
2023-09-23,12154.2581121777,11643.4331045424,11643.4331045425
2023-09-24,12004.4425784216,11499.1992589973,11499.1992589974
2023-09-25,12017.9057005920,11511.2435753227,11511.2435753228
2023-09-26,11994.6621261900,11488.9446925798,11488.9446925798
2023-09-27,12037.0189392251,11528.4294683220,11528.4294683221
2023-09-28,12190.9971665397,11676.2455637005,11676.2455637006
2023-09-29,12136.4579596490,11624.7049204865,11624.7049204866
2023-09-30,12161.5364903301,11648.2563043091,11648.2563043092
2023-10-01,12626.1252921952,12093.5498915083,12093.5498915083
2023-10-02,12375.2481518102,11852.2400384967,11852.2400384968
2023-10-03,12420.8301344839,11896.3538451519,11896.3538451520
2023-10-04,12376.8795128518,11855.7070479910,11855.7070479911
2023-10-05,12179.8106595253,11670.5408168894,11670.5408168895
2023-10-06,12485.9744154291,11964.6743632424,11964.6743632425
2023-10-07,12462.3570632287,11942.5732713717,11942.5732713718
2023-10-08,12432.1316773902,11914.0803127882,11914.0803127883
2023-10-09,12059.5093511750,11557.3097516395,11557.3097516396
2023-10-10,12018.5282282227,11519.7707623952,11519.7707623952
2023-10-11,11878.4484633482,11385.4851500744,11385.4851500744
2023-10-12,11655.8532123488,11171.2708085447,11171.2708085448
2023-10-13,11831.5146501377,11340.3550191398,11340.3550191398
2023-10-14,11872.7569611505,11382.6980617585,11382.6980617586
2023-10-15,11920.5597997880,11428.5262358509,11428.5262358510
2023-10-16,12765.1511655647,12239.4833775620,12239.4833775621
2023-10-17,12736.3362544244,12212.5657879354,12212.5657879355
2023-10-18,12583.5929950756,12065.4364567955,12065.4364567956
2023-10-19,13076.7250813420,12540.7702658067,12540.7702658067
2023-10-20,13845.0266137853,13282.0252250322,13282.0252250323
2023-10-21,14487.6818163670,13898.7720579354,13898.7720579355
2023-10-22,14440.9946230428,13854.0262017892,13854.0262017893
2023-10-23,15885.2988227715,15238.0939295500,15238.0939295501
2023-10-24,15664.0743789321,15021.3753824602,15021.3753824603
2023-10-25,16385.7266015941,15708.7045673814,15708.7045673815
2023-10-26,16387.2764004934,15705.8728572671,15705.8728572671
2023-10-27,16064.9476821813,15392.3283501455,15392.3283501456
2023-10-28,16084.4212272948,15406.3637288256,15406.3637288257
2023-10-29,16494.5141647147,15794.4294447648,15794.4294447648
2023-10-30,17012.3486656949,16285.4494620661,16285.4494620662
2023-10-31,17895.4101077873,17126.0938123321,17126.0938123322
2023-11-01,18738.1047011589,17933.4140152133,17933.4140152134
2023-11-02,18401.7198469650,17606.1919856176,17606.1919856177
2023-11-03,18164.1316117227,17373.6618267076,17373.6618267077
2023-11-04,18935.9036892044,18106.4147842969,18106.4147842969
2023-11-05,18641.0580955860,17819.1381170624,17819.1381170625
2023-11-06,18878.9314680165,18040.6329071533,18040.6329071533
2023-11-07,19146.4181912333,18289.7862617585,18289.7862617586
2023-11-08,19252.0277844877,18384.4974243818,18384.4974243819
2023-11-09,20024.9512400551,19114.1676648872,19114.1676648872
2023-11-10,22704.6159380877,21664.5243206230,21664.5243206231
2023-11-11,22586.2757828570,21541.7027846443,21541.7027846444
2023-11-12,22554.2145675232,21494.8979551456,21494.8979551457
2023-11-13,21433.5387371964,20410.7679861219,20410.7679861220
2023-11-14,22247.6318479682,21171.9488818215,21171.9488818216
2023-11-15,24657.3447184887,23455.7799263178,23455.7799263179
2023-11-16,22667.7767265597,21550.8964719985,21550.8964719986
2023-11-17,22948.1607508587,21810.9209095620,21810.9209095621
2023-11-18,22943.6068970573,21800.0514074151,21800.0514074152
2023-11-19,23689.5720572651,22502.0841892774,22502.0841892775
2023-11-20,22839.5824657382,21688.1942913394,21688.1942913395
2023-11-21,21325.8021653877,20244.6520165774,20244.6520165775
2023-11-22,23043.1219788038,21868.3473768949,21868.3473768950
2023-11-23,22797.8177369789,21629.0591158417,21629.0591158418
2023-11-24,22996.5729404298,21811.0802528001,21811.0802528002
2023-11-25,23413.3838456991,22199.7429504488,22199.7429504489
2023-11-26,23061.3442238163,21859.3922957362,21859.3922957363
2023-11-27,22495.5776756027,21316.7170752301,21316.7170752302
2023-11-28,23306.9496825151,22078.9448507956,22078.9448507957
2023-11-29,23544.3112107619,22297.1097200885,22297.1097200886
2023-11-30,23501.6870821228,22250.0671439779,22250.0671439781
2023-12-01,23889.4458417333,22610.3907169421,22610.3907169422
2023-12-02,24908.1976368126,23565.6833195933,23565.6833195934
2023-12-03,24939.9281086940,23586.4263452482,23586.4263452484
2023-12-04,25304.4180304588,23918.7103926802,23918.7103926803
2023-12-05,25806.5968675430,24386.0718838099,24386.0718838100
2023-12-06,25889.0229642620,24450.1467443686,24450.1467443687
2023-12-07,26976.9304709309,25466.5253641016,25466.5253641017
2023-12-08,28690.4670571281,27062.5723022106,27062.5723022107
2023-12-09,28036.5658932616,26427.2032958523,26427.2032958524
2023-12-10,28559.2076155426,26899.8254705716,26899.8254705718
2023-12-11,26851.0403249657,25280.5464515094,25280.5464515095
2023-12-12,26613.4848220156,25047.2569568938,25047.2569568939
2023-12-13,27446.8088209664,25823.1870914475,25823.1870914477
2023-12-14,28479.1582451136,26786.4301329867,26786.4301329869
2023-12-15,27524.5976681329,25876.1877996499,25876.1877996500
2023-12-16,27865.0767857994,26188.4180000615,26188.4180000616
2023-12-17,27028.7428783956,25394.7868580268,25394.7868580270
2023-12-18,28124.8214265033,26415.4937256990,26415.4937256991
2023-12-19,27730.6320511117,26037.4060309312,26037.4060309314
2023-12-20,29936.7854624890,28094.5866276643,28094.5866276644
2023-12-21,32120.4285901405,30126.4808010497,30126.4808010499
2023-12-22,32854.5422942361,30790.4971286390,30790.4971286392
2023-12-23,34429.4416116688,32253.5432622342,32253.5432622344
2023-12-24,34878.7534543991,32654.3269483548,32654.3269483550
2023-12-25,36427.9310691165,34077.4990231628,34077.4990231629
2023-12-26,34713.4679666197,32448.7645989898,32448.7645989899
2023-12-27,34228.1081071751,31960.4127096814,31960.4127096816
2023-12-28,33069.1971416117,30828.0170818622,30828.0170818624
2023-12-29,33585.9888383698,31264.7630522036,31264.7630522037
2023-12-30,32939.8726437119,30630.1857131700,30630.1857131702
2023-12-31,32966.7863173992,30620.8794672188,30620.8794672189
2024-01-01,35033.0542141425,32506.7538608060,32506.7538608062
2024-01-02,34830.4993947755,32261.3328155952,32261.3328155954
2024-01-03,32676.5423909510,30250.5140986760,30250.5140986761
2024-01-04,34234.2118167964,31683.0295313415,31683.0295313416
2024-01-05,33420.9848393126,30921.1271947732,30921.1271947734
2024-01-06,32322.4072338059,29895.7516225943,29895.7516225944
2024-01-07,31561.6890663046,29183.3888017782,29183.3888017783
2024-01-08,34136.4628808455,31554.6747539371,31554.6747539372
2024-01-09,34088.7986108898,31501.1631601931,31501.1631601932
2024-01-10,34742.7530744163,32095.8461291675,32095.8461291677
2024-01-11,34267.8817618861,31647.6571060244,31647.6571060245
2024-01-12,31618.5341744648,29192.1271637957,29192.1271637958
2024-01-13,32282.7770308401,29796.4552845743,29796.4552845744
2024-01-14,31260.3494248120,28844.1169911862,28844.1169911863
2024-01-15,31681.6704848697,29224.1035440148,29224.1035440149
2024-01-16,32555.4102521444,30021.0586533897,30021.0586533899
2024-01-17,32618.5045189309,30070.2183302782,30070.2183302784
2024-01-18,31171.5802450682,28727.7134479662,28727.7134479663
2024-01-19,31261.9987427851,28802.4006435998,28802.4006436000
2024-01-20,31082.0623816898,28628.0309957956,28628.0309957957
2024-01-21,30775.6891621441,28337.3440491278,28337.3440491279
2024-01-22,28833.6938798065,26541.2482819146,26541.2482819147
2024-01-23,29030.2680691905,26714.1778286977,26714.1778286979
2024-01-24,29859.0056988457,27468.5549723157,27468.5549723159
2024-01-25,29500.0822137072,27130.2254691724,27130.2254691725
2024-01-26,31098.8965828861,28592.3076093440,28592.3076093441
2024-01-27,31546.3678290486,28995.4085744687,28995.4085744688
2024-01-28,31797.2384964457,29219.2428955816,29219.2428955818
2024-01-29,33222.4247664625,30520.7803560775,30520.7803560776
2024-01-30,33037.9696154481,30343.8935499613,30343.8935499615
2024-01-31,32175.7417885472,29544.9053121344,29544.9053121345
2024-02-01,32506.8004140017,29841.0453385348,29841.0453385350
2024-02-02,33011.2620303840,30295.0477060306,30295.0477060307
2024-02-03,32509.1304808690,29826.1146597236,29826.1146597237
2024-02-04,31937.4545339806,29293.2472040041,29293.2472040043
2024-02-05,32013.0664526219,29353.7910633630,29353.7910633631
2024-02-06,32363.4652235887,29667.3176089170,29667.3176089172
2024-02-07,33544.5704105566,30742.1545858000,30742.1545858001
2024-02-08,34168.3520174989,31306.1327339184,31306.1327339186
2024-02-09,35558.9451648423,32573.2171091659,32573.2171091660
2024-02-10,36136.3394820049,33092.5246923465,33092.5246923466
2024-02-11,36087.1244356408,33037.5418535412,33037.5418535414
2024-02-12,37393.1582398502,34222.9388833320,34222.9388833322
2024-02-13,37452.3024275214,34266.0728425239,34266.0728425241
2024-02-14,38989.4037763021,35657.8702267710,35657.8702267711
2024-02-15,38443.0076607123,35145.5938520254,35145.5938520256
2024-02-16,37996.6029579271,34719.8749888383,34719.8749888384
2024-02-17,37578.3204977384,34316.3743981946,34316.3743981947
2024-02-18,38331.1414692204,34983.8984373038,34983.8984373040
2024-02-19,38501.5392426157,35118.9926898681,35118.9926898683
2024-02-20,38633.3176431229,35213.8823062582,35213.8823062583
2024-02-21,37940.9099547635,34567.4148828790,34567.4148828791
2024-02-22,37885.3399786973,34529.7579672961,34529.7579672962
2024-02-23,37318.8614381267,34019.4160575767,34019.4160575769
2024-02-24,38043.6150659932,34690.3701244641,34690.3701244643
2024-02-25,38860.1166555192,35439.5726684918,35439.5726684920
2024-02-26,40230.5323428781,36669.9205018984,36669.9205018986
2024-02-27,41057.0116218434,37393.7734186011,37393.7734186013
2024-02-28,43913.7795099220,39948.4747458386,39948.4747458388
2024-02-29,44660.9221281189,40532.3629277968,40532.3629277970
2024-03-01,45786.3501192197,41480.5360070031,41480.5360070033
2024-03-02,45669.6556881022,41303.8949108707,41303.8949108709
2024-03-03,46317.0910336815,41831.0428084602,41831.0428084603
2024-03-04,48450.4923930942,43688.8707415708,43688.8707415710
2024-03-05,45375.1637656549,40808.3598507844,40808.3598507846
2024-03-06,47945.8150752956,43076.9203837936,43076.9203837938
2024-03-07,49629.2581083493,44532.5461473443,44532.5461473445
2024-03-08,50053.9375217029,44844.8107400869,44844.8107400871
2024-03-09,50161.5208702994,44894.8963479564,44894.8963479566
2024-03-10,50137.0413576653,44811.8197620720,44811.8197620722
2024-03-11,51422.5339956839,45899.0258288484,45899.0258288486
2024-03-12,51868.7468162095,46229.7675190610,46229.7675190612
2024-03-13,56127.2739556576,49941.1102538220,49941.1102538222
2024-03-14,56530.6535519530,50234.3791382009,50234.3791382011
2024-03-15,57441.0972899301,51004.0763138586,51004.0763138588
2024-03-16,54567.3612528069,48426.6363522116,48426.6363522118
2024-03-17,57568.1555259459,51067.3101954596,51067.3101954598
2024-03-18,56301.1189245857,49911.6481515737,49911.6481515739
2024-03-19,50577.6683626835,44809.3821329218,44809.3821329219
2024-03-20,56016.7813753017,49604.3431890818,49604.3431890820
2024-03-21,53910.1814953276,47717.4017369056,47717.4017369058
2024-03-22,52902.1415615087,46806.1159053015,46806.1159053017
2024-03-23,52650.3718700040,46566.2842947419,46566.2842947421
2024-03-24,55285.5662349039,48873.7913032604,48873.7913032607
2024-03-25,57171.7037189245,50507.2142994314,50507.2142994316
2024-03-26,57201.9823489113,50491.9386850114,50491.9386850116
2024-03-27,56448.1984756272,49776.6353908646,49776.6353908648
2024-03-28,57447.6906918367,50605.8033039254,50605.8033039256
2024-03-29,58114.4717795804,51143.1191928943,51143.1191928945
2024-03-30,57977.2568937817,50980.9513659900,50980.9513659902
2024-03-31,59549.9434080471,52319.8518482110,52319.8518482112
2024-04-01,57195.7976698387,50198.8998570425,50198.8998570427
2024-04-02,54099.6633816455,47460.7993909773,47460.7993909775
2024-04-03,54879.6066667596,48125.9936096575,48125.9936096577
2024-04-04,56197.1722555507,49266.6559284854,49266.6559284856
2024-04-05,54764.0150664143,48011.6604513821,48011.6604513823
2024-04-06,55765.2094218356,48892.5771283023,48892.5771283025
2024-04-07,55971.5959998266,49080.0442484894,49080.0442484896
2024-04-08,56887.4649054322,49869.2383253899,49869.2383253901
2024-04-09,55048.1008004807,48234.9844566284,48234.9844566286
2024-04-10,56335.2719479815,49334.4065799455,49334.4065799457
2024-04-11,55906.0111310670,48926.4649846984,48926.4649846986
2024-04-12,52699.1365303386,46098.2845013103,46098.2845013105
2024-04-13,49280.8449872240,43118.4587030928,43118.4587030930
2024-04-14,51329.2442737838,44920.4011429245,44920.4011429247
2024-04-15,49105.4815621909,42982.0654988039,42982.0654988040
2024-04-16,48765.4858347504,42704.3850622118,42704.3850622120
2024-04-17,47314.5633067427,41431.7874668209,41431.7874668211
2024-04-18,49377.9548773624,43238.2992678048,43238.2992678049
2024-04-19,49599.2448231801,43431.3216921166,43431.3216921167
2024-04-20,51063.6138741310,44708.4273258595,44708.4273258596
2024-04-21,51095.2536941359,44734.8703364923,44734.8703364925
2024-04-22,52981.1227383146,46383.1546179049,46383.1546179051
2024-04-23,52703.9495953921,46143.1304923473,46143.1304923475
2024-04-24,51376.2205415003,44989.2800679502,44989.2800679504
2024-04-25,51387.0450873941,45001.0290748930,45001.0290748932
2024-04-26,50387.7496349896,44140.8839752147,44140.8839752148
2024-04-27,50340.8265800254,44108.6278204910,44108.6278204912
2024-04-28,50062.3949600768,43887.1588462468,43887.1588462470
2024-04-29,50253.5222163396,44075.0247275359,44075.0247275361
2024-04-30,47845.6449090892,41968.0859299598,41968.0859299599
2024-05-01,46479.2805314729,40767.0113545761,40767.0113545763
2024-05-02,46930.5596372558,41164.3281984366,41164.3281984368
2024-05-03,49587.2948347391,43498.7212868653,43498.7212868655
2024-05-04,50160.4756457344,44003.8577447428,44003.8577447430
2024-05-05,50328.8039261953,44162.7992785590,44162.7992785592
2024-05-06,50316.2522525260,44153.1023979949,44153.1023979950
2024-05-07,49352.6316946525,43303.8237099752,43303.8237099754
2024-05-08,48707.8617883827,42730.7677948843,42730.7677948845
2024-05-09,50367.3733203942,44180.8587821804,44180.8587821806
2024-05-10,48694.1989521747,42712.4805211391,42712.4805211393
2024-05-11,48806.3917240811,42805.9164306776,42805.9164306778
2024-05-12,49040.6321943567,43006.8026384599,43006.8026384600
2024-05-13,49891.6915912788,43751.3479622245,43751.3479622247
2024-05-14,48442.7531932858,42490.8013038596,42490.8013038597
2024-05-15,51825.7698965567,45486.4863752011,45486.4863752013
2024-05-16,51220.3877546448,44958.8986401761,44958.8986401763
2024-05-17,52943.1135898150,46476.4808099237,46476.4808099239
2024-05-18,53089.0875278249,46601.2479661104,46601.2479661106
2024-05-19,52508.8315240389,46087.1616925614,46087.1616925616
2024-05-20,56432.6410569702,49526.9609832970,49526.9609832972
2024-05-21,55661.7406308966,48835.7773764298,48835.7773764300
2024-05-22,55090.6671064033,48316.6262740038,48316.6262740040
2024-05-23,54201.2017500597,47522.9038698170,47522.9038698172
2024-05-24,53822.0479315000,47179.7967450994,47179.7967450996
2024-05-25,54222.9333713457,47520.5146548593,47520.5146548595
2024-05-26,53501.8944314429,46877.0272698502,46877.0272698504
2024-05-27,54169.2089066003,47446.4823896306,47446.4823896307
2024-05-28,53541.8348685792,46884.0819513400,46884.0819513402
2024-05-29,52851.0513052509,46263.9156313655,46263.9156313656
2024-05-30,53048.6944592112,46423.2943329682,46423.2943329684
2024-05-31,52747.0352163408,46145.8027955166,46145.8027955168
2024-06-01,53201.1162112402,46524.6645919635,46524.6645919637
2024-06-02,53104.6546103910,46421.0099290372,46421.0099290374
2024-06-03,53990.1847990128,47174.8337875392,47174.8337875394
2024-06-04,56123.8369033033,49022.0143973750,49022.0143973752
2024-06-05,56811.7290018925,49601.8893098403,49601.8893098405
2024-06-06,56764.9544138871,49541.0538920601,49541.0538920603
2024-06-07,55169.2671593463,48135.3397267106,48135.3397267108
2024-06-08,55129.4966657835,48089.8180276771,48089.8180276772
2024-06-09,55153.8058865242,48100.1989504779,48100.1989504780
2024-06-10,54019.8403558649,47100.6567604938,47100.6567604940
2024-06-11,51969.4053314538,45302.6590655407,45302.6590655408
2024-06-12,53098.0828665448,46276.2377581097,46276.2377581098
2024-06-13,51492.8844587010,44867.1726706771,44867.1726706772
2024-06-14,51018.2183702704,44443.6917129794,44443.6917129796
2024-06-15,51353.2673961327,44725.4994791113,44725.4994791115
2024-06-16,52017.0252316221,45294.0362834272,45294.0362834273
2024-06-17,51142.2091804116,44522.5726567760,44522.5726567761
2024-06-18,49878.0494478461,43414.1179410055,43414.1179410057
2024-06-19,49928.9645485395,43452.6568387980,43452.6568387981
2024-06-20,49432.5463637634,43014.8517330832,43014.8517330833
2024-06-21,49176.8537602159,42786.7471725095,42786.7471725097
2024-06-22,49224.5011006911,42821.7385326373,42821.7385326374
2024-06-23,48260.9438804800,41978.4352121605,41978.4352121607
2024-06-24,46782.2722887503,40684.2496793073,40684.2496793075
2024-06-25,47691.0704509091,41466.8833698400,41466.8833698402
2024-06-26,47235.7183984108,41061.7192841167,41061.7192841168
2024-06-27,49005.2300066661,42590.3605657052,42590.3605657054
2024-06-28,47185.9208482327,41000.2637734519,41000.2637734520
2024-06-29,47465.2139286260,41233.6650336610,41233.6650336611
2024-06-30,48972.3268487558,42533.3427106016,42533.3427106017
2024-07-01,48913.3742698265,42473.0681542247,42473.0681542248
2024-07-02,49390.4864746257,42878.4948739126,42878.4948739127
2024-07-03,46878.8028878913,40687.3928436160,40687.3928436161
2024-07-04,45280.3666777528,39292.4917628074,39292.4917628075
2024-07-05,45114.8432392641,39144.7304107505,39144.7304107506
2024-07-06,45732.8126563181,39677.7533295579,39677.7533295580
2024-07-07,44830.2971285724,38889.4255536010,38889.4255536012
2024-07-08,45163.3962593747,39173.4245368614,39173.4245368615
2024-07-09,45678.5035468289,39616.2101953916,39616.2101953918
2024-07-10,45554.9495128186,39504.3249952759,39504.3249952761
2024-07-11,45407.4098485605,39370.6597407163,39370.6597407165
2024-07-12,45618.0831834933,39550.7496457026,39550.7496457028
2024-07-13,46120.0104932350,39981.0415038889,39981.0415038891
2024-07-14,46823.1748435430,40585.8169379211,40585.8169379213
2024-07-15,50103.1105490262,43426.6619090783,43426.6619090785
2024-07-16,49794.6604437165,43155.3669312439,43155.3669312442
2024-07-17,49055.6231041484,42511.8304146853,42511.8304146855
2024-07-18,49268.5624854370,42692.6553701134,42692.6553701136
2024-07-19,50971.1367233863,44162.2400749230,44162.2400749233
2024-07-20,51419.6753992052,44549.6114981157,44549.6114981159
2024-07-21,52883.1354686793,45814.8530854616,45814.8530854618
2024-07-22,51825.8806644626,44891.5848213602,44891.5848213604
2024-07-23,50651.2081410253,43867.5123826898,43867.5123826900
2024-07-24,50727.2414772870,43924.5337044247,43924.5337044249
2024-07-25,50186.5689154727,43447.1988282337,43447.1988282339
2024-07-26,52120.3474603643,45114.2815451829,45114.2815451831
2024-07-27,52212.0066611404,45186.6139175175,45186.6139175177
2024-07-28,52469.5786569116,45401.3416776908,45401.3416776910
2024-07-29,51563.3813915518,44608.5289163389,44608.5289163391
2024-07-30,51363.2553187610,44428.5787016069,44428.5787016071
2024-07-31,49927.6646382642,43181.1322290157,43181.1322290159
2024-08-01,49785.7078355966,43048.9165616809,43048.9165616811
2024-08-02,46475.4275123570,40178.1341083191,40178.1341083193
2024-08-03,46170.5048848747,39909.9001196764,39909.9001196766
2024-08-04,45239.6106467272,39100.4523763240,39100.4523763242
2024-08-05,43946.3076588123,37979.5495449228,37979.5495449230
2024-08-06,44391.8853572410,38364.0799881660,38364.0799881662
2024-08-07,44198.3365385917,38197.2693238161,38197.2693238163
2024-08-08,45643.2898173508,39445.2872992372,39445.2872992374
2024-08-09,45363.7856194247,39201.6660020274,39201.6660020276
2024-08-10,45391.8100176833,39227.1368983412,39227.1368983413
2024-08-11,44667.8746669118,38600.9434443176,38600.9434443178
2024-08-12,44879.8677683516,38782.8376865631,38782.8376865633
2024-08-13,45292.1454965121,39138.6319829065,39138.6319829067
2024-08-14,44373.3180031122,38345.4005294613,38345.4005294615
2024-08-15,43981.8628057875,38008.5057662444,38008.5057662446
2024-08-16,44427.1294687961,38396.5156273360,38396.5156273361
2024-08-17,44630.6453230162,38571.4055263857,38571.4055263859
2024-08-18,44281.7494585515,38269.9617795363,38269.9617795365
2024-08-19,44616.5163810143,38561.3557373073,38561.3557373075
2024-08-20,44477.2557206290,38440.9761199824,38440.9761199825
2024-08-21,45182.5475811555,39051.7342710713,39051.7342710715
2024-08-22,45388.8433183350,39233.2168211869,39233.2168211871
2024-08-23,47653.1940956450,41198.1221393035,41198.1221393037
2024-08-24,48060.1350498476,41553.3920258246,41553.3920258247
2024-08-25,47754.8150499888,41291.0231107314,41291.0231107316
2024-08-26,46618.6144577334,40305.2096986095,40305.2096986097
2024-08-27,43806.1376919161,37867.4423942457,37867.4423942459
2024-08-28,43491.2075519858,37595.4504898041,37595.4504898043
2024-08-29,43392.1310643061,37511.6157091203,37511.6157091205
2024-08-30,43246.8450066510,37384.6279347998,37384.6279348000
2024-08-31,43099.0599466055,37255.8269135493,37255.8269135494
2024-09-01,41659.0699096929,36011.9782740137,36011.9782740138
2024-09-02,42267.2639822129,36538.3240378886,36538.3240378888
2024-09-03,41363.0899424010,35753.8481296974,35753.8481296976
2024-09-04,41094.3367908946,35521.2228082113,35521.2228082114
2024-09-05,40249.0850389569,34788.2483374790,34788.2483374792
2024-09-06,39472.6380966764,34116.5366986863,34116.5366986865
2024-09-07,39527.0991882069,34165.6579046138,34165.6579046140
2024-09-08,39777.4598135069,34383.3167618684,34383.3167618686
2024-09-09,40545.1651572103,35050.0879466977,35050.0879466979
2024-09-10,40778.4139478097,35253.2457890623,35253.2457890625
2024-09-11,40784.6713066294,35262.7381812084,35262.7381812086
2024-09-12,41610.9228238741,35978.1013899668,35978.1013899669
2024-09-13,42485.2671917616,36734.7360591754,36734.7360591756
2024-09-14,42299.8846663064,36575.4999547867,36575.4999547869
2024-09-15,41982.5170938392,36301.0979951172,36301.0979951174
2024-09-16,41641.7958617469,36004.0902281153,36004.0902281155
2024-09-17,42427.0807838206,36680.0352633865,36680.0352633867
2024-09-18,42958.8207020960,37138.2581426240,37138.2581426242
2024-09-19,43648.6884883270,37739.8035134145,37739.8035134147
2024-09-20,43813.4063836358,37881.1404580157,37881.1404580159
2024-09-21,44619.2772893651,38573.4861352513,38573.4861352515
2024-09-22,44703.9958937390,38642.6531687047,38642.6531687049
2024-09-23,45219.9508053786,39086.0680629412,39086.0680629415
2024-09-24,45601.6850217148,39413.7062939546,39413.7062939548
2024-09-25,44511.4306187855,38470.6836383757,38470.6836383760
2024-09-26,45561.2085678127,39374.4704111449,39374.4704111451
2024-09-27,46170.6483645148,39897.3647386120,39897.3647386122
2024-09-28,45984.7021477114,39732.6319175353,39732.6319175355
2024-09-29,45684.9550625886,39471.4464528042,39471.4464528044
2024-09-30,43811.4898917275,37848.8096706836,37848.8096706838
2024-10-01,42163.1705764848,36419.3608035961,36419.3608035963
2024-10-02,41781.6478880631,36084.0244244923,36084.0244244925
2024-10-03,41895.3986374544,36182.4219728348,36182.4219728349
2024-10-04,42758.8483337229,36926.3826932492,36926.3826932494
2024-10-05,43045.6616724235,37174.0080135933,37174.0080135935
2024-10-06,43588.9762204575,37641.6983720800,37641.6983720802
2024-10-07,43152.9386077091,37264.0733970187,37264.0733970189
2024-10-08,43761.8071270782,37787.2988736986,37787.2988736988
2024-10-09,42844.6789118484,37014.0989913715,37014.0989913717
2024-10-10,42711.7531191111,36896.4810770259,36896.4810770261
2024-10-11,43579.0578574309,37645.6015408315,37645.6015408317
2024-10-12,43913.0791066884,37932.1087924822,37932.1087924824
2024-10-13,43728.0089308485,37770.1875750369,37770.1875750371
2024-10-14,45876.4321270710,39619.1628140223,39619.1628140225
2024-10-15,46157.0995468220,39851.7463373097,39851.7463373099
2024-10-16,46446.3342625602,40093.1315653178,40093.1315653180
2024-10-17,46057.4648373216,39751.4906666296,39751.4906666298
2024-10-18,46645.8488426601,40253.2772712784,40253.2772712786
2024-10-19,46588.4420279872,40191.6778474560,40191.6778474562
2024-10-20,47897.3289647317,41310.1252758680,41310.1252758682
2024-10-21,47147.3843309429,40651.1209361275,40651.1209361277
2024-10-22,47365.8014335836,40827.1925476778,40827.1925476781
2024-10-23,47560.4729988539,40982.6934223631,40982.6934223633
2024-10-24,48988.5318986220,42200.5840794412,42200.5840794414
2024-10-25,46960.5146957010,40445.4398910873,40445.4398910875
2024-10-26,47832.9424472923,41190.1080360263,41190.1080360265
2024-10-27,48780.0798481886,41998.7886371739,41998.7886371741
2024-10-28,49692.9011169727,42774.1534475629,42774.1534475631
2024-10-29,50835.6134057268,43744.6397712507,43744.6397712509
2024-10-30,50054.1578231418,43059.2677403400,43059.2677403402
2024-10-31,48459.5619966725,41675.0059922179,41675.0059922181
2024-11-01,47813.1648392389,41106.7728370314,41106.7728370316
2024-11-02,47781.5230574823,41068.6635467333,41068.6635467335
2024-11-03,47051.9961800719,40432.4822069131,40432.4822069133
2024-11-04,46072.3001418085,39581.1614974834,39581.1614974836
2024-11-05,47853.5156165030,41102.9742512862,41102.9742512864
2024-11-06,52859.6272169511,45391.9694183841,45391.9694183844
2024-11-07,54342.0845883856,46650.9969389699,46650.9969389701
2024-11-08,55059.9131155862,47253.0517511273,47253.0517511275
2024-11-09,55125.7583118907,47295.3694081449,47295.3694081451
2024-11-10,57856.8241644748,49608.5318948090,49608.5318948093
2024-11-11,62497.1672376064,53553.8436969077,53553.8436969079
2024-11-12,60776.1311693766,52011.3761022312,52011.3761022314
2024-11-13,62420.2029971851,53394.3382409173,53394.3382409176
2024-11-14,60313.9030912126,51577.1298077006,51577.1298077008
2024-11-15,62873.8889502205,53749.6353287923,53749.6353287925
2024-11-16,62566.4334384850,53469.0254881795,53469.0254881798
2024-11-17,62061.5958394896,53018.3206406701,53018.3206406704
2024-11-18,62543.7225643058,53395.4215424868,53395.4215424870
2024-11-19,62900.4049046567,53666.7446888931,53666.7446888933
2024-11-20,63288.9966107072,53982.0940013835,53982.0940013838
2024-11-21,67448.9949331474,57513.0903875993,57513.0903875996
2024-11-22,67715.9083435845,57707.9061404186,57707.9061404188
2024-11-23,67033.4436588875,57099.3109718859,57099.3109718862
2024-11-24,66827.5304733015,56888.0632463403,56888.0632463406
2024-11-25,62706.0193158785,53352.5822107461,53352.5822107464
2024-11-26,61970.2433706441,52689.9535860714,52689.9535860717
2024-11-27,64596.8566462216,54891.3711499392,54891.3711499394
2024-11-28,64449.1970387158,54746.0822836505,54746.0822836508
2024-11-29,65672.9126432551,55755.2830337029,55755.2830337032
2024-11-30,64964.0211920974,55132.5049345621,55132.5049345624
2024-12-01,65487.7266197314,55551.6800930470,55551.6800930472
2024-12-02,63469.8673214170,53798.6538991779,53798.6538991781
2024-12-03,63444.1389400574,53750.1460446858,53750.1460446861
2024-12-04,63671.5897368857,53896.7077907324,53896.7077907327
2024-12-05,62579.4856219621,52894.3612844209,52894.3612844212
2024-12-06,64383.8248583502,54400.6061674646,54400.6061674649
2024-12-07,64442.6632001552,54418.5081278063,54418.5081278066
2024-12-08,65267.3682521582,55086.7497256471,55086.7497256474
2024-12-09,62793.0465325794,52965.2314700156,52965.2314700158
2024-12-10,62351.8590232709,52577.3183965167,52577.3183965169
2024-12-11,65277.3155790613,55027.6564342345,55027.6564342348
2024-12-12,64553.8847722123,54401.4929704869,54401.4929704872
2024-12-13,65470.4847922829,55157.3887455056,55157.3887455059
2024-12-14,65467.7413698729,55140.3247876402,55140.3247876404
2024-12-15,67432.6708714750,56779.2788851042,56779.2788851045
2024-12-16,68462.0481454869,57629.2093043746,57629.2093043749
2024-12-17,68510.5131230265,57653.9367656974,57653.9367656977
2024-12-18,64682.8062601475,54416.9201894111,54416.9201894114
2024-12-19,62912.7178456593,52911.8878970647,52911.8878970650
2024-12-20,63134.5025683950,53082.4889973054,53082.4889973057
2024-12-21,62803.0648657096,52792.6245076189,52792.6245076192
2024-12-22,61443.7991157848,51634.7158769359,51634.7158769361
2024-12-23,61247.0473156513,51454.4592588828,51454.4592588830
2024-12-24,63688.4415111986,53489.4569550160,53489.4569550163
2024-12-25,64182.9159663766,53888.5771042306,53888.5771042309
2024-12-26,61834.5463834186,51903.4368712453,51903.4368712456
2024-12-27,60871.0757983621,51079.3802831135,51079.3802831138
2024-12-28,61517.2130994763,51609.8051616402,51609.8051616405
2024-12-29,60509.0537771388,50749.7916928207,50749.7916928209
2024-12-30,59898.3033975578,50228.1281872466,50228.1281872469
2024-12-31,60404.3518677502,50637.2843368859,50637.2843368862
2025-01-01,61060.0556441859,51171.6096910160,51171.6096910162
2025-01-02,62604.7638388035,52450.4199400420,52450.4199400423
2025-01-03,63372.5283517981,53080.2540609928,53080.2540609931
2025-01-04,63402.4284285113,53095.4756905015,53095.4756905018
2025-01-05,63494.8075299453,53157.7801441250,53157.7801441252
2025-01-06,65994.2202681304,55233.7121977475,55233.7121977479
2025-01-07,62585.2823121367,52366.3725360997,52366.3725361000
2025-01-08,61362.6841840106,51327.9984552385,51327.9984552388
2025-01-09,59743.6647451957,49964.0989818907,49964.0989818909
2025-01-10,61146.7607025649,51131.9023731727,51131.9023731730
2025-01-11,61065.3488356593,51057.5219032485,51057.5219032488
2025-01-12,61029.8909078990,51020.2896316712,51020.2896316714
2025-01-13,61024.1071279476,51008.7533106297,51008.7533106300
2025-01-14,62331.1122947399,52085.8848580958,52085.8848580961
2025-01-15,64872.1605024414,54198.6270566724,54198.6270566727
2025-01-16,64542.9175376839,53916.6023623077,53916.6023623080
2025-01-17,67183.1743548425,56112.3953915358,56112.3953915361
2025-01-18,67492.2128204393,56355.4554035184,56355.4554035187
2025-01-19,65187.4903916511,54416.0855658430,54416.0855658433
2025-01-20,64165.1779368474,53573.3944622284,53573.3944622286
2025-01-21,66461.9617997361,55488.6064758355,55488.6064758357
2025-01-22,66632.1711585939,55617.7664776338,55617.7664776340
2025-01-23,66147.4277235558,55202.8355535936,55202.8355535938
2025-01-24,66487.0119232264,55474.1993829528,55474.1993829531
2025-01-25,66846.6797361858,55772.0585539195,55772.0585539198
2025-01-26,64094.1430315933,53462.7499444234,53462.7499444237
2025-01-27,63726.5916644989,53149.3111121886,53149.3111121888
2025-01-28,63260.0732576640,52747.7945419097,52747.7945419100
2025-01-29,64756.8824993925,53979.7010461055,53979.7010461058
2025-01-30,65374.7161524207,54479.9508202282,54479.9508202285
2025-01-31,63943.0425713539,53275.5576758642,53275.5576758645
2025-02-01,60766.0447233870,50625.9039274744,50625.9039274747
2025-02-02,58963.4071647271,49119.9774246134,49119.9774246137
2025-02-03,61152.9038070209,50931.3005577566,50931.3005577569
2025-02-04,59001.1507595619,49132.5512666920,49132.5512666923
2025-02-05,58306.6903410071,48551.3712415269,48551.3712415272
2025-02-06,58271.6384064371,48518.3744388207,48518.3744388209
2025-02-07,58242.9414455418,48484.7149978825,48484.7149978828
2025-02-08,58205.4875361166,48454.8149092342,48454.8149092344
2025-02-09,58216.3567740919,48455.9582559547,48455.9582559549
2025-02-10,58800.5979293803,48933.2250816186,48933.2250816188
2025-02-11,57803.2231341148,48098.9576091190,48098.9576091192
2025-02-12,59065.6419738895,49143.9524661625,49143.9524661628
2025-02-13,58304.1012776582,48503.0948943640,48503.0948943643
2025-02-14,58842.6385244586,48942.9273682425,48942.9273682427
2025-02-15,58884.3894341271,48974.1831025298,48974.1831025301
2025-02-16,58008.3686850622,48242.0399894170,48242.0399894173
2025-02-17,57804.3094544011,48065.2964308786,48065.2964308789
2025-02-18,57738.9733242953,47996.8122103578,47996.8122103581
2025-02-19,58325.9664909755,48473.2511158466,48473.2511158469
2025-02-20,59328.1754115149,49299.7350558171,49299.7350558175
2025-02-21,58046.9089147736,48233.9301357599,48233.9301357602
2025-02-22,58269.6226787949,48409.8990410805,48409.8990410808
2025-02-23,58092.7878415299,48258.7729415787,48258.7729415790
2025-02-24,55253.1948941496,45897.1334529230,45897.1334529233
2025-02-25,53519.6208408861,44449.7137949779,44449.7137949781
2025-02-26,50845.8788256539,42220.8425266982,42220.8425266985
2025-02-27,51122.5827079023,42442.9167066860,42442.9167066862
2025-02-28,50906.1394259779,42255.3642500663,42255.3642500666
2025-03-01,51940.9138146542,43117.3028330426,43117.3028330429
2025-03-02,56893.0074364835,47231.3314944294,47231.3314944297
2025-03-03,52035.1098536983,43198.1755226857,43198.1755226860
2025-03-04,52675.6586104911,43730.1564712630,43730.1564712632
2025-03-05,54681.7481777882,45390.1822005461,45390.1822005464
2025-03-06,54274.9091603586,45044.9191498951,45044.9191498954
2025-03-07,52385.8343932298,43477.1538633821,43477.1538633824
2025-03-08,52036.2203144353,43184.0110401781,43184.0110401784
2025-03-09,48724.1021829830,40431.1171275852,40431.1171275854
2025-03-10,48097.0132582414,39908.9875897999,39908.9875898001
2025-03-11,49225.9049771210,40842.7907507573,40842.7907507576
2025-03-12,49414.7294052130,40997.6423769047,40997.6423769049
2025-03-13,48769.9586202470,40461.7188736017,40461.7188736020
2025-03-14,49504.0226873206,41068.7944101592,41068.7944101594
2025-03-15,49593.1817616800,41144.2932193093,41144.2932193096
2025-03-16,49151.5417140102,40776.8656931873,40776.8656931875
2025-03-17,49515.3644606176,41076.8798792683,41076.8798792685
2025-03-18,49190.3712968162,40806.1820826110,40806.1820826113
2025-03-19,50236.3841456731,41671.9239441782,41671.9239441785
2025-03-20,49673.6760118788,41204.1083237734,41204.1083237736
2025-03-21,49644.3031403590,41178.3027269852,41178.3027269854
2025-03-22,49596.2919169283,41137.6708558057,41137.6708558059
2025-03-23,50019.3688099392,41487.8066969207,41487.8066969210
2025-03-24,50281.7837441761,41704.9134336453,41704.9134336456
2025-03-25,50262.4816188230,41689.2858749686,41689.2858749689
2025-03-26,50173.7353172452,41616.2627603894,41616.2627603897
2025-03-27,50252.3839907788,41680.6049832109,41680.6049832111
2025-03-28,49543.9625674122,41091.3582771879,41091.3582771882
2025-03-29,49087.5078341801,40709.9061174773,40709.9061174776
2025-03-30,49020.2486862014,40653.1721577298,40653.1721577300
2025-03-31,49061.9496745231,40685.8827483924,40685.8827483926
2025-04-01,49740.9363173297,41247.0667873555,41247.0667873558
2025-04-02,49065.0108295124,40686.2685015509,40686.2685015512
2025-04-03,49246.4835581709,40833.6421755817,40833.6421755819
2025-04-04,49421.9128514893,40976.0412124973,40976.0412124976
2025-04-05,49331.1149869921,40897.8214667500,40897.8214667502
2025-04-06,48009.9472177395,39801.6427032469,39801.6427032472
2025-04-07,48161.0749221573,39924.6388588355,39924.6388588357
2025-04-08,47570.2649389864,39433.4147240959,39433.4147240962
2025-04-09,48911.0490801690,40542.8947228801,40542.8947228803
2025-04-10,48130.6069230735,39893.4337608935,39893.4337608938
2025-04-11,48979.3340700618,40596.7492147157,40596.7492147159
2025-04-12,49457.9037337618,40990.7565998376,40990.7565998379
2025-04-13,49069.4731590824,40664.6722115832,40664.6722115834
2025-04-14,49284.5684575700,40839.7391890073,40839.7391890075
2025-04-15,49040.8118226076,40636.5986583265,40636.5986583268
2025-04-16,49140.8350683170,40717.4450564800,40717.4450564802
2025-04-17,49377.7424721086,40911.8452214063,40911.8452214065
2025-04-18,49256.2935180841,40809.0829492537,40809.0829492539
2025-04-19,49411.3587958848,40936.2898810834,40936.2898810837
2025-04-20,49437.5735081346,40958.6653985439,40958.6653985441
2025-04-21,50036.4432839593,41452.5938364655,41452.5938364658
2025-04-22,53411.0310668502,44248.2819580876,44248.2819580878
2025-04-23,53552.8367027494,44363.7321955484,44363.7321955487
2025-04-24,53718.2489844706,44500.5949472140,44500.5949472142
2025-04-25,54094.4749008799,44812.9238108090,44812.9238108092
2025-04-26,54088.3703251562,44812.3492003707,44812.3492003710
2025-04-27,53586.1146427218,44397.3749946870,44397.3749946872
2025-04-28,54307.3919849163,44997.3111109604,44997.3111109606
2025-04-29,53876.2077393350,44639.6242360418,44639.6242360421
2025-04-30,53827.7255190264,44602.1471804358,44602.1471804361
2025-05-01,55152.6185074261,45699.3959959332,45699.3959959335
2025-05-02,55379.6709994148,45901.4381155631,45901.4381155634
2025-05-03,54790.5222832130,45415.0467656670,45415.0467656673
2025-05-04,53888.0968008320,44663.7594604046,44663.7594604049
2025-05-05,54148.7759023879,44880.2720902695,44880.2720902698
2025-05-06,55349.3081660063,45872.0209070651,45872.0209070655
2025-05-07,55461.6140684435,45963.9419286772,45963.9419286775
2025-05-08,59023.2453218409,48909.4625910706,48909.4625910709
2025-05-09,58857.7072905270,48760.4011271061,48760.4011271064
2025-05-10,59908.0258363843,49618.6650201475,49618.6650201478
2025-05-11,59512.7545585129,49279.3796799592,49279.3796799595
2025-05-12,58754.4382180108,48643.3066580871,48643.3066580874
2025-05-13,59504.5922606983,49252.4924160151,49252.4924160154
2025-05-14,58153.3031727633,48123.6861213367,48123.6861213371
2025-05-15,58267.9919753123,48213.8920848576,48213.8920848580
2025-05-16,58099.6351704708,48066.5056685594,48066.5056685598
2025-05-17,57910.2541210302,47906.5908345619,47906.5908345622
2025-05-18,59778.8568606273,49441.2055249333,49441.2055249337
2025-05-19,59284.4052619514,49025.3273558284,49025.3273558288
2025-05-20,60001.0770613542,49609.6690541287,49609.6690541291
2025-05-21,61570.0337763640,50896.1963087782,50896.1963087786
2025-05-22,62722.4476452536,51833.2735609016,51833.2735609019
2025-05-23,60264.0541977917,49789.1320715327,49789.1320715331
2025-05-24,60513.1611728617,49986.9657046726,49986.9657046730
2025-05-25,61210.7572887967,50553.8327775306,50553.8327775309
2025-05-26,61452.5585634865,50739.7763564457,50739.7763564461
2025-05-27,61173.6840882509,50500.7328208860,50500.7328208863
2025-05-28,60524.3190719051,49959.2702861955,49959.2702861959
2025-05-29,59293.3955973156,48936.1789842811,48936.1789842815
2025-05-30,58392.5258087727,48185.9901239207,48185.9901239210
2025-05-31,58733.0466935193,48456.9369433744,48456.9369433747
2025-06-01,59323.2585601303,48941.0105968735,48941.0105968739
2025-06-02,59444.0244266765,49036.0225004078,49036.0225004082
2025-06-03,59173.8651297576,48805.5863258917,48805.5863258921
2025-06-04,58791.9976870560,48488.9014020535,48488.9014020539
2025-06-05,57001.6911660609,47008.5315713984,47008.5315713988
2025-06-06,58562.6514803473,48300.4306216374,48300.4306216377
2025-06-07,59272.2815055174,48888.5216140611,48888.5216140615
2025-06-08,59374.3984627917,48969.4094585129,48969.4094585133
2025-06-09,61917.6469743931,51064.4587240539,51064.4587240543
2025-06-10,61924.0317409821,51057.1933502320,51057.1933502324
2025-06-11,60943.2178863803,50235.3834615149,50235.3834615153
2025-06-12,58691.4627623811,48371.6053220917,48371.6053220921
2025-06-13,58881.4274462487,48527.3013209292,48527.3013209296
2025-06-14,58519.5062548199,48225.6705772049,48225.6705772053
2025-06-15,58619.0810751383,48305.2335894425,48305.2335894429
2025-06-16,59285.5334545140,48850.1271214019,48850.1271214023
2025-06-17,58040.1626070510,47819.2628745540,47819.2628745543
2025-06-18,58226.4719422077,47968.6206320406,47968.6206320409
2025-06-19,58099.7953616844,47862.4147633698,47862.4147633701
2025-06-20,57344.4767436034,47233.6542038499,47233.6542038502
2025-06-21,56690.5371392178,46688.7819127472,46688.7819127475
2025-06-22,56048.7217143257,46152.3404350816,46152.3404350820
2025-06-23,58474.7011940634,48149.4801183284,48149.4801183287
2025-06-24,58890.5372349615,48490.4784483758,48490.4784483762
2025-06-25,59588.6656986733,49065.0550007554,49065.0550007557
2025-06-26,59370.2084132204,48882.9158067293,48882.9158067296
2025-06-27,59426.0162778946,48925.7670362177,48925.7670362180
2025-06-28,59564.3562746797,49035.0897516779,49035.0897516782
2025-06-29,60152.8786028969,49511.3534028440,49511.3534028443
2025-06-30,59480.9248215624,48953.8841326247,48953.8841326250
2025-07-01,58667.4501117349,48281.2431326003,48281.2431326006
2025-07-02,60426.3776647593,49724.1339677654,49724.1339677657
2025-07-03,60834.5028607323,50053.2369719462,50053.2369719466
2025-07-04,59945.9848091496,49316.2484515019,49316.2484515022
2025-07-05,60064.7173874498,49409.9118644943,49409.9118644947
2025-07-06,60623.0291914895,49866.8745284625,49866.8745284628
2025-07-07,60100.7013304337,49432.2439965516,49432.2439965519
2025-07-08,60467.1135755302,49729.0207460436,49729.0207460439
2025-07-09,61750.0394020563,50778.6622947291,50778.6622947294
2025-07-10,64401.3765129934,52948.1063101873,52948.1063101876
2025-07-11,64866.0412619051,53314.1367060936,53314.1367060940
2025-07-12,64672.5337308006,53141.3188391236,53141.3188391239
2025-07-13,65558.1486785245,53852.8681509956,53852.8681509960
2025-07-14,65973.5289890604,54178.8825435286,54178.8825435289
2025-07-15,66727.4095872769,54782.6068047412,54782.6068047416
2025-07-16,69456.8346311818,57006.3350463975,57006.3350463979
2025-07-17,70703.9699141329,58012.5075967732,58012.5075967736
2025-07-18,71044.6236442857,58274.5276465720,58274.5276465724
2025-07-19,71470.6426068843,58606.3853180797,58606.3853180801
2025-07-20,72934.6371812199,59788.9299915040,59788.9299915043
2025-07-21,73025.2238989719,59845.2322377806,59845.2322377810
2025-07-22,74013.3206065274,60636.7971713548,60636.7971713552
2025-07-23,72719.5754836143,59555.7722930662,59555.7722930666
2025-07-24,73362.5007954051,60064.2914390776,60064.2914390780
2025-07-25,73587.9404107434,60235.0388513742,60235.0388513746
2025-07-26,73951.6263889906,60516.9269249149,60516.9269249153
2025-07-27,76310.8134528573,62430.2938337091,62430.2938337095
2025-07-28,75046.4938585353,61376.7531554472,61376.7531554476
2025-07-29,74552.2340110979,60957.6734432373,60957.6734432377
2025-07-30,74356.4303703633,60785.5219406724,60785.5219406727
2025-07-31,72844.6881723832,59539.3274039211,59539.3274039215
2025-08-01,69980.5778728153,57196.0569384362,57196.0569384366
2025-08-02,68802.9379347627,56226.6514728199,56226.6514728203
2025-08-03,70353.0862864459,57483.7018563233,57483.7018563237
2025-08-04,72869.6394437910,59533.8810917372,59533.8810917376
2025-08-05,71509.4308249815,58415.2683304330,58415.2683304334
2025-08-06,72485.5305639560,59200.9118926086,59200.9118926090
2025-08-07,75500.7023251901,61651.3984949067,61651.3984949071
2025-08-08,76090.1882739882,62124.3842768117,62124.3842768121
2025-08-09,77885.8978474028,63577.0351078516,63577.0351078521
2025-08-10,78760.1489660188,64275.7387025904,64275.7387025909
2025-08-11,78363.5793968789,63935.8694974759,63935.8694974764
2025-08-12,82038.3770841883,66921.5250706943,66921.5250706948
2025-08-13,84282.1332190980,68729.4552907626,68729.4552907631
2025-08-14,81464.8787618278,66412.0890500222,66412.0890500227
2025-08-15,80215.7899809642,65384.1767559541,65384.1767559546
2025-08-16,80377.7865698454,65505.5262290750,65505.5262290755
2025-08-17,81109.5452544480,66095.7937707933,66095.7937707938
2025-08-18,79561.1481682695,64827.2420656485,64827.2420656490
2025-08-19,76640.4216108907,62436.9951629546,62436.9951629550
2025-08-20,79645.5382591100,64878.1587508663,64878.1587508667
2025-08-21,77789.0598291619,63356.4274688631,63356.4274688635
2025-08-22,84056.5411386610,68449.2386032630,68449.2386032635
2025-08-23,82832.2294625615,67426.5415436693,67426.5415436698
2025-08-24,82144.2585934344,66847.6761438611,66847.6761438615
2025-08-25,78017.1942732369,63478.0189173822,63478.0189173827
2025-08-26,80355.8372062181,65375.2792116558,65375.2792116562
2025-08-27,79482.9462495647,64660.2138751300,64660.2138751305
2025-08-28,80337.6080250113,65343.7916260420,65343.7916260425
2025-08-29,77919.1424537465,63370.9502138152,63370.9502138156
2025-08-30,78128.4073314757,63531.9505864160,63531.9505864164
2025-08-31,77927.4452809862,63363.3462184302,63363.3462184306
2025-09-01,77608.7865913148,63098.9899699736,63098.9899699741
2025-09-02,78516.5365402529,63828.1653662092,63828.1653662097
2025-09-03,79304.2426644068,64465.0632291593,64465.0632291598
2025-09-04,78026.5436990668,63421.8423387374,63421.8423387379
2025-09-05,78196.1640414910,63552.5392612117,63552.5392612121
2025-09-06,78121.0477724058,63486.4864395038,63486.4864395043
2025-09-07,79044.4841939736,64229.1526343540,64229.1526343544
2025-09-08,79333.5205866774,64453.0471698889,64453.0471698894
2025-09-09,79208.9549735921,64337.1840859702,64337.1840859706
2025-09-10,80559.5015478352,65420.6245833861,65420.6245833865
2025-09-11,81803.9463935118,66423.0809317209,66423.0809317214
2025-09-12,83642.5251391832,67903.6923008438,67903.6923008442
2025-09-13,83603.5220859139,67858.9112768789,67858.9112768793
2025-09-14,82933.0813008135,67305.1611975969,67305.1611975974
2025-09-15,82451.7432870777,66904.0017430930,66904.0017430935
2025-09-16,83675.4423170630,67890.1155885031,67890.1155885035
2025-09-17,84660.3830919306,68674.7898985408,68674.7898985413
2025-09-18,84698.7077223121,68691.7510315159,68691.7510315164
2025-09-19,83728.3497954143,67900.1271178260,67900.1271178265
2025-09-20,85066.7609163855,68984.6435027285,68984.6435027290
2025-09-21,84824.0643675752,68786.6388886579,68786.6388886584
2025-09-22,81584.2832160118,66153.4280066110,66153.4280066115
2025-09-23,81656.5030900974,66203.2404111399,66203.2404111404
2025-09-24,82161.2813319504,66605.6109245250,66605.6109245254
2025-09-25,77824.4952922195,63085.3217550210,63085.3217550214
2025-09-26,78071.8853061621,63280.2956197312,63280.2956197316
2025-09-27,78066.4834209287,63271.4473339762,63271.4473339766
2025-09-28,79198.2459983572,64183.2515785323,64183.2515785327
2025-09-29,81015.3764636598,65651.4068700496,65651.4068700501
2025-09-30,80178.0658382933,64967.4834493047,64967.4834493052
2025-10-01,83126.5579010896,67351.1298011677,67351.1298011682
2025-10-02,85770.4045379257,69482.5674134175,69482.5674134179
2025-10-03,88450.3036929403,71634.2972784474,71634.2972784479
2025-10-04,87651.1905622254,70972.3232645498,70972.3232645503
2025-10-05,88472.0339324735,71621.6018075905,71621.6018075910
2025-10-06,90936.2208545361,73600.5945802278,73600.5945802283
2025-10-07,89952.1283639223,72788.2444917366,72788.2444917371
2025-10-08,91129.1731945199,73732.6934281717,73732.6934281722
2025-10-09,88768.1180961218,71817.7751185107,71817.7751185112
2025-10-10,79966.9249878477,64695.4528741449,64695.4528741453
2025-10-11,79381.1978390696,64214.0445492004,64214.0445492008
2025-10-12,85168.8765299931,68902.5151275700,68902.5151275704
2025-10-13,85501.6180882452,69177.1905072312,69177.1905072317
2025-10-14,82698.9767281053,66918.2265806180,66918.2265806185
2025-10-15,80383.0801279261,65046.6315082766,65046.6315082770
2025-10-16,78684.9722516508,63674.8948017157,63674.8948017161
2025-10-17,76457.3653432085,61873.5870697468,61873.5870697472
2025-10-18,76736.4503370340,62104.5239865704,62104.5239865709
2025-10-19,77310.9916352213,62568.5183199084,62568.5183199089
2025-10-20,77749.3458437770,62931.3202025923,62931.3202025928
2025-10-21,75675.3475515734,61252.9080697242,61252.9080697247
2025-10-22,75378.7932564600,61011.5791029155,61011.5791029160
2025-10-23,76326.2422586562,61773.2820981399,61773.2820981403
2025-10-24,76631.1149076943,62022.6468156177,62022.6468156182
2025-10-25,77065.7900523948,62373.4405896926,62373.4405896931
2025-10-26,79363.1698833798,64226.5744324756,64226.5744324761
2025-10-27,79035.7547239158,63948.5794661825,63948.5794661830
2025-10-28,77339.0233004832,62570.7048639800,62570.7048639804
2025-10-29,76074.8456475785,61553.8012237627,61553.8012237632
2025-10-30,74534.1376213069,60308.0166985366,60308.0166985371
2025-10-31,75346.5445947635,60963.9740998057,60963.9740998062
2025-11-01,75738.1425569211,61272.1076339318,61272.1076339323
2025-11-02,75852.5786570932,61355.1145127511,61355.1145127516
2025-11-03,71577.3398003174,57889.9812457349,57889.9812457354
2025-11-04,69621.8151358337,56301.3295924948,56301.3295924952
2025-11-05,70429.6061083366,56950.9684610636,56950.9684610641
2025-11-06,69438.3278613668,56144.1125270137,56144.1125270141
2025-11-07,70098.0501194637,56672.6971679385,56672.6971679389
2025-11-08,69760.1980650124,56395.5648423741,56395.5648423745
2025-11-09,70557.7819809356,57037.1654351485,57037.1654351490
2025-11-10,70979.0464123620,57371.8001098698,57371.8001098702
2025-11-11,70019.6584916880,56594.7230339123,56594.7230339128
2025-11-12,69556.4552880639,56217.8920613152,56217.8920613157
2025-11-13,69003.1780966750,55766.6259046486,55766.6259046490
2025-11-14,67556.0551655842,54591.1032954686,54591.1032954691
2025-11-15,67757.6997677446,54750.2038008720,54750.2038008724
2025-11-16,67485.6946247033,54526.5269293082,54526.5269293087
2025-11-17,67064.4930064761,54182.0367171243,54182.0367171248
2025-11-18,67220.4094103036,54304.2987698127,54304.2987698131
2025-11-19,66928.1359383787,54065.6213941903,54065.6213941907
2025-11-20,65894.5785226505,53227.1378094718,53227.1378094723
2025-11-21,65662.1077240201,53038.1421711582,53038.1421711586
2025-11-22,65601.9312133659,52988.1383579176,52988.1383579180
2025-11-23,65925.8994660481,53249.4872172169,53249.4872172173
2025-11-24,65919.3909043772,53244.2299333655,53244.2299333659
2025-11-25,65919.3360686447,53244.1859070663,53244.1859070667
2025-11-26,65919.5216278835,53244.3354077121,53244.3354077125
2025-11-27,65919.5705302906,53244.3747206173,53244.3747206177
2025-11-28,65919.5452643314,53244.3540574048,53244.3540574053
2025-11-29,65919.5402088374,53244.3498717686,53244.3498717690
2025-11-30,65919.5148414377,53244.3288136341,53244.3288136345
2025-12-01,65919.2801146490,53244.1388743849,53244.1388743853
2025-12-02,65919.5813044448,53244.3819137003,53244.3819137007
2025-12-03,65919.7040512529,53244.4809915931,53244.4809915935
2025-12-04,65919.6287199625,53244.4196839933,53244.4196839937
2025-12-05,65919.4733441547,53244.2937565322,53244.2937565326
2025-12-06,65919.4679095250,53244.2892075143,53244.2892075147
2025-12-07,65919.5354988653,53244.3433350813,53244.3433350817
2025-12-08,65919.5492654297,53244.3540592488,53244.3540592492
2025-12-09,65919.6667024407,53244.4483821849,53244.4483821853
2025-12-10,65919.6294345661,53244.4179447967,53244.4179447971
2025-12-11,65919.6576117354,53244.4404048699,53244.4404048703
2025-12-12,65919.5312766669,53244.3377313059,53244.3377313064
2025-12-13,65919.5296381368,53244.3358955692,53244.3358955697
2025-12-14,65919.4103391334,53244.2388346815,53244.2388346819
2025-12-15,65919.3075946734,53244.1557462208,53244.1557462212
2025-12-16,65919.3938101829,53244.2248412553,53244.2248412557
2025-12-17,65919.2978085439,53244.1464107566,53244.1464107570
2025-12-18,65919.2539339185,53244.1103956138,53244.1103956142
2025-12-19,65919.4134692492,53244.2381831075,53244.2381831079
2025-12-20,65919.4266983627,53244.2480945376,53244.2480945381
2025-12-21,65919.4442539828,53244.2613270157,53244.2613270161
2025-12-22,65919.4420184596,53244.2588667353,53244.2588667357
2025-12-23,65919.3753533920,53244.2046140503,53244.2046140507
2025-12-24,65919.3862702373,53244.2124064825,53244.2124064829
2025-12-25,65919.3598930313,53244.1901664517,53244.1901664521
2025-12-26,65919.3685051858,53244.1962898137,53244.1962898141
2025-12-27,65919.3987430467,53244.2202741408,53244.2202741412
2025-12-28,65919.4032278021,53244.2231655795,53244.2231655799
2025-12-29,65919.3608706109,53244.1879089954,53244.1879089958
2025-12-30,65919.4353706296,53244.2471185165,53244.2471185169
2025-12-31,65919.3861086491,53244.2069871133,53244.2069871137
2026-01-01,65919.4568414885,53244.2632062557,53244.2632062561
2026-01-02,65919.5245910247,53244.3173130756,53244.3173130761
2026-01-03,65919.5612028472,53244.3464181706,53244.3464181710
2026-01-04,65919.6130026951,53244.3874278199,53244.3874278203
2026-01-05,65919.7455312857,53244.4935547529,53244.4935547533
2026-01-06,65919.7393333095,53244.4883748286,53244.4883748290
2026-01-07,65919.6069509356,53244.3806287347,53244.3806287351
2026-01-08,65919.5918977937,53244.3674133521,53244.3674133525
2026-01-09,65919.5656834308,53244.3460434838,53244.3460434843
2026-01-10,65919.5578386586,53244.3388856586,53244.3388856590
2026-01-11,65919.5871154305,53244.3618988266,53244.3618988270
2026-01-12,65919.6032779171,53244.3745597297,53244.3745597301
2026-01-13,65919.8380962775,53244.5635735030,53244.5635735034
2026-01-14,65919.9220042362,53244.6310655458,53244.6310655463
2026-01-15,65919.8496728208,53244.5725199581,53244.5725199586
2026-01-16,65919.8467398497,53244.5694288415,53244.5694288420
2026-01-17,65919.8247726675,53244.5514414706,53244.5514414710
2026-01-18,65919.7440853247,53244.4854409558,53244.4854409563
2026-01-19,65919.6861649426,53244.4383250639,53244.4383250643
2026-01-20,65919.4499223405,53244.2465787401,53244.2465787405
2026-01-21,65919.5103910088,53244.2946438239,53244.2946438243
2026-01-22,65919.5164984127,53244.2986986797,53244.2986986802
2026-01-23,65919.5188579426,53244.2999549050,53244.2999549054
2026-01-24,65919.4970734081,53244.2817561157,53244.2817561162
2026-01-25,65919.3479938498,53244.1607405614,53244.1607405618
2026-01-26,65919.4487120058,53244.2415658216,53244.2415658221
2026-01-27,65919.5019198371,53244.2837942505,53244.2837942509
2026-01-28,65919.5048358789,53244.2854666333,53244.2854666337
2026-01-29,65919.2337514830,53244.0657886278,53244.0657886282
2026-01-30,65919.2097859961,53244.0461578884,53244.0461578888
2026-01-31,65918.8687621093,53243.7698735039,53243.7698735043
2026-02-01,65918.7515445748,53243.6751160589,53243.6751160593
2026-02-02,65918.8712941292,53243.7722051083,53243.7722051088
2026-02-03,65918.6750261911,53243.6136940074,53243.6136940078
2026-02-04,65918.4960813228,53243.4688087368,53243.4688087372
2026-02-05,65917.7663203276,53242.8791787947,53242.8791787951
2026-02-06,65918.4010761522,53243.3930911574,53243.3930911578
2026-02-07,65918.3058592163,53243.3172934418,53243.3172934422
2026-02-08,65918.3840751096,53243.3809664680,53243.3809664684
2026-02-09,65918.3698345051,53243.3696959176,53243.3696959180
2026-02-10,65918.2735844781,53243.2928968979,53243.2928968984
2026-02-11,65918.1405786130,53243.1858100582,53243.1858100586
2026-02-12,65918.0776898382,53243.1349973423,53243.1349973427
2026-02-13,65918.2805044196,53243.2985922175,53243.2985922179
2026-02-14,65918.3537701967,53243.3577125609,53243.3577125613
2026-02-15,65918.2799269890,53243.2980166543,53243.2980166547
2026-02-16,65918.2844536806,53243.3018718371,53243.3018718376
2026-02-17,65918.1794961954,53243.2165226894,53243.2165226898
2026-02-18,65918.0990939646,53243.1512996506,53243.1512996510
2026-02-19,65918.1416074342,53243.1858226714,53243.1858226718
2026-02-20,65918.2205705493,53243.2493503667,53243.2493503671
2026-02-21,65918.2171967807,53243.2461974131,53243.2461974135
2026-02-22,65918.1917292965,53243.2253853632,53243.2253853636
2026-02-23,65917.9618100941,53243.0396808259,53243.0396808264
2026-02-24,65917.9136700500,53243.0006151884,53243.0006151888
2026-02-25,65918.2330549460,53243.2585271545,53243.2585271550
2026-02-26,65918.1945492439,53243.2273884091,53243.2273884095
2026-02-27,65918.0701098984,53243.1272875010,53243.1272875014
2026-02-28,65918.1571377618,53243.1977491839,53243.1977491844
2026-03-01,65918.0641070189,53243.1223197886,53243.1223197890
2026-03-02,65918.3057919232,53243.3176730901,53243.3176730906
2026-03-03,65918.2685741084,53243.2874967573,53243.2874967578
2026-03-04,65918.5983454846,53243.5537823730,53243.5537823734
2026-03-05,65918.4711029785,53243.4506403822,53243.4506403826
2026-03-06,65918.2671868311,53243.2860830971,53243.2860830975
2026-03-07,65918.2021349467,53243.2335426725,53243.2335426729
2026-03-08,65918.1021580524,53243.1531462083,53243.1531462088
2026-03-09,65918.2963627741,53243.3105880632,53243.3105880636
2026-03-10,65918.4117305360,53243.4037483973,53243.4037483977
2026-03-11,65918.4298334957,53243.4193009536,53243.4193009540
2026-03-12,65918.4557542327,53243.4411027559,53243.4411027563
2026-03-13,65918.4844381252,53243.4642360621,53243.4642360626
2026-03-14,65918.5051325933,53243.4813389526,53243.4813389530
2026-03-15,65918.6223444308,53243.5762519758,53243.5762519762
2026-03-16,65918.7703034678,53243.6952703647,53243.6952703651
2026-03-17,65918.7024981474,53243.6406510578,53243.6406510582
2026-03-18,65918.5149313611,53243.4895271623,53243.4895271627
2026-03-19,65918.4187296906,53243.4119404028,53243.4119404032
2026-03-20,65918.4619633934,53243.4468124210,53243.4468124214
2026-03-21,65918.3443745249,53243.3518817740,53243.3518817744
2026-03-22,65918.2643684514,53243.2876992059,53243.2876992063
2026-03-23,65918.4981659261,53243.4767424329,53243.4767424333
2026-03-24,65843.8253662595,53181.9466640959,53181.9466640963
2026-03-25,65995.5881928603,53303.6242401115,53303.6242401119
2026-03-26,65510.1178201329,52911.3270272717,52911.3270272721
2026-03-27,65031.0845530868,52525.4298979654,52525.4298979659
2026-03-28,65024.9066387635,52522.1777473793,52522.1777473798
2026-03-29,64950.1115904155,52461.8750398367,52461.8750398371
2026-03-30,65111.4882947632,52592.0531471373,52592.0531471377
2026-03-31,65413.7983205478,52836.7392882547,52836.7392882551
2026-04-01,65379.7233298644,52809.5829450070,52809.5829450074
2026-04-02,65137.1204584020,52613.9564552126,52613.9564552130
2026-04-03,65149.7724375695,52624.2944021126,52624.2944021130
2026-04-04,65217.9709845676,52678.3346645812,52678.3346645817
2026-04-05,65568.3593564029,52960.4573798515,52960.4573798520
2026-04-06,65532.6018958254,52930.1361286287,52930.1361286291
2026-04-07,66406.1851280370,53633.9876068867,53633.9876068871
2026-04-08,66169.6033732728,53441.0442490923,53441.0442490927
2026-04-09,66370.1262086963,53602.4945964895,53602.4945964899
2026-04-10,66695.8890810279,53865.4802222808,53865.4802222812
2026-04-11,66721.3371099956,53890.1865522930,53890.1865522934
2026-04-12,65913.3857763139,53240.0936954053,53240.0936954057
2026-04-13,67229.6955242679,54304.5295729816,54304.5295729821
2026-04-14,67107.8215285520,54208.1743803324,54208.1743803329
2026-04-15,67390.9465353425,54442.2842610890,54442.2842610895
2026-04-16,67533.9266715640,54559.9256718070,54559.9256718074
2026-04-17,68328.3424891191,55202.9243576036,55202.9243576040
2026-04-18,67665.9499181602,54673.5989389394,54673.5989389399
2026-04-19,66755.0322880634,53945.6948733140,53945.6948733144
2026-04-20,67631.6924880211,54657.2971230668,54657.2971230672
2026-04-21,67842.0722077605,54832.0205216598,54832.0205216602
2026-04-22,68622.0311459723,55462.2553098492,55462.2553098497
2026-04-23,68658.5370135651,55497.5104117816,55497.5104117820
2026-04-24,68246.9504645842,55169.5036798004,55169.5036798008
2026-04-25,68341.6362402842,55250.1565012096,55250.1565012100
2026-04-26,68861.4983379128,55670.2466372890,55670.2466372894
2026-04-27,68217.5544988116,55154.1011939041,55154.1011939046
2026-04-28,67698.9517035469,54735.4079916374,54735.4079916378
2026-04-29,67413.5620181542,54504.0324119436,54504.0324119440
2026-04-30,67668.6905824938,54712.8063474210,54712.8063474215
2026-05-01,68521.0815840962,55404.4575187650,55404.4575187654
2026-05-02,68724.7732874388,55571.5580800455,55571.5580800459
2026-05-03,68664.7367857319,55522.5129370479,55522.5129370483
2026-05-04,69238.1324820424,55985.8812632863,55985.8812632867
2026-05-05,69699.3320573674,56362.6096814571,56362.6096814575
2026-05-06,69966.4425420483,56584.8393537779,56584.8393537783
2026-05-07,68713.7806402392,55579.2264256227,55579.2264256231
2026-05-08,68800.8509678930,55651.9159738840,55651.9159738844
2026-05-09,69059.9358772847,55860.8966826764,55860.8966826768
2026-05-10,69875.9020328617,56517.2254010243,56517.2254010247
2026-05-11,69467.9658959887,56180.0041931250,56180.0041931255
2026-05-12,68770.2721582046,55612.3023289048,55612.3023289052
2026-05-13,68165.7264412040,55119.3270897598,55119.3270897602
2026-05-14,68959.9727109602,55758.3746299076,55758.3746299081
2026-05-15,68082.7672245760,55050.4168632685,55050.4168632689
2026-05-16,67649.3554811095,54697.4900927411,54697.4900927415
2026-05-17,67386.3839823272,54483.6187957816,54483.6187957820
2026-05-18,67213.8451236687,54341.3205956516,54341.3205956520
2026-05-19,67139.1949573408,54276.7806543487,54276.7806543491
2026-05-20,67450.6097111686,54523.6368205505,54523.6368205509
2026-05-21,67479.2937581487,54543.1398698831,54543.1398698835
2026-05-22,66468.4158537269,53724.3572574693,53724.3572574697
2026-05-23,66905.4372766955,54075.2926807640,54075.2926807644
2026-05-24,67032.7354167066,54172.6333005857,54172.6333005861
2026-05-25,67138.7084970408,54255.3177676797,54255.3177676801
2026-05-26,66565.8372195579,53787.8669208995,53787.8669208999
2026-05-27,65950.5811365763,53283.4256820876,53283.4256820879
2026-05-28,65601.3446035717,52994.9844189480,52994.9844189484
2026-05-29,65542.1429243040,52942.3807800295,52942.3807800298
2026-05-30,65696.5366925638,53063.9701835348,53063.9701835352
2026-05-31,65620.2590661877,52998.8774630751,52998.8774630755
2026-06-01,64795.9458636935,52328.8066101379,52328.8066101383
2026-06-02,63072.9792387619,50932.2857466302,50932.2857466306
2026-06-03,62383.0016854041,50371.9915919643,50371.9915919647
2026-06-04,62330.1834734584,50329.0226778486,50329.0226778490
2026-06-05,61772.1917159211,49878.5663134430,49878.5663134434
2026-06-06,61737.0491802024,49850.0964180643,49850.0964180647
2026-06-07,62238.6562960693,50255.0906683279,50255.0906683283
2026-06-08,62189.7877306664,50214.9098095847,50214.9098095851
2026-06-09,61919.6004638582,49996.5377186040,49996.5377186044
2026-06-10,61875.1968769995,49960.7326288785,49960.7326288789
2026-06-11,62305.2246333212,50307.5032950710,50307.5032950714
2026-06-12,62296.1238008522,50299.9533406188,50299.9533406192
2026-06-13,62470.0068264484,50439.7043430445,50439.7043430449
2026-06-14,62722.4020307187,50644.7665673402,50644.7665673406
2026-06-15,62834.6844975060,50735.7000151677,50735.7000151681
2026-06-16,62709.5092823962,50634.7598491300,50634.7598491304
2026-06-17,62484.5474923817,50453.8600370789,50453.8600370793
2026-06-18,62180.8138810642,50208.0584495536,50208.0584495540
2026-06-19,62297.7775943666,50301.3983474180,50301.3983474184
2026-06-20,62447.2117245181,50420.7896649499,50420.7896649503
2026-06-21,62253.6482168270,50263.6907863381,50263.6907863385
2026-06-22,62247.3864066578,50258.6347262231,50258.6347262235
2026-06-23,62247.3353152206,50258.5933967048,50258.5933967053
2026-06-24,62247.2681232809,50258.5390571798,50258.5390571802
2026-06-25,62247.2146313683,50258.4959015447,50258.4959015451
2026-06-26,62247.2275371018,50258.5059413708,50258.5059413712
2026-06-27,62247.2246465144,50258.5033346517,50258.5033346521
2026-06-28,62247.2054872586,50258.4876591090,50258.4876591094
2026-06-29,62247.2346668992,50258.5108240485,50258.5108240490
2026-06-30,62247.1656062119,50258.4546976023,50258.4546976028
2026-07-01,62247.2263410013,50258.5034379266,50258.5034379271
2026-07-02,62247.2914554267,50258.5556313331,50258.5556313335
2026-07-03,62247.3337513754,50258.5892934124,50258.5892934129
2026-07-04,62247.3565507419,50258.6070959950,50258.6070959955
2026-07-05,62247.3769409480,50258.6230040810,50258.6230040814
2026-07-06,62247.3926128532,50258.6351682235,50258.6351682240
2026-07-07,62247.3656729533,50258.6129522483,50258.6129522487
2026-07-08,62247.3225439300,50258.5778680519,50258.5778680523
2026-07-09,62247.3609430369,50258.6085081709,50258.6085081713
2026-07-10,62247.3984381015,50258.6382514175,50258.6382514179
2026-07-11,62247.3848463451,50258.6269672290,50258.6269672294
2026-07-12,62247.3832913585,50258.6253307484,50258.6253307488
2026-07-13,62247.3256227334,50258.5784325575,50258.5784325579
2026-07-14,62247.4362254380,50258.6673771931,50258.6673771935
2026-07-15,62247.4249704471,50258.6577874339,50258.6577874343
2026-07-16,62247.3885807091,50258.6280752913,50258.6280752917
2026-07-17,62247.3926257556,50258.6310289047,50258.6310289051
2026-07-18,62247.4285483183,50258.6597584560,50258.6597584564
2026-07-19,62247.4241651973,50258.6559617632,50258.6559617636
2026-07-20,62247.4451188395,50258.6725369524,50258.6725369528
2026-07-21,62247.4958360914,50258.7131528943,50258.7131528947
2026-07-22,62247.4789502598,50258.6992969766,50258.6992969770
2026-07-23,62247.4398657633,50258.6675678123,50258.6675678127
2026-07-24,62247.4023815973,50258.6369203787,50258.6369203791
2026-07-25,62247.4117048963,50258.6441968014,50258.6441968018
2026-07-26,62247.4522197812,50258.6765884657,50258.6765884661
2026-07-27,62247.3882505726,50258.6245772515,50258.6245772519
2026-07-28,62247.3946019995,50258.6294789576,50258.6294789580
2026-07-29,62247.3973601451,50258.6312196960,50258.6312196964
2026-07-30,62247.4290055040,50258.6562613270,50258.6562613274
2026-07-31,62247.3546822812,50258.5957376223,50258.5957376227
