event_id,event_class,terminal_label,anchor_date,profile,bucket,state,first_occurrence_date,offset_days
P5E-2021-SPRING-MAJOR-TOP,LOCAL_MAJOR_TOP_NONTERMINAL,False,2021-04-13,EARLY,early_warning,LATE_BULL_ROTATION,2021-03-19,-25
P5E-2021-SPRING-MAJOR-TOP,LOCAL_MAJOR_TOP_NONTERMINAL,False,2021-04-13,EARLY,early_warning,EXHAUSTION_WATCH,2021-03-16,-28
P5E-2021-SPRING-MAJOR-TOP,LOCAL_MAJOR_TOP_NONTERMINAL,False,2021-04-13,EARLY,early_warning,DE_RISK_2,2021-03-24,-20
P5E-2021-SPRING-MAJOR-TOP,LOCAL_MAJOR_TOP_NONTERMINAL,False,2021-04-13,EARLY,target_lead,EXHAUSTION_WATCH,2021-04-04,-9
P5E-2021-SPRING-MAJOR-TOP,LOCAL_MAJOR_TOP_NONTERMINAL,False,2021-04-13,EARLY,target_lead,DE_RISK_1,2021-03-30,-14
P5E-2021-SPRING-MAJOR-TOP,LOCAL_MAJOR_TOP_NONTERMINAL,False,2021-04-13,EARLY,near_event,LATE_BULL_ROTATION,2021-04-09,-4
P5E-2021-SPRING-MAJOR-TOP,LOCAL_MAJOR_TOP_NONTERMINAL,False,2021-04-13,EARLY,near_event,EXHAUSTION_WATCH,2021-04-07,-6
P5E-2021-SPRING-MAJOR-TOP,LOCAL_MAJOR_TOP_NONTERMINAL,False,2021-04-13,EARLY,immediate_after,NORMAL_BULL,2021-04-25,12
P5E-2021-SPRING-MAJOR-TOP,LOCAL_MAJOR_TOP_NONTERMINAL,False,2021-04-13,EARLY,immediate_after,BTC_LEADERSHIP_MATURING,2021-04-20,7
P5E-2021-SPRING-MAJOR-TOP,LOCAL_MAJOR_TOP_NONTERMINAL,False,2021-04-13,EARLY,immediate_after,LATE_BULL_ROTATION,2021-04-14,1
P5E-2021-SPRING-MAJOR-TOP,LOCAL_MAJOR_TOP_NONTERMINAL,False,2021-04-13,EARLY,medium_after,NORMAL_BULL,2021-05-12,29
P5E-2021-SPRING-MAJOR-TOP,LOCAL_MAJOR_TOP_NONTERMINAL,False,2021-04-13,EARLY,medium_after,BTC_LEADERSHIP_MATURING,2021-06-12,60
P5E-2021-SPRING-MAJOR-TOP,LOCAL_MAJOR_TOP_NONTERMINAL,False,2021-04-13,EARLY,medium_after,LATE_BULL_ROTATION,2021-06-07,55
P5E-2021-SPRING-MAJOR-TOP,LOCAL_MAJOR_TOP_NONTERMINAL,False,2021-04-13,EARLY,medium_after,EXHAUSTION_WATCH,2021-06-02,50
P5E-2021-SPRING-MAJOR-TOP,LOCAL_MAJOR_TOP_NONTERMINAL,False,2021-04-13,EARLY,medium_after,DE_RISK_1,2021-05-28,45
P5E-2021-SPRING-MAJOR-TOP,LOCAL_MAJOR_TOP_NONTERMINAL,False,2021-04-13,EARLY,medium_after,DE_RISK_2,2021-05-20,37
P5E-2021-SPRING-MAJOR-TOP,LOCAL_MAJOR_TOP_NONTERMINAL,False,2021-04-13,BALANCED,early_warning,LATE_BULL_ROTATION,2021-03-19,-25
P5E-2021-SPRING-MAJOR-TOP,LOCAL_MAJOR_TOP_NONTERMINAL,False,2021-04-13,BALANCED,early_warning,EXHAUSTION_WATCH,2021-03-16,-28
P5E-2021-SPRING-MAJOR-TOP,LOCAL_MAJOR_TOP_NONTERMINAL,False,2021-04-13,BALANCED,early_warning,DE_RISK_1,2021-03-25,-19
P5E-2021-SPRING-MAJOR-TOP,LOCAL_MAJOR_TOP_NONTERMINAL,False,2021-04-13,BALANCED,target_lead,LATE_BULL_ROTATION,2021-04-04,-9
P5E-2021-SPRING-MAJOR-TOP,LOCAL_MAJOR_TOP_NONTERMINAL,False,2021-04-13,BALANCED,target_lead,EXHAUSTION_WATCH,2021-03-30,-14
P5E-2021-SPRING-MAJOR-TOP,LOCAL_MAJOR_TOP_NONTERMINAL,False,2021-04-13,BALANCED,near_event,BTC_LEADERSHIP_MATURING,2021-04-09,-4
P5E-2021-SPRING-MAJOR-TOP,LOCAL_MAJOR_TOP_NONTERMINAL,False,2021-04-13,BALANCED,near_event,LATE_BULL_ROTATION,2021-04-07,-6
P5E-2021-SPRING-MAJOR-TOP,LOCAL_MAJOR_TOP_NONTERMINAL,False,2021-04-13,BALANCED,immediate_after,NORMAL_BULL,2021-04-26,13
P5E-2021-SPRING-MAJOR-TOP,LOCAL_MAJOR_TOP_NONTERMINAL,False,2021-04-13,BALANCED,immediate_after,BTC_LEADERSHIP_MATURING,2021-04-21,8
P5E-2021-SPRING-MAJOR-TOP,LOCAL_MAJOR_TOP_NONTERMINAL,False,2021-04-13,BALANCED,immediate_after,LATE_BULL_ROTATION,2021-04-14,1
P5E-2021-SPRING-MAJOR-TOP,LOCAL_MAJOR_TOP_NONTERMINAL,False,2021-04-13,BALANCED,medium_after,NORMAL_BULL,2021-05-12,29
P5E-2021-SPRING-MAJOR-TOP,LOCAL_MAJOR_TOP_NONTERMINAL,False,2021-04-13,BALANCED,medium_after,BTC_LEADERSHIP_MATURING,2021-06-12,60
P5E-2021-SPRING-MAJOR-TOP,LOCAL_MAJOR_TOP_NONTERMINAL,False,2021-04-13,BALANCED,medium_after,LATE_BULL_ROTATION,2021-06-07,55
P5E-2021-SPRING-MAJOR-TOP,LOCAL_MAJOR_TOP_NONTERMINAL,False,2021-04-13,BALANCED,medium_after,EXHAUSTION_WATCH,2021-06-02,50
P5E-2021-SPRING-MAJOR-TOP,LOCAL_MAJOR_TOP_NONTERMINAL,False,2021-04-13,BALANCED,medium_after,DE_RISK_1,2021-05-28,45
P5E-2021-SPRING-MAJOR-TOP,LOCAL_MAJOR_TOP_NONTERMINAL,False,2021-04-13,BALANCED,medium_after,DE_RISK_2,2021-05-21,38
P5E-2021-SPRING-MAJOR-TOP,LOCAL_MAJOR_TOP_NONTERMINAL,False,2021-04-13,CONSERVATIVE,early_warning,EXHAUSTION_WATCH,2021-03-17,-27
P5E-2021-SPRING-MAJOR-TOP,LOCAL_MAJOR_TOP_NONTERMINAL,False,2021-04-13,CONSERVATIVE,early_warning,DE_RISK_1,2021-03-16,-28
P5E-2021-SPRING-MAJOR-TOP,LOCAL_MAJOR_TOP_NONTERMINAL,False,2021-04-13,CONSERVATIVE,target_lead,EXHAUSTION_WATCH,2021-04-01,-12
P5E-2021-SPRING-MAJOR-TOP,LOCAL_MAJOR_TOP_NONTERMINAL,False,2021-04-13,CONSERVATIVE,target_lead,DE_RISK_1,2021-03-30,-14
P5E-2021-SPRING-MAJOR-TOP,LOCAL_MAJOR_TOP_NONTERMINAL,False,2021-04-13,CONSERVATIVE,near_event,LATE_BULL_ROTATION,2021-04-08,-5
P5E-2021-SPRING-MAJOR-TOP,LOCAL_MAJOR_TOP_NONTERMINAL,False,2021-04-13,CONSERVATIVE,near_event,EXHAUSTION_WATCH,2021-04-07,-6
P5E-2021-SPRING-MAJOR-TOP,LOCAL_MAJOR_TOP_NONTERMINAL,False,2021-04-13,CONSERVATIVE,immediate_after,NORMAL_BULL,2021-05-01,18
P5E-2021-SPRING-MAJOR-TOP,LOCAL_MAJOR_TOP_NONTERMINAL,False,2021-04-13,CONSERVATIVE,immediate_after,BTC_LEADERSHIP_MATURING,2021-04-24,11
P5E-2021-SPRING-MAJOR-TOP,LOCAL_MAJOR_TOP_NONTERMINAL,False,2021-04-13,CONSERVATIVE,immediate_after,LATE_BULL_ROTATION,2021-04-14,1
P5E-2021-SPRING-MAJOR-TOP,LOCAL_MAJOR_TOP_NONTERMINAL,False,2021-04-13,CONSERVATIVE,medium_after,NORMAL_BULL,2021-05-12,29
P5E-2021-SPRING-MAJOR-TOP,LOCAL_MAJOR_TOP_NONTERMINAL,False,2021-04-13,CONSERVATIVE,medium_after,BTC_LEADERSHIP_MATURING,2021-06-20,68
P5E-2021-SPRING-MAJOR-TOP,LOCAL_MAJOR_TOP_NONTERMINAL,False,2021-04-13,CONSERVATIVE,medium_after,LATE_BULL_ROTATION,2021-06-13,61
P5E-2021-SPRING-MAJOR-TOP,LOCAL_MAJOR_TOP_NONTERMINAL,False,2021-04-13,CONSERVATIVE,medium_after,EXHAUSTION_WATCH,2021-06-06,54
P5E-2021-SPRING-MAJOR-TOP,LOCAL_MAJOR_TOP_NONTERMINAL,False,2021-04-13,CONSERVATIVE,medium_after,DE_RISK_1,2021-05-30,47
P5E-2021-SPRING-MAJOR-TOP,LOCAL_MAJOR_TOP_NONTERMINAL,False,2021-04-13,CONSERVATIVE,medium_after,DE_RISK_2,2021-05-21,38
P5E-2021-SUMMER-SECOND-WIND,SECOND_WIND_TRANSITION,False,2021-07-20,EARLY,early_warning,EXHAUSTION_WATCH,2021-07-05,-15
P5E-2021-SUMMER-SECOND-WIND,SECOND_WIND_TRANSITION,False,2021-07-20,EARLY,early_warning,DE_RISK_1,2021-06-30,-20
P5E-2021-SUMMER-SECOND-WIND,SECOND_WIND_TRANSITION,False,2021-07-20,EARLY,early_warning,DE_RISK_2,2021-06-22,-28
P5E-2021-SUMMER-SECOND-WIND,SECOND_WIND_TRANSITION,False,2021-07-20,EARLY,target_lead,LATE_BULL_ROTATION,2021-07-10,-10
P5E-2021-SUMMER-SECOND-WIND,SECOND_WIND_TRANSITION,False,2021-07-20,EARLY,target_lead,EXHAUSTION_WATCH,2021-07-06,-14
P5E-2021-SUMMER-SECOND-WIND,SECOND_WIND_TRANSITION,False,2021-07-20,EARLY,near_event,NORMAL_BULL,2021-07-20,0
P5E-2021-SUMMER-SECOND-WIND,SECOND_WIND_TRANSITION,False,2021-07-20,EARLY,near_event,BTC_LEADERSHIP_MATURING,2021-07-15,-5
P5E-2021-SUMMER-SECOND-WIND,SECOND_WIND_TRANSITION,False,2021-07-20,EARLY,near_event,LATE_BULL_ROTATION,2021-07-14,-6
P5E-2021-SUMMER-SECOND-WIND,SECOND_WIND_TRANSITION,False,2021-07-20,EARLY,immediate_after,NORMAL_BULL,2021-07-21,1
P5E-2021-SUMMER-SECOND-WIND,SECOND_WIND_TRANSITION,False,2021-07-20,EARLY,immediate_after,LATE_BULL_ROTATION,2021-08-05,16
P5E-2021-SUMMER-SECOND-WIND,SECOND_WIND_TRANSITION,False,2021-07-20,EARLY,immediate_after,EXHAUSTION_WATCH,2021-07-31,11
P5E-2021-SUMMER-SECOND-WIND,SECOND_WIND_TRANSITION,False,2021-07-20,EARLY,immediate_after,DE_RISK_1,2021-07-25,5
P5E-2021-SUMMER-SECOND-WIND,SECOND_WIND_TRANSITION,False,2021-07-20,EARLY,medium_after,LATE_BULL_ROTATION,2021-10-17,89
P5E-2021-SUMMER-SECOND-WIND,SECOND_WIND_TRANSITION,False,2021-07-20,EARLY,medium_after,EXHAUSTION_WATCH,2021-08-18,29
P5E-2021-SUMMER-SECOND-WIND,SECOND_WIND_TRANSITION,False,2021-07-20,EARLY,medium_after,DE_RISK_1,2021-09-09,51
P5E-2021-SUMMER-SECOND-WIND,SECOND_WIND_TRANSITION,False,2021-07-20,EARLY,medium_after,DE_RISK_2,2021-09-21,63
P5E-2021-SUMMER-SECOND-WIND,SECOND_WIND_TRANSITION,False,2021-07-20,BALANCED,early_warning,NORMAL_BULL,2021-06-22,-28
P5E-2021-SUMMER-SECOND-WIND,SECOND_WIND_TRANSITION,False,2021-07-20,BALANCED,target_lead,NORMAL_BULL,2021-07-06,-14
P5E-2021-SUMMER-SECOND-WIND,SECOND_WIND_TRANSITION,False,2021-07-20,BALANCED,near_event,NORMAL_BULL,2021-07-14,-6
P5E-2021-SUMMER-SECOND-WIND,SECOND_WIND_TRANSITION,False,2021-07-20,BALANCED,immediate_after,NORMAL_BULL,2021-07-21,1
P5E-2021-SUMMER-SECOND-WIND,SECOND_WIND_TRANSITION,False,2021-07-20,BALANCED,immediate_after,LATE_BULL_ROTATION,2021-08-05,16
P5E-2021-SUMMER-SECOND-WIND,SECOND_WIND_TRANSITION,False,2021-07-20,BALANCED,immediate_after,EXHAUSTION_WATCH,2021-07-26,6
P5E-2021-SUMMER-SECOND-WIND,SECOND_WIND_TRANSITION,False,2021-07-20,BALANCED,medium_after,BTC_LEADERSHIP_MATURING,2021-10-10,82
P5E-2021-SUMMER-SECOND-WIND,SECOND_WIND_TRANSITION,False,2021-07-20,BALANCED,medium_after,LATE_BULL_ROTATION,2021-08-18,29
P5E-2021-SUMMER-SECOND-WIND,SECOND_WIND_TRANSITION,False,2021-07-20,BALANCED,medium_after,EXHAUSTION_WATCH,2021-08-26,37
P5E-2021-SUMMER-SECOND-WIND,SECOND_WIND_TRANSITION,False,2021-07-20,BALANCED,medium_after,DE_RISK_1,2021-09-11,53
P5E-2021-SUMMER-SECOND-WIND,SECOND_WIND_TRANSITION,False,2021-07-20,CONSERVATIVE,early_warning,NORMAL_BULL,2021-06-27,-23
P5E-2021-SUMMER-SECOND-WIND,SECOND_WIND_TRANSITION,False,2021-07-20,CONSERVATIVE,early_warning,BTC_LEADERSHIP_MATURING,2021-06-22,-28
P5E-2021-SUMMER-SECOND-WIND,SECOND_WIND_TRANSITION,False,2021-07-20,CONSERVATIVE,target_lead,NORMAL_BULL,2021-07-06,-14
P5E-2021-SUMMER-SECOND-WIND,SECOND_WIND_TRANSITION,False,2021-07-20,CONSERVATIVE,near_event,NORMAL_BULL,2021-07-14,-6
P5E-2021-SUMMER-SECOND-WIND,SECOND_WIND_TRANSITION,False,2021-07-20,CONSERVATIVE,immediate_after,NORMAL_BULL,2021-07-21,1
P5E-2021-SUMMER-SECOND-WIND,SECOND_WIND_TRANSITION,False,2021-07-20,CONSERVATIVE,immediate_after,LATE_BULL_ROTATION,2021-08-06,17
P5E-2021-SUMMER-SECOND-WIND,SECOND_WIND_TRANSITION,False,2021-07-20,CONSERVATIVE,immediate_after,EXHAUSTION_WATCH,2021-07-27,7
P5E-2021-SUMMER-SECOND-WIND,SECOND_WIND_TRANSITION,False,2021-07-20,CONSERVATIVE,medium_after,BTC_LEADERSHIP_MATURING,2021-09-28,70
P5E-2021-SUMMER-SECOND-WIND,SECOND_WIND_TRANSITION,False,2021-07-20,CONSERVATIVE,medium_after,LATE_BULL_ROTATION,2021-08-18,29
P5E-2021-SUMMER-SECOND-WIND,SECOND_WIND_TRANSITION,False,2021-07-20,CONSERVATIVE,medium_after,EXHAUSTION_WATCH,2021-08-26,37
P5E-2021-NOV-TERMINAL-TOP,TERMINAL_TOP_BEAR_TRANSITION,True,2021-11-08,EARLY,early_warning,LATE_BULL_ROTATION,2021-10-17,-22
P5E-2021-NOV-TERMINAL-TOP,TERMINAL_TOP_BEAR_TRANSITION,True,2021-11-08,EARLY,early_warning,EXHAUSTION_WATCH,2021-10-11,-28
P5E-2021-NOV-TERMINAL-TOP,TERMINAL_TOP_BEAR_TRANSITION,True,2021-11-08,EARLY,target_lead,EXHAUSTION_WATCH,2021-10-25,-14
P5E-2021-NOV-TERMINAL-TOP,TERMINAL_TOP_BEAR_TRANSITION,True,2021-11-08,EARLY,near_event,LATE_BULL_ROTATION,2021-11-07,-1
P5E-2021-NOV-TERMINAL-TOP,TERMINAL_TOP_BEAR_TRANSITION,True,2021-11-08,EARLY,near_event,EXHAUSTION_WATCH,2021-11-02,-6
P5E-2021-NOV-TERMINAL-TOP,TERMINAL_TOP_BEAR_TRANSITION,True,2021-11-08,EARLY,immediate_after,LATE_BULL_ROTATION,2021-11-09,1
P5E-2021-NOV-TERMINAL-TOP,TERMINAL_TOP_BEAR_TRANSITION,True,2021-11-08,EARLY,immediate_after,DE_RISK_1,2021-11-24,16
P5E-2021-NOV-TERMINAL-TOP,TERMINAL_TOP_BEAR_TRANSITION,True,2021-11-08,EARLY,immediate_after,DE_RISK_2,2021-11-27,19
P5E-2021-NOV-TERMINAL-TOP,TERMINAL_TOP_BEAR_TRANSITION,True,2021-11-08,EARLY,medium_after,BTC_LEADERSHIP_MATURING,2021-12-23,45
P5E-2021-NOV-TERMINAL-TOP,TERMINAL_TOP_BEAR_TRANSITION,True,2021-11-08,EARLY,medium_after,LATE_BULL_ROTATION,2021-12-18,40
P5E-2021-NOV-TERMINAL-TOP,TERMINAL_TOP_BEAR_TRANSITION,True,2021-11-08,EARLY,medium_after,EXHAUSTION_WATCH,2021-12-07,29
P5E-2021-NOV-TERMINAL-TOP,TERMINAL_TOP_BEAR_TRANSITION,True,2021-11-08,EARLY,medium_after,DE_RISK_1,2021-12-25,47
P5E-2021-NOV-TERMINAL-TOP,TERMINAL_TOP_BEAR_TRANSITION,True,2021-11-08,EARLY,medium_after,DE_RISK_2,2022-01-06,59
P5E-2021-NOV-TERMINAL-TOP,TERMINAL_TOP_BEAR_TRANSITION,True,2021-11-08,BALANCED,early_warning,BTC_LEADERSHIP_MATURING,2021-10-11,-28
P5E-2021-NOV-TERMINAL-TOP,TERMINAL_TOP_BEAR_TRANSITION,True,2021-11-08,BALANCED,early_warning,EXHAUSTION_WATCH,2021-10-23,-16
P5E-2021-NOV-TERMINAL-TOP,TERMINAL_TOP_BEAR_TRANSITION,True,2021-11-08,BALANCED,target_lead,EXHAUSTION_WATCH,2021-10-25,-14
P5E-2021-NOV-TERMINAL-TOP,TERMINAL_TOP_BEAR_TRANSITION,True,2021-11-08,BALANCED,near_event,LATE_BULL_ROTATION,2021-11-07,-1
P5E-2021-NOV-TERMINAL-TOP,TERMINAL_TOP_BEAR_TRANSITION,True,2021-11-08,BALANCED,near_event,EXHAUSTION_WATCH,2021-11-02,-6
P5E-2021-NOV-TERMINAL-TOP,TERMINAL_TOP_BEAR_TRANSITION,True,2021-11-08,BALANCED,immediate_after,NORMAL_BULL,2021-12-02,24
P5E-2021-NOV-TERMINAL-TOP,TERMINAL_TOP_BEAR_TRANSITION,True,2021-11-08,BALANCED,immediate_after,BTC_LEADERSHIP_MATURING,2021-11-15,7
P5E-2021-NOV-TERMINAL-TOP,TERMINAL_TOP_BEAR_TRANSITION,True,2021-11-08,BALANCED,immediate_after,LATE_BULL_ROTATION,2021-11-09,1
P5E-2021-NOV-TERMINAL-TOP,TERMINAL_TOP_BEAR_TRANSITION,True,2021-11-08,BALANCED,medium_after,NORMAL_BULL,2021-12-07,29
P5E-2021-NOV-TERMINAL-TOP,TERMINAL_TOP_BEAR_TRANSITION,True,2021-11-08,BALANCED,medium_after,LATE_BULL_ROTATION,2022-01-19,72
P5E-2021-NOV-TERMINAL-TOP,TERMINAL_TOP_BEAR_TRANSITION,True,2021-11-08,BALANCED,medium_after,EXHAUSTION_WATCH,2022-01-14,67
P5E-2021-NOV-TERMINAL-TOP,TERMINAL_TOP_BEAR_TRANSITION,True,2021-11-08,BALANCED,medium_after,DE_RISK_1,2022-01-07,60
P5E-2021-NOV-TERMINAL-TOP,TERMINAL_TOP_BEAR_TRANSITION,True,2021-11-08,BALANCED,medium_after,DE_RISK_2,2022-01-23,76
P5E-2021-NOV-TERMINAL-TOP,TERMINAL_TOP_BEAR_TRANSITION,True,2021-11-08,CONSERVATIVE,early_warning,BTC_LEADERSHIP_MATURING,2021-10-11,-28
P5E-2021-NOV-TERMINAL-TOP,TERMINAL_TOP_BEAR_TRANSITION,True,2021-11-08,CONSERVATIVE,early_warning,EXHAUSTION_WATCH,2021-10-23,-16
P5E-2021-NOV-TERMINAL-TOP,TERMINAL_TOP_BEAR_TRANSITION,True,2021-11-08,CONSERVATIVE,target_lead,EXHAUSTION_WATCH,2021-10-25,-14
P5E-2021-NOV-TERMINAL-TOP,TERMINAL_TOP_BEAR_TRANSITION,True,2021-11-08,CONSERVATIVE,near_event,EXHAUSTION_WATCH,2021-11-02,-6
P5E-2021-NOV-TERMINAL-TOP,TERMINAL_TOP_BEAR_TRANSITION,True,2021-11-08,CONSERVATIVE,immediate_after,NORMAL_BULL,2021-12-04,26
P5E-2021-NOV-TERMINAL-TOP,TERMINAL_TOP_BEAR_TRANSITION,True,2021-11-08,CONSERVATIVE,immediate_after,BTC_LEADERSHIP_MATURING,2021-11-17,9
P5E-2021-NOV-TERMINAL-TOP,TERMINAL_TOP_BEAR_TRANSITION,True,2021-11-08,CONSERVATIVE,immediate_after,LATE_BULL_ROTATION,2021-11-09,1
P5E-2021-NOV-TERMINAL-TOP,TERMINAL_TOP_BEAR_TRANSITION,True,2021-11-08,CONSERVATIVE,medium_after,NORMAL_BULL,2021-12-07,29
P5E-2021-NOV-TERMINAL-TOP,TERMINAL_TOP_BEAR_TRANSITION,True,2021-11-08,CONSERVATIVE,medium_after,BTC_LEADERSHIP_MATURING,2021-12-26,48
P5E-2021-NOV-TERMINAL-TOP,TERMINAL_TOP_BEAR_TRANSITION,True,2021-11-08,CONSERVATIVE,medium_after,LATE_BULL_ROTATION,2022-01-29,82
P5E-2021-NOV-TERMINAL-TOP,TERMINAL_TOP_BEAR_TRANSITION,True,2021-11-08,CONSERVATIVE,medium_after,EXHAUSTION_WATCH,2022-01-16,69
P5E-2021-NOV-TERMINAL-TOP,TERMINAL_TOP_BEAR_TRANSITION,True,2021-11-08,CONSERVATIVE,medium_after,DE_RISK_1,2022-01-07,60
P5E-2025-JUNE-NEW-HIGH,TEMPORARY_NEW_HIGH_PHASE,False,2025-05-22,EARLY,early_warning,LATE_BULL_ROTATION,2025-04-24,-28
P5E-2025-JUNE-NEW-HIGH,TEMPORARY_NEW_HIGH_PHASE,False,2025-05-22,EARLY,early_warning,EXHAUSTION_WATCH,2025-05-03,-19
P5E-2025-JUNE-NEW-HIGH,TEMPORARY_NEW_HIGH_PHASE,False,2025-05-22,EARLY,target_lead,EXHAUSTION_WATCH,2025-05-08,-14
P5E-2025-JUNE-NEW-HIGH,TEMPORARY_NEW_HIGH_PHASE,False,2025-05-22,EARLY,near_event,EXHAUSTION_WATCH,2025-05-16,-6
P5E-2025-JUNE-NEW-HIGH,TEMPORARY_NEW_HIGH_PHASE,False,2025-05-22,EARLY,immediate_after,EXHAUSTION_WATCH,2025-05-23,1
P5E-2025-JUNE-NEW-HIGH,TEMPORARY_NEW_HIGH_PHASE,False,2025-05-22,EARLY,medium_after,LATE_BULL_ROTATION,2025-07-12,51
P5E-2025-JUNE-NEW-HIGH,TEMPORARY_NEW_HIGH_PHASE,False,2025-05-22,EARLY,medium_after,EXHAUSTION_WATCH,2025-06-20,29
P5E-2025-JUNE-NEW-HIGH,TEMPORARY_NEW_HIGH_PHASE,False,2025-05-22,EARLY,medium_after,DE_RISK_1,2025-06-22,31
P5E-2025-JUNE-NEW-HIGH,TEMPORARY_NEW_HIGH_PHASE,False,2025-05-22,BALANCED,early_warning,NORMAL_BULL,2025-04-24,-28
P5E-2025-JUNE-NEW-HIGH,TEMPORARY_NEW_HIGH_PHASE,False,2025-05-22,BALANCED,early_warning,LATE_BULL_ROTATION,2025-04-29,-23
P5E-2025-JUNE-NEW-HIGH,TEMPORARY_NEW_HIGH_PHASE,False,2025-05-22,BALANCED,early_warning,EXHAUSTION_WATCH,2025-05-04,-18
P5E-2025-JUNE-NEW-HIGH,TEMPORARY_NEW_HIGH_PHASE,False,2025-05-22,BALANCED,target_lead,EXHAUSTION_WATCH,2025-05-08,-14
P5E-2025-JUNE-NEW-HIGH,TEMPORARY_NEW_HIGH_PHASE,False,2025-05-22,BALANCED,near_event,LATE_BULL_ROTATION,2025-05-17,-5
P5E-2025-JUNE-NEW-HIGH,TEMPORARY_NEW_HIGH_PHASE,False,2025-05-22,BALANCED,near_event,EXHAUSTION_WATCH,2025-05-16,-6
P5E-2025-JUNE-NEW-HIGH,TEMPORARY_NEW_HIGH_PHASE,False,2025-05-22,BALANCED,immediate_after,LATE_BULL_ROTATION,2025-05-23,1
P5E-2025-JUNE-NEW-HIGH,TEMPORARY_NEW_HIGH_PHASE,False,2025-05-22,BALANCED,immediate_after,EXHAUSTION_WATCH,2025-05-30,8
P5E-2025-JUNE-NEW-HIGH,TEMPORARY_NEW_HIGH_PHASE,False,2025-05-22,BALANCED,medium_after,BTC_LEADERSHIP_MATURING,2025-07-02,41
P5E-2025-JUNE-NEW-HIGH,TEMPORARY_NEW_HIGH_PHASE,False,2025-05-22,BALANCED,medium_after,LATE_BULL_ROTATION,2025-06-27,36
P5E-2025-JUNE-NEW-HIGH,TEMPORARY_NEW_HIGH_PHASE,False,2025-05-22,BALANCED,medium_after,EXHAUSTION_WATCH,2025-06-20,29
P5E-2025-JUNE-NEW-HIGH,TEMPORARY_NEW_HIGH_PHASE,False,2025-05-22,CONSERVATIVE,early_warning,NORMAL_BULL,2025-04-24,-28
P5E-2025-JUNE-NEW-HIGH,TEMPORARY_NEW_HIGH_PHASE,False,2025-05-22,CONSERVATIVE,early_warning,BTC_LEADERSHIP_MATURING,2025-05-01,-21
P5E-2025-JUNE-NEW-HIGH,TEMPORARY_NEW_HIGH_PHASE,False,2025-05-22,CONSERVATIVE,early_warning,LATE_BULL_ROTATION,2025-05-06,-16
P5E-2025-JUNE-NEW-HIGH,TEMPORARY_NEW_HIGH_PHASE,False,2025-05-22,CONSERVATIVE,target_lead,LATE_BULL_ROTATION,2025-05-08,-14
P5E-2025-JUNE-NEW-HIGH,TEMPORARY_NEW_HIGH_PHASE,False,2025-05-22,CONSERVATIVE,near_event,LATE_BULL_ROTATION,2025-05-16,-6
P5E-2025-JUNE-NEW-HIGH,TEMPORARY_NEW_HIGH_PHASE,False,2025-05-22,CONSERVATIVE,immediate_after,LATE_BULL_ROTATION,2025-05-23,1
P5E-2025-JUNE-NEW-HIGH,TEMPORARY_NEW_HIGH_PHASE,False,2025-05-22,CONSERVATIVE,immediate_after,EXHAUSTION_WATCH,2025-05-30,8
P5E-2025-JUNE-NEW-HIGH,TEMPORARY_NEW_HIGH_PHASE,False,2025-05-22,CONSERVATIVE,medium_after,LATE_BULL_ROTATION,2025-06-28,37
P5E-2025-JUNE-NEW-HIGH,TEMPORARY_NEW_HIGH_PHASE,False,2025-05-22,CONSERVATIVE,medium_after,EXHAUSTION_WATCH,2025-06-20,29
P5E-2025-AUG-NEW-HIGH,SECOND_WIND_NEW_HIGH_PHASE,False,2025-08-13,EARLY,early_warning,LATE_BULL_ROTATION,2025-07-16,-28
P5E-2025-AUG-NEW-HIGH,SECOND_WIND_NEW_HIGH_PHASE,False,2025-08-13,EARLY,early_warning,EXHAUSTION_WATCH,2025-07-24,-20
P5E-2025-AUG-NEW-HIGH,SECOND_WIND_NEW_HIGH_PHASE,False,2025-08-13,EARLY,target_lead,LATE_BULL_ROTATION,2025-08-04,-9
P5E-2025-AUG-NEW-HIGH,SECOND_WIND_NEW_HIGH_PHASE,False,2025-08-13,EARLY,target_lead,EXHAUSTION_WATCH,2025-07-30,-14
P5E-2025-AUG-NEW-HIGH,SECOND_WIND_NEW_HIGH_PHASE,False,2025-08-13,EARLY,near_event,EXHAUSTION_WATCH,2025-08-07,-6
P5E-2025-AUG-NEW-HIGH,SECOND_WIND_NEW_HIGH_PHASE,False,2025-08-13,EARLY,immediate_after,NORMAL_BULL,2025-09-05,23
P5E-2025-AUG-NEW-HIGH,SECOND_WIND_NEW_HIGH_PHASE,False,2025-08-13,EARLY,immediate_after,BTC_LEADERSHIP_MATURING,2025-08-28,15
P5E-2025-AUG-NEW-HIGH,SECOND_WIND_NEW_HIGH_PHASE,False,2025-08-13,EARLY,immediate_after,LATE_BULL_ROTATION,2025-08-23,10
P5E-2025-AUG-NEW-HIGH,SECOND_WIND_NEW_HIGH_PHASE,False,2025-08-13,EARLY,immediate_after,EXHAUSTION_WATCH,2025-08-14,1
P5E-2025-AUG-NEW-HIGH,SECOND_WIND_NEW_HIGH_PHASE,False,2025-08-13,EARLY,medium_after,BTC_LEADERSHIP_MATURING,2025-10-22,70
P5E-2025-AUG-NEW-HIGH,SECOND_WIND_NEW_HIGH_PHASE,False,2025-08-13,EARLY,medium_after,LATE_BULL_ROTATION,2025-09-11,29
P5E-2025-AUG-NEW-HIGH,SECOND_WIND_NEW_HIGH_PHASE,False,2025-08-13,EARLY,medium_after,EXHAUSTION_WATCH,2025-09-13,31
P5E-2025-AUG-NEW-HIGH,SECOND_WIND_NEW_HIGH_PHASE,False,2025-08-13,EARLY,medium_after,DE_RISK_1,2025-10-02,50
P5E-2025-AUG-NEW-HIGH,SECOND_WIND_NEW_HIGH_PHASE,False,2025-08-13,EARLY,medium_after,DE_RISK_2,2025-09-23,41
P5E-2025-AUG-NEW-HIGH,SECOND_WIND_NEW_HIGH_PHASE,False,2025-08-13,BALANCED,early_warning,LATE_BULL_ROTATION,2025-07-16,-28
P5E-2025-AUG-NEW-HIGH,SECOND_WIND_NEW_HIGH_PHASE,False,2025-08-13,BALANCED,early_warning,EXHAUSTION_WATCH,2025-07-25,-19
P5E-2025-AUG-NEW-HIGH,SECOND_WIND_NEW_HIGH_PHASE,False,2025-08-13,BALANCED,target_lead,LATE_BULL_ROTATION,2025-07-31,-13
P5E-2025-AUG-NEW-HIGH,SECOND_WIND_NEW_HIGH_PHASE,False,2025-08-13,BALANCED,target_lead,EXHAUSTION_WATCH,2025-07-30,-14
P5E-2025-AUG-NEW-HIGH,SECOND_WIND_NEW_HIGH_PHASE,False,2025-08-13,BALANCED,near_event,LATE_BULL_ROTATION,2025-08-07,-6
P5E-2025-AUG-NEW-HIGH,SECOND_WIND_NEW_HIGH_PHASE,False,2025-08-13,BALANCED,immediate_after,NORMAL_BULL,2025-09-01,19
P5E-2025-AUG-NEW-HIGH,SECOND_WIND_NEW_HIGH_PHASE,False,2025-08-13,BALANCED,immediate_after,BTC_LEADERSHIP_MATURING,2025-08-27,14
P5E-2025-AUG-NEW-HIGH,SECOND_WIND_NEW_HIGH_PHASE,False,2025-08-13,BALANCED,immediate_after,LATE_BULL_ROTATION,2025-08-14,1
P5E-2025-AUG-NEW-HIGH,SECOND_WIND_NEW_HIGH_PHASE,False,2025-08-13,BALANCED,medium_after,NORMAL_BULL,2025-09-11,29
P5E-2025-AUG-NEW-HIGH,SECOND_WIND_NEW_HIGH_PHASE,False,2025-08-13,BALANCED,medium_after,BTC_LEADERSHIP_MATURING,2025-09-13,31
P5E-2025-AUG-NEW-HIGH,SECOND_WIND_NEW_HIGH_PHASE,False,2025-08-13,BALANCED,medium_after,LATE_BULL_ROTATION,2025-10-08,56
P5E-2025-AUG-NEW-HIGH,SECOND_WIND_NEW_HIGH_PHASE,False,2025-08-13,BALANCED,medium_after,EXHAUSTION_WATCH,2025-10-02,50
P5E-2025-AUG-NEW-HIGH,SECOND_WIND_NEW_HIGH_PHASE,False,2025-08-13,BALANCED,medium_after,DE_RISK_1,2025-09-27,45
P5E-2025-AUG-NEW-HIGH,SECOND_WIND_NEW_HIGH_PHASE,False,2025-08-13,BALANCED,medium_after,DE_RISK_2,2025-11-05,84
P5E-2025-AUG-NEW-HIGH,SECOND_WIND_NEW_HIGH_PHASE,False,2025-08-13,CONSERVATIVE,early_warning,LATE_BULL_ROTATION,2025-07-16,-28
P5E-2025-AUG-NEW-HIGH,SECOND_WIND_NEW_HIGH_PHASE,False,2025-08-13,CONSERVATIVE,target_lead,LATE_BULL_ROTATION,2025-07-30,-14
P5E-2025-AUG-NEW-HIGH,SECOND_WIND_NEW_HIGH_PHASE,False,2025-08-13,CONSERVATIVE,near_event,LATE_BULL_ROTATION,2025-08-07,-6
P5E-2025-AUG-NEW-HIGH,SECOND_WIND_NEW_HIGH_PHASE,False,2025-08-13,CONSERVATIVE,immediate_after,NORMAL_BULL,2025-09-06,24
P5E-2025-AUG-NEW-HIGH,SECOND_WIND_NEW_HIGH_PHASE,False,2025-08-13,CONSERVATIVE,immediate_after,BTC_LEADERSHIP_MATURING,2025-08-30,17
P5E-2025-AUG-NEW-HIGH,SECOND_WIND_NEW_HIGH_PHASE,False,2025-08-13,CONSERVATIVE,immediate_after,LATE_BULL_ROTATION,2025-08-14,1
P5E-2025-AUG-NEW-HIGH,SECOND_WIND_NEW_HIGH_PHASE,False,2025-08-13,CONSERVATIVE,medium_after,NORMAL_BULL,2025-09-11,29
P5E-2025-AUG-NEW-HIGH,SECOND_WIND_NEW_HIGH_PHASE,False,2025-08-13,CONSERVATIVE,medium_after,BTC_LEADERSHIP_MATURING,2025-09-13,31
P5E-2025-AUG-NEW-HIGH,SECOND_WIND_NEW_HIGH_PHASE,False,2025-08-13,CONSERVATIVE,medium_after,DE_RISK_1,2025-11-06,85
P5E-2025-OCT-NEW-HIGH-DELEVERAGING,NEW_HIGH_DELEVERAGING_PHASE,False,2025-10-06,EARLY,early_warning,NORMAL_BULL,2025-09-08,-28
P5E-2025-OCT-NEW-HIGH-DELEVERAGING,NEW_HIGH_DELEVERAGING_PHASE,False,2025-10-06,EARLY,early_warning,LATE_BULL_ROTATION,2025-09-11,-25
P5E-2025-OCT-NEW-HIGH-DELEVERAGING,NEW_HIGH_DELEVERAGING_PHASE,False,2025-10-06,EARLY,early_warning,EXHAUSTION_WATCH,2025-09-13,-23
P5E-2025-OCT-NEW-HIGH-DELEVERAGING,NEW_HIGH_DELEVERAGING_PHASE,False,2025-10-06,EARLY,target_lead,LATE_BULL_ROTATION,2025-09-22,-14
P5E-2025-OCT-NEW-HIGH-DELEVERAGING,NEW_HIGH_DELEVERAGING_PHASE,False,2025-10-06,EARLY,target_lead,DE_RISK_2,2025-09-23,-13
P5E-2025-OCT-NEW-HIGH-DELEVERAGING,NEW_HIGH_DELEVERAGING_PHASE,False,2025-10-06,EARLY,near_event,DE_RISK_1,2025-10-02,-4
P5E-2025-OCT-NEW-HIGH-DELEVERAGING,NEW_HIGH_DELEVERAGING_PHASE,False,2025-10-06,EARLY,near_event,DE_RISK_2,2025-09-30,-6
P5E-2025-OCT-NEW-HIGH-DELEVERAGING,NEW_HIGH_DELEVERAGING_PHASE,False,2025-10-06,EARLY,immediate_after,BTC_LEADERSHIP_MATURING,2025-10-22,16
P5E-2025-OCT-NEW-HIGH-DELEVERAGING,NEW_HIGH_DELEVERAGING_PHASE,False,2025-10-06,EARLY,immediate_after,LATE_BULL_ROTATION,2025-10-17,11
P5E-2025-OCT-NEW-HIGH-DELEVERAGING,NEW_HIGH_DELEVERAGING_PHASE,False,2025-10-06,EARLY,immediate_after,EXHAUSTION_WATCH,2025-10-07,1
P5E-2025-OCT-NEW-HIGH-DELEVERAGING,NEW_HIGH_DELEVERAGING_PHASE,False,2025-10-06,EARLY,immediate_after,DE_RISK_1,2025-10-28,22
P5E-2025-OCT-NEW-HIGH-DELEVERAGING,NEW_HIGH_DELEVERAGING_PHASE,False,2025-10-06,EARLY,medium_after,NORMAL_BULL,2025-12-07,62
P5E-2025-OCT-NEW-HIGH-DELEVERAGING,NEW_HIGH_DELEVERAGING_PHASE,False,2025-10-06,EARLY,medium_after,BTC_LEADERSHIP_MATURING,2025-12-02,57
P5E-2025-OCT-NEW-HIGH-DELEVERAGING,NEW_HIGH_DELEVERAGING_PHASE,False,2025-10-06,EARLY,medium_after,LATE_BULL_ROTATION,2025-11-23,48
P5E-2025-OCT-NEW-HIGH-DELEVERAGING,NEW_HIGH_DELEVERAGING_PHASE,False,2025-10-06,EARLY,medium_after,EXHAUSTION_WATCH,2025-11-18,43
P5E-2025-OCT-NEW-HIGH-DELEVERAGING,NEW_HIGH_DELEVERAGING_PHASE,False,2025-10-06,EARLY,medium_after,DE_RISK_1,2025-11-13,38
P5E-2025-OCT-NEW-HIGH-DELEVERAGING,NEW_HIGH_DELEVERAGING_PHASE,False,2025-10-06,EARLY,medium_after,DE_RISK_2,2025-11-04,29
P5E-2025-OCT-NEW-HIGH-DELEVERAGING,NEW_HIGH_DELEVERAGING_PHASE,False,2025-10-06,BALANCED,early_warning,NORMAL_BULL,2025-09-08,-28
P5E-2025-OCT-NEW-HIGH-DELEVERAGING,NEW_HIGH_DELEVERAGING_PHASE,False,2025-10-06,BALANCED,early_warning,BTC_LEADERSHIP_MATURING,2025-09-13,-23
P5E-2025-OCT-NEW-HIGH-DELEVERAGING,NEW_HIGH_DELEVERAGING_PHASE,False,2025-10-06,BALANCED,target_lead,BTC_LEADERSHIP_MATURING,2025-09-22,-14
P5E-2025-OCT-NEW-HIGH-DELEVERAGING,NEW_HIGH_DELEVERAGING_PHASE,False,2025-10-06,BALANCED,target_lead,DE_RISK_1,2025-09-27,-9
P5E-2025-OCT-NEW-HIGH-DELEVERAGING,NEW_HIGH_DELEVERAGING_PHASE,False,2025-10-06,BALANCED,near_event,EXHAUSTION_WATCH,2025-10-02,-4
P5E-2025-OCT-NEW-HIGH-DELEVERAGING,NEW_HIGH_DELEVERAGING_PHASE,False,2025-10-06,BALANCED,near_event,DE_RISK_1,2025-09-30,-6
P5E-2025-OCT-NEW-HIGH-DELEVERAGING,NEW_HIGH_DELEVERAGING_PHASE,False,2025-10-06,BALANCED,immediate_after,NORMAL_BULL,2025-10-22,16
P5E-2025-OCT-NEW-HIGH-DELEVERAGING,NEW_HIGH_DELEVERAGING_PHASE,False,2025-10-06,BALANCED,immediate_after,BTC_LEADERSHIP_MATURING,2025-10-17,11
P5E-2025-OCT-NEW-HIGH-DELEVERAGING,NEW_HIGH_DELEVERAGING_PHASE,False,2025-10-06,BALANCED,immediate_after,LATE_BULL_ROTATION,2025-10-08,2
P5E-2025-OCT-NEW-HIGH-DELEVERAGING,NEW_HIGH_DELEVERAGING_PHASE,False,2025-10-06,BALANCED,immediate_after,EXHAUSTION_WATCH,2025-10-07,1
P5E-2025-OCT-NEW-HIGH-DELEVERAGING,NEW_HIGH_DELEVERAGING_PHASE,False,2025-10-06,BALANCED,medium_after,NORMAL_BULL,2025-11-04,29
P5E-2025-OCT-NEW-HIGH-DELEVERAGING,NEW_HIGH_DELEVERAGING_PHASE,False,2025-10-06,BALANCED,medium_after,BTC_LEADERSHIP_MATURING,2025-11-28,53
P5E-2025-OCT-NEW-HIGH-DELEVERAGING,NEW_HIGH_DELEVERAGING_PHASE,False,2025-10-06,BALANCED,medium_after,LATE_BULL_ROTATION,2025-11-23,48
P5E-2025-OCT-NEW-HIGH-DELEVERAGING,NEW_HIGH_DELEVERAGING_PHASE,False,2025-10-06,BALANCED,medium_after,EXHAUSTION_WATCH,2025-11-18,43
P5E-2025-OCT-NEW-HIGH-DELEVERAGING,NEW_HIGH_DELEVERAGING_PHASE,False,2025-10-06,BALANCED,medium_after,DE_RISK_1,2025-11-13,38
P5E-2025-OCT-NEW-HIGH-DELEVERAGING,NEW_HIGH_DELEVERAGING_PHASE,False,2025-10-06,BALANCED,medium_after,DE_RISK_2,2025-11-05,30
P5E-2025-OCT-NEW-HIGH-DELEVERAGING,NEW_HIGH_DELEVERAGING_PHASE,False,2025-10-06,CONSERVATIVE,early_warning,NORMAL_BULL,2025-09-08,-28
P5E-2025-OCT-NEW-HIGH-DELEVERAGING,NEW_HIGH_DELEVERAGING_PHASE,False,2025-10-06,CONSERVATIVE,early_warning,BTC_LEADERSHIP_MATURING,2025-09-13,-23
P5E-2025-OCT-NEW-HIGH-DELEVERAGING,NEW_HIGH_DELEVERAGING_PHASE,False,2025-10-06,CONSERVATIVE,target_lead,BTC_LEADERSHIP_MATURING,2025-09-22,-14
P5E-2025-OCT-NEW-HIGH-DELEVERAGING,NEW_HIGH_DELEVERAGING_PHASE,False,2025-10-06,CONSERVATIVE,near_event,BTC_LEADERSHIP_MATURING,2025-09-30,-6
P5E-2025-OCT-NEW-HIGH-DELEVERAGING,NEW_HIGH_DELEVERAGING_PHASE,False,2025-10-06,CONSERVATIVE,immediate_after,NORMAL_BULL,2025-10-19,13
P5E-2025-OCT-NEW-HIGH-DELEVERAGING,NEW_HIGH_DELEVERAGING_PHASE,False,2025-10-06,CONSERVATIVE,immediate_after,BTC_LEADERSHIP_MATURING,2025-10-07,1
P5E-2025-OCT-NEW-HIGH-DELEVERAGING,NEW_HIGH_DELEVERAGING_PHASE,False,2025-10-06,CONSERVATIVE,medium_after,NORMAL_BULL,2025-11-04,29
P5E-2025-OCT-NEW-HIGH-DELEVERAGING,NEW_HIGH_DELEVERAGING_PHASE,False,2025-10-06,CONSERVATIVE,medium_after,BTC_LEADERSHIP_MATURING,2025-11-29,54
P5E-2025-OCT-NEW-HIGH-DELEVERAGING,NEW_HIGH_DELEVERAGING_PHASE,False,2025-10-06,CONSERVATIVE,medium_after,LATE_BULL_ROTATION,2025-11-22,47
P5E-2025-OCT-NEW-HIGH-DELEVERAGING,NEW_HIGH_DELEVERAGING_PHASE,False,2025-10-06,CONSERVATIVE,medium_after,EXHAUSTION_WATCH,2025-11-15,40
P5E-2025-OCT-NEW-HIGH-DELEVERAGING,NEW_HIGH_DELEVERAGING_PHASE,False,2025-10-06,CONSERVATIVE,medium_after,DE_RISK_1,2025-11-06,31
P5E-2025-LATE-DETERIORATION,POST_DELEVERAGING_DETERIORATION,False,2025-10-06,EARLY,early_warning,NORMAL_BULL,2025-09-08,-28
P5E-2025-LATE-DETERIORATION,POST_DELEVERAGING_DETERIORATION,False,2025-10-06,EARLY,early_warning,LATE_BULL_ROTATION,2025-09-11,-25
P5E-2025-LATE-DETERIORATION,POST_DELEVERAGING_DETERIORATION,False,2025-10-06,EARLY,early_warning,EXHAUSTION_WATCH,2025-09-13,-23
P5E-2025-LATE-DETERIORATION,POST_DELEVERAGING_DETERIORATION,False,2025-10-06,EARLY,target_lead,LATE_BULL_ROTATION,2025-09-22,-14
P5E-2025-LATE-DETERIORATION,POST_DELEVERAGING_DETERIORATION,False,2025-10-06,EARLY,target_lead,DE_RISK_2,2025-09-23,-13
P5E-2025-LATE-DETERIORATION,POST_DELEVERAGING_DETERIORATION,False,2025-10-06,EARLY,near_event,DE_RISK_1,2025-10-02,-4
P5E-2025-LATE-DETERIORATION,POST_DELEVERAGING_DETERIORATION,False,2025-10-06,EARLY,near_event,DE_RISK_2,2025-09-30,-6
P5E-2025-LATE-DETERIORATION,POST_DELEVERAGING_DETERIORATION,False,2025-10-06,EARLY,immediate_after,BTC_LEADERSHIP_MATURING,2025-10-22,16
P5E-2025-LATE-DETERIORATION,POST_DELEVERAGING_DETERIORATION,False,2025-10-06,EARLY,immediate_after,LATE_BULL_ROTATION,2025-10-17,11
P5E-2025-LATE-DETERIORATION,POST_DELEVERAGING_DETERIORATION,False,2025-10-06,EARLY,immediate_after,EXHAUSTION_WATCH,2025-10-07,1
P5E-2025-LATE-DETERIORATION,POST_DELEVERAGING_DETERIORATION,False,2025-10-06,EARLY,immediate_after,DE_RISK_1,2025-10-28,22
P5E-2025-LATE-DETERIORATION,POST_DELEVERAGING_DETERIORATION,False,2025-10-06,EARLY,medium_after,NORMAL_BULL,2025-12-07,62
P5E-2025-LATE-DETERIORATION,POST_DELEVERAGING_DETERIORATION,False,2025-10-06,EARLY,medium_after,BTC_LEADERSHIP_MATURING,2025-12-02,57
P5E-2025-LATE-DETERIORATION,POST_DELEVERAGING_DETERIORATION,False,2025-10-06,EARLY,medium_after,LATE_BULL_ROTATION,2025-11-23,48
P5E-2025-LATE-DETERIORATION,POST_DELEVERAGING_DETERIORATION,False,2025-10-06,EARLY,medium_after,EXHAUSTION_WATCH,2025-11-18,43
P5E-2025-LATE-DETERIORATION,POST_DELEVERAGING_DETERIORATION,False,2025-10-06,EARLY,medium_after,DE_RISK_1,2025-11-13,38
P5E-2025-LATE-DETERIORATION,POST_DELEVERAGING_DETERIORATION,False,2025-10-06,EARLY,medium_after,DE_RISK_2,2025-11-04,29
P5E-2025-LATE-DETERIORATION,POST_DELEVERAGING_DETERIORATION,False,2025-10-06,BALANCED,early_warning,NORMAL_BULL,2025-09-08,-28
P5E-2025-LATE-DETERIORATION,POST_DELEVERAGING_DETERIORATION,False,2025-10-06,BALANCED,early_warning,BTC_LEADERSHIP_MATURING,2025-09-13,-23
P5E-2025-LATE-DETERIORATION,POST_DELEVERAGING_DETERIORATION,False,2025-10-06,BALANCED,target_lead,BTC_LEADERSHIP_MATURING,2025-09-22,-14
P5E-2025-LATE-DETERIORATION,POST_DELEVERAGING_DETERIORATION,False,2025-10-06,BALANCED,target_lead,DE_RISK_1,2025-09-27,-9
P5E-2025-LATE-DETERIORATION,POST_DELEVERAGING_DETERIORATION,False,2025-10-06,BALANCED,near_event,EXHAUSTION_WATCH,2025-10-02,-4
P5E-2025-LATE-DETERIORATION,POST_DELEVERAGING_DETERIORATION,False,2025-10-06,BALANCED,near_event,DE_RISK_1,2025-09-30,-6
P5E-2025-LATE-DETERIORATION,POST_DELEVERAGING_DETERIORATION,False,2025-10-06,BALANCED,immediate_after,NORMAL_BULL,2025-10-22,16
P5E-2025-LATE-DETERIORATION,POST_DELEVERAGING_DETERIORATION,False,2025-10-06,BALANCED,immediate_after,BTC_LEADERSHIP_MATURING,2025-10-17,11
P5E-2025-LATE-DETERIORATION,POST_DELEVERAGING_DETERIORATION,False,2025-10-06,BALANCED,immediate_after,LATE_BULL_ROTATION,2025-10-08,2
P5E-2025-LATE-DETERIORATION,POST_DELEVERAGING_DETERIORATION,False,2025-10-06,BALANCED,immediate_after,EXHAUSTION_WATCH,2025-10-07,1
P5E-2025-LATE-DETERIORATION,POST_DELEVERAGING_DETERIORATION,False,2025-10-06,BALANCED,medium_after,NORMAL_BULL,2025-11-04,29
P5E-2025-LATE-DETERIORATION,POST_DELEVERAGING_DETERIORATION,False,2025-10-06,BALANCED,medium_after,BTC_LEADERSHIP_MATURING,2025-11-28,53
P5E-2025-LATE-DETERIORATION,POST_DELEVERAGING_DETERIORATION,False,2025-10-06,BALANCED,medium_after,LATE_BULL_ROTATION,2025-11-23,48
P5E-2025-LATE-DETERIORATION,POST_DELEVERAGING_DETERIORATION,False,2025-10-06,BALANCED,medium_after,EXHAUSTION_WATCH,2025-11-18,43
P5E-2025-LATE-DETERIORATION,POST_DELEVERAGING_DETERIORATION,False,2025-10-06,BALANCED,medium_after,DE_RISK_1,2025-11-13,38
P5E-2025-LATE-DETERIORATION,POST_DELEVERAGING_DETERIORATION,False,2025-10-06,BALANCED,medium_after,DE_RISK_2,2025-11-05,30
P5E-2025-LATE-DETERIORATION,POST_DELEVERAGING_DETERIORATION,False,2025-10-06,CONSERVATIVE,early_warning,NORMAL_BULL,2025-09-08,-28
P5E-2025-LATE-DETERIORATION,POST_DELEVERAGING_DETERIORATION,False,2025-10-06,CONSERVATIVE,early_warning,BTC_LEADERSHIP_MATURING,2025-09-13,-23
P5E-2025-LATE-DETERIORATION,POST_DELEVERAGING_DETERIORATION,False,2025-10-06,CONSERVATIVE,target_lead,BTC_LEADERSHIP_MATURING,2025-09-22,-14
P5E-2025-LATE-DETERIORATION,POST_DELEVERAGING_DETERIORATION,False,2025-10-06,CONSERVATIVE,near_event,BTC_LEADERSHIP_MATURING,2025-09-30,-6
P5E-2025-LATE-DETERIORATION,POST_DELEVERAGING_DETERIORATION,False,2025-10-06,CONSERVATIVE,immediate_after,NORMAL_BULL,2025-10-19,13
P5E-2025-LATE-DETERIORATION,POST_DELEVERAGING_DETERIORATION,False,2025-10-06,CONSERVATIVE,immediate_after,BTC_LEADERSHIP_MATURING,2025-10-07,1
P5E-2025-LATE-DETERIORATION,POST_DELEVERAGING_DETERIORATION,False,2025-10-06,CONSERVATIVE,medium_after,NORMAL_BULL,2025-11-04,29
P5E-2025-LATE-DETERIORATION,POST_DELEVERAGING_DETERIORATION,False,2025-10-06,CONSERVATIVE,medium_after,BTC_LEADERSHIP_MATURING,2025-11-29,54
P5E-2025-LATE-DETERIORATION,POST_DELEVERAGING_DETERIORATION,False,2025-10-06,CONSERVATIVE,medium_after,LATE_BULL_ROTATION,2025-11-22,47
P5E-2025-LATE-DETERIORATION,POST_DELEVERAGING_DETERIORATION,False,2025-10-06,CONSERVATIVE,medium_after,EXHAUSTION_WATCH,2025-11-15,40
P5E-2025-LATE-DETERIORATION,POST_DELEVERAGING_DETERIORATION,False,2025-10-06,CONSERVATIVE,medium_after,DE_RISK_1,2025-11-06,31
P5C-2021-JAN-FEB-HIGH-VOL,HIGH_VOLATILITY_NON_TOP_CONTROL,False,2021-02-28,EARLY,early_warning,NORMAL_BULL,2021-01-31,-28
P5C-2021-JAN-FEB-HIGH-VOL,HIGH_VOLATILITY_NON_TOP_CONTROL,False,2021-02-28,EARLY,early_warning,BTC_LEADERSHIP_MATURING,2021-02-08,-20
P5C-2021-JAN-FEB-HIGH-VOL,HIGH_VOLATILITY_NON_TOP_CONTROL,False,2021-02-28,EARLY,early_warning,LATE_BULL_ROTATION,2021-02-03,-25
P5C-2021-JAN-FEB-HIGH-VOL,HIGH_VOLATILITY_NON_TOP_CONTROL,False,2021-02-28,EARLY,target_lead,BTC_LEADERSHIP_MATURING,2021-02-14,-14
P5C-2021-JAN-FEB-HIGH-VOL,HIGH_VOLATILITY_NON_TOP_CONTROL,False,2021-02-28,EARLY,target_lead,EXHAUSTION_WATCH,2021-02-19,-9
P5C-2021-JAN-FEB-HIGH-VOL,HIGH_VOLATILITY_NON_TOP_CONTROL,False,2021-02-28,EARLY,near_event,EXHAUSTION_WATCH,2021-02-22,-6
P5C-2021-JAN-FEB-HIGH-VOL,HIGH_VOLATILITY_NON_TOP_CONTROL,False,2021-02-28,EARLY,near_event,FLAT,2021-02-23,-5
P5C-2021-JAN-FEB-HIGH-VOL,HIGH_VOLATILITY_NON_TOP_CONTROL,False,2021-02-28,EARLY,immediate_after,LATE_BULL_ROTATION,2021-03-19,19
P5C-2021-JAN-FEB-HIGH-VOL,HIGH_VOLATILITY_NON_TOP_CONTROL,False,2021-02-28,EARLY,immediate_after,EXHAUSTION_WATCH,2021-03-11,11
P5C-2021-JAN-FEB-HIGH-VOL,HIGH_VOLATILITY_NON_TOP_CONTROL,False,2021-02-28,EARLY,immediate_after,DE_RISK_1,2021-03-06,6
P5C-2021-JAN-FEB-HIGH-VOL,HIGH_VOLATILITY_NON_TOP_CONTROL,False,2021-02-28,EARLY,immediate_after,DE_RISK_2,2021-03-01,1
P5C-2021-JAN-FEB-HIGH-VOL,HIGH_VOLATILITY_NON_TOP_CONTROL,False,2021-02-28,EARLY,medium_after,NORMAL_BULL,2021-04-25,56
P5C-2021-JAN-FEB-HIGH-VOL,HIGH_VOLATILITY_NON_TOP_CONTROL,False,2021-02-28,EARLY,medium_after,BTC_LEADERSHIP_MATURING,2021-04-20,51
P5C-2021-JAN-FEB-HIGH-VOL,HIGH_VOLATILITY_NON_TOP_CONTROL,False,2021-02-28,EARLY,medium_after,LATE_BULL_ROTATION,2021-04-09,40
P5C-2021-JAN-FEB-HIGH-VOL,HIGH_VOLATILITY_NON_TOP_CONTROL,False,2021-02-28,EARLY,medium_after,EXHAUSTION_WATCH,2021-04-04,35
P5C-2021-JAN-FEB-HIGH-VOL,HIGH_VOLATILITY_NON_TOP_CONTROL,False,2021-02-28,EARLY,medium_after,DE_RISK_1,2021-03-30,30
P5C-2021-JAN-FEB-HIGH-VOL,HIGH_VOLATILITY_NON_TOP_CONTROL,False,2021-02-28,EARLY,medium_after,DE_RISK_2,2021-03-29,29
P5C-2021-JAN-FEB-HIGH-VOL,HIGH_VOLATILITY_NON_TOP_CONTROL,False,2021-02-28,BALANCED,early_warning,NORMAL_BULL,2021-01-31,-28
P5C-2021-JAN-FEB-HIGH-VOL,HIGH_VOLATILITY_NON_TOP_CONTROL,False,2021-02-28,BALANCED,early_warning,BTC_LEADERSHIP_MATURING,2021-02-13,-15
P5C-2021-JAN-FEB-HIGH-VOL,HIGH_VOLATILITY_NON_TOP_CONTROL,False,2021-02-28,BALANCED,target_lead,BTC_LEADERSHIP_MATURING,2021-02-14,-14
P5C-2021-JAN-FEB-HIGH-VOL,HIGH_VOLATILITY_NON_TOP_CONTROL,False,2021-02-28,BALANCED,near_event,EXHAUSTION_WATCH,2021-02-22,-6
P5C-2021-JAN-FEB-HIGH-VOL,HIGH_VOLATILITY_NON_TOP_CONTROL,False,2021-02-28,BALANCED,near_event,FLAT,2021-02-23,-5
P5C-2021-JAN-FEB-HIGH-VOL,HIGH_VOLATILITY_NON_TOP_CONTROL,False,2021-02-28,BALANCED,immediate_after,LATE_BULL_ROTATION,2021-03-19,19
P5C-2021-JAN-FEB-HIGH-VOL,HIGH_VOLATILITY_NON_TOP_CONTROL,False,2021-02-28,BALANCED,immediate_after,EXHAUSTION_WATCH,2021-03-11,11
P5C-2021-JAN-FEB-HIGH-VOL,HIGH_VOLATILITY_NON_TOP_CONTROL,False,2021-02-28,BALANCED,immediate_after,DE_RISK_1,2021-03-06,6
P5C-2021-JAN-FEB-HIGH-VOL,HIGH_VOLATILITY_NON_TOP_CONTROL,False,2021-02-28,BALANCED,immediate_after,DE_RISK_2,2021-03-01,1
P5C-2021-JAN-FEB-HIGH-VOL,HIGH_VOLATILITY_NON_TOP_CONTROL,False,2021-02-28,BALANCED,medium_after,NORMAL_BULL,2021-04-26,57
P5C-2021-JAN-FEB-HIGH-VOL,HIGH_VOLATILITY_NON_TOP_CONTROL,False,2021-02-28,BALANCED,medium_after,BTC_LEADERSHIP_MATURING,2021-04-09,40
P5C-2021-JAN-FEB-HIGH-VOL,HIGH_VOLATILITY_NON_TOP_CONTROL,False,2021-02-28,BALANCED,medium_after,LATE_BULL_ROTATION,2021-04-04,35
P5C-2021-JAN-FEB-HIGH-VOL,HIGH_VOLATILITY_NON_TOP_CONTROL,False,2021-02-28,BALANCED,medium_after,EXHAUSTION_WATCH,2021-03-30,30
P5C-2021-JAN-FEB-HIGH-VOL,HIGH_VOLATILITY_NON_TOP_CONTROL,False,2021-02-28,BALANCED,medium_after,DE_RISK_1,2021-03-29,29
P5C-2021-JAN-FEB-HIGH-VOL,HIGH_VOLATILITY_NON_TOP_CONTROL,False,2021-02-28,BALANCED,medium_after,DE_RISK_2,2021-05-21,82
P5C-2021-JAN-FEB-HIGH-VOL,HIGH_VOLATILITY_NON_TOP_CONTROL,False,2021-02-28,CONSERVATIVE,early_warning,NORMAL_BULL,2021-01-31,-28
P5C-2021-JAN-FEB-HIGH-VOL,HIGH_VOLATILITY_NON_TOP_CONTROL,False,2021-02-28,CONSERVATIVE,target_lead,NORMAL_BULL,2021-02-14,-14
P5C-2021-JAN-FEB-HIGH-VOL,HIGH_VOLATILITY_NON_TOP_CONTROL,False,2021-02-28,CONSERVATIVE,target_lead,BTC_LEADERSHIP_MATURING,2021-02-18,-10
P5C-2021-JAN-FEB-HIGH-VOL,HIGH_VOLATILITY_NON_TOP_CONTROL,False,2021-02-28,CONSERVATIVE,near_event,BTC_LEADERSHIP_MATURING,2021-02-22,-6
P5C-2021-JAN-FEB-HIGH-VOL,HIGH_VOLATILITY_NON_TOP_CONTROL,False,2021-02-28,CONSERVATIVE,near_event,FLAT,2021-02-23,-5
P5C-2021-JAN-FEB-HIGH-VOL,HIGH_VOLATILITY_NON_TOP_CONTROL,False,2021-02-28,CONSERVATIVE,immediate_after,EXHAUSTION_WATCH,2021-03-17,17
P5C-2021-JAN-FEB-HIGH-VOL,HIGH_VOLATILITY_NON_TOP_CONTROL,False,2021-02-28,CONSERVATIVE,immediate_after,DE_RISK_1,2021-03-10,10
P5C-2021-JAN-FEB-HIGH-VOL,HIGH_VOLATILITY_NON_TOP_CONTROL,False,2021-02-28,CONSERVATIVE,immediate_after,DE_RISK_2,2021-03-03,3
P5C-2021-JAN-FEB-HIGH-VOL,HIGH_VOLATILITY_NON_TOP_CONTROL,False,2021-02-28,CONSERVATIVE,immediate_after,FLAT,2021-03-01,1
P5C-2021-JAN-FEB-HIGH-VOL,HIGH_VOLATILITY_NON_TOP_CONTROL,False,2021-02-28,CONSERVATIVE,medium_after,NORMAL_BULL,2021-05-01,62
P5C-2021-JAN-FEB-HIGH-VOL,HIGH_VOLATILITY_NON_TOP_CONTROL,False,2021-02-28,CONSERVATIVE,medium_after,BTC_LEADERSHIP_MATURING,2021-04-24,55
P5C-2021-JAN-FEB-HIGH-VOL,HIGH_VOLATILITY_NON_TOP_CONTROL,False,2021-02-28,CONSERVATIVE,medium_after,LATE_BULL_ROTATION,2021-04-08,39
P5C-2021-JAN-FEB-HIGH-VOL,HIGH_VOLATILITY_NON_TOP_CONTROL,False,2021-02-28,CONSERVATIVE,medium_after,EXHAUSTION_WATCH,2021-04-01,32
P5C-2021-JAN-FEB-HIGH-VOL,HIGH_VOLATILITY_NON_TOP_CONTROL,False,2021-02-28,CONSERVATIVE,medium_after,DE_RISK_1,2021-03-29,29
P5C-2021-JAN-FEB-HIGH-VOL,HIGH_VOLATILITY_NON_TOP_CONTROL,False,2021-02-28,CONSERVATIVE,medium_after,DE_RISK_2,2021-05-21,82
P5C-2021-SEP-HIGH-VOL,HIGH_VOLATILITY_NON_TOP_CONTROL,False,2021-09-21,EARLY,early_warning,EXHAUSTION_WATCH,2021-08-24,-28
P5C-2021-SEP-HIGH-VOL,HIGH_VOLATILITY_NON_TOP_CONTROL,False,2021-09-21,EARLY,target_lead,EXHAUSTION_WATCH,2021-09-07,-14
P5C-2021-SEP-HIGH-VOL,HIGH_VOLATILITY_NON_TOP_CONTROL,False,2021-09-21,EARLY,target_lead,DE_RISK_1,2021-09-09,-12
P5C-2021-SEP-HIGH-VOL,HIGH_VOLATILITY_NON_TOP_CONTROL,False,2021-09-21,EARLY,near_event,DE_RISK_1,2021-09-15,-6
P5C-2021-SEP-HIGH-VOL,HIGH_VOLATILITY_NON_TOP_CONTROL,False,2021-09-21,EARLY,near_event,DE_RISK_2,2021-09-21,0
P5C-2021-SEP-HIGH-VOL,HIGH_VOLATILITY_NON_TOP_CONTROL,False,2021-09-21,EARLY,immediate_after,LATE_BULL_ROTATION,2021-10-17,26
P5C-2021-SEP-HIGH-VOL,HIGH_VOLATILITY_NON_TOP_CONTROL,False,2021-09-21,EARLY,immediate_after,EXHAUSTION_WATCH,2021-10-09,18
P5C-2021-SEP-HIGH-VOL,HIGH_VOLATILITY_NON_TOP_CONTROL,False,2021-09-21,EARLY,immediate_after,DE_RISK_1,2021-09-26,5
P5C-2021-SEP-HIGH-VOL,HIGH_VOLATILITY_NON_TOP_CONTROL,False,2021-09-21,EARLY,immediate_after,DE_RISK_2,2021-09-22,1
P5C-2021-SEP-HIGH-VOL,HIGH_VOLATILITY_NON_TOP_CONTROL,False,2021-09-21,EARLY,medium_after,LATE_BULL_ROTATION,2021-10-20,29
P5C-2021-SEP-HIGH-VOL,HIGH_VOLATILITY_NON_TOP_CONTROL,False,2021-09-21,EARLY,medium_after,EXHAUSTION_WATCH,2021-10-22,31
P5C-2021-SEP-HIGH-VOL,HIGH_VOLATILITY_NON_TOP_CONTROL,False,2021-09-21,EARLY,medium_after,DE_RISK_1,2021-11-24,64
P5C-2021-SEP-HIGH-VOL,HIGH_VOLATILITY_NON_TOP_CONTROL,False,2021-09-21,EARLY,medium_after,DE_RISK_2,2021-11-27,67
P5C-2021-SEP-HIGH-VOL,HIGH_VOLATILITY_NON_TOP_CONTROL,False,2021-09-21,BALANCED,early_warning,LATE_BULL_ROTATION,2021-08-24,-28
P5C-2021-SEP-HIGH-VOL,HIGH_VOLATILITY_NON_TOP_CONTROL,False,2021-09-21,BALANCED,early_warning,EXHAUSTION_WATCH,2021-08-26,-26
P5C-2021-SEP-HIGH-VOL,HIGH_VOLATILITY_NON_TOP_CONTROL,False,2021-09-21,BALANCED,target_lead,EXHAUSTION_WATCH,2021-09-07,-14
P5C-2021-SEP-HIGH-VOL,HIGH_VOLATILITY_NON_TOP_CONTROL,False,2021-09-21,BALANCED,target_lead,DE_RISK_1,2021-09-11,-10
P5C-2021-SEP-HIGH-VOL,HIGH_VOLATILITY_NON_TOP_CONTROL,False,2021-09-21,BALANCED,near_event,EXHAUSTION_WATCH,2021-09-18,-3
P5C-2021-SEP-HIGH-VOL,HIGH_VOLATILITY_NON_TOP_CONTROL,False,2021-09-21,BALANCED,near_event,DE_RISK_1,2021-09-15,-6
P5C-2021-SEP-HIGH-VOL,HIGH_VOLATILITY_NON_TOP_CONTROL,False,2021-09-21,BALANCED,immediate_after,BTC_LEADERSHIP_MATURING,2021-10-10,19
P5C-2021-SEP-HIGH-VOL,HIGH_VOLATILITY_NON_TOP_CONTROL,False,2021-09-21,BALANCED,immediate_after,LATE_BULL_ROTATION,2021-09-26,5
P5C-2021-SEP-HIGH-VOL,HIGH_VOLATILITY_NON_TOP_CONTROL,False,2021-09-21,BALANCED,immediate_after,EXHAUSTION_WATCH,2021-09-22,1
P5C-2021-SEP-HIGH-VOL,HIGH_VOLATILITY_NON_TOP_CONTROL,False,2021-09-21,BALANCED,medium_after,NORMAL_BULL,2021-12-02,72
P5C-2021-SEP-HIGH-VOL,HIGH_VOLATILITY_NON_TOP_CONTROL,False,2021-09-21,BALANCED,medium_after,BTC_LEADERSHIP_MATURING,2021-10-20,29
P5C-2021-SEP-HIGH-VOL,HIGH_VOLATILITY_NON_TOP_CONTROL,False,2021-09-21,BALANCED,medium_after,LATE_BULL_ROTATION,2021-11-07,47
P5C-2021-SEP-HIGH-VOL,HIGH_VOLATILITY_NON_TOP_CONTROL,False,2021-09-21,BALANCED,medium_after,EXHAUSTION_WATCH,2021-10-23,32
P5C-2021-SEP-HIGH-VOL,HIGH_VOLATILITY_NON_TOP_CONTROL,False,2021-09-21,CONSERVATIVE,early_warning,LATE_BULL_ROTATION,2021-08-24,-28
P5C-2021-SEP-HIGH-VOL,HIGH_VOLATILITY_NON_TOP_CONTROL,False,2021-09-21,CONSERVATIVE,early_warning,EXHAUSTION_WATCH,2021-08-26,-26
P5C-2021-SEP-HIGH-VOL,HIGH_VOLATILITY_NON_TOP_CONTROL,False,2021-09-21,CONSERVATIVE,target_lead,LATE_BULL_ROTATION,2021-09-07,-14
P5C-2021-SEP-HIGH-VOL,HIGH_VOLATILITY_NON_TOP_CONTROL,False,2021-09-21,CONSERVATIVE,target_lead,EXHAUSTION_WATCH,2021-09-09,-12
P5C-2021-SEP-HIGH-VOL,HIGH_VOLATILITY_NON_TOP_CONTROL,False,2021-09-21,CONSERVATIVE,near_event,LATE_BULL_ROTATION,2021-09-20,-1
P5C-2021-SEP-HIGH-VOL,HIGH_VOLATILITY_NON_TOP_CONTROL,False,2021-09-21,CONSERVATIVE,near_event,EXHAUSTION_WATCH,2021-09-15,-6
P5C-2021-SEP-HIGH-VOL,HIGH_VOLATILITY_NON_TOP_CONTROL,False,2021-09-21,CONSERVATIVE,immediate_after,BTC_LEADERSHIP_MATURING,2021-09-28,7
P5C-2021-SEP-HIGH-VOL,HIGH_VOLATILITY_NON_TOP_CONTROL,False,2021-09-21,CONSERVATIVE,immediate_after,LATE_BULL_ROTATION,2021-09-22,1
P5C-2021-SEP-HIGH-VOL,HIGH_VOLATILITY_NON_TOP_CONTROL,False,2021-09-21,CONSERVATIVE,medium_after,NORMAL_BULL,2021-12-04,74
P5C-2021-SEP-HIGH-VOL,HIGH_VOLATILITY_NON_TOP_CONTROL,False,2021-09-21,CONSERVATIVE,medium_after,BTC_LEADERSHIP_MATURING,2021-10-20,29
P5C-2021-SEP-HIGH-VOL,HIGH_VOLATILITY_NON_TOP_CONTROL,False,2021-09-21,CONSERVATIVE,medium_after,LATE_BULL_ROTATION,2021-11-09,49
P5C-2021-SEP-HIGH-VOL,HIGH_VOLATILITY_NON_TOP_CONTROL,False,2021-09-21,CONSERVATIVE,medium_after,EXHAUSTION_WATCH,2021-10-23,32
P5C-2024-MAR-MAY-MASKING,HIGH_VOLATILITY_NON_TOP_CONTROL,False,2024-03-19,EARLY,early_warning,LATE_BULL_ROTATION,2024-02-20,-28
P5C-2024-MAR-MAY-MASKING,HIGH_VOLATILITY_NON_TOP_CONTROL,False,2024-03-19,EARLY,early_warning,EXHAUSTION_WATCH,2024-02-22,-26
P5C-2024-MAR-MAY-MASKING,HIGH_VOLATILITY_NON_TOP_CONTROL,False,2024-03-19,EARLY,target_lead,EXHAUSTION_WATCH,2024-03-05,-14
P5C-2024-MAR-MAY-MASKING,HIGH_VOLATILITY_NON_TOP_CONTROL,False,2024-03-19,EARLY,near_event,EXHAUSTION_WATCH,2024-03-13,-6
P5C-2024-MAR-MAY-MASKING,HIGH_VOLATILITY_NON_TOP_CONTROL,False,2024-03-19,EARLY,immediate_after,BTC_LEADERSHIP_MATURING,2024-04-16,28
P5C-2024-MAR-MAY-MASKING,HIGH_VOLATILITY_NON_TOP_CONTROL,False,2024-03-19,EARLY,immediate_after,LATE_BULL_ROTATION,2024-04-09,21
P5C-2024-MAR-MAY-MASKING,HIGH_VOLATILITY_NON_TOP_CONTROL,False,2024-03-19,EARLY,immediate_after,EXHAUSTION_WATCH,2024-03-20,1
P5C-2024-MAR-MAY-MASKING,HIGH_VOLATILITY_NON_TOP_CONTROL,False,2024-03-19,EARLY,immediate_after,DE_RISK_1,2024-03-22,3
P5C-2024-MAR-MAY-MASKING,HIGH_VOLATILITY_NON_TOP_CONTROL,False,2024-03-19,EARLY,medium_after,NORMAL_BULL,2024-04-27,39
P5C-2024-MAR-MAY-MASKING,HIGH_VOLATILITY_NON_TOP_CONTROL,False,2024-03-19,EARLY,medium_after,BTC_LEADERSHIP_MATURING,2024-04-17,29
P5C-2024-MAR-MAY-MASKING,HIGH_VOLATILITY_NON_TOP_CONTROL,False,2024-03-19,EARLY,medium_after,LATE_BULL_ROTATION,2024-05-24,66
P5C-2024-MAR-MAY-MASKING,HIGH_VOLATILITY_NON_TOP_CONTROL,False,2024-03-19,EARLY,medium_after,EXHAUSTION_WATCH,2024-05-17,59
P5C-2024-MAR-MAY-MASKING,HIGH_VOLATILITY_NON_TOP_CONTROL,False,2024-03-19,EARLY,medium_after,DE_RISK_1,2024-06-14,87
P5C-2024-MAR-MAY-MASKING,HIGH_VOLATILITY_NON_TOP_CONTROL,False,2024-03-19,BALANCED,early_warning,LATE_BULL_ROTATION,2024-02-20,-28
P5C-2024-MAR-MAY-MASKING,HIGH_VOLATILITY_NON_TOP_CONTROL,False,2024-03-19,BALANCED,early_warning,EXHAUSTION_WATCH,2024-02-29,-19
P5C-2024-MAR-MAY-MASKING,HIGH_VOLATILITY_NON_TOP_CONTROL,False,2024-03-19,BALANCED,target_lead,EXHAUSTION_WATCH,2024-03-05,-14
P5C-2024-MAR-MAY-MASKING,HIGH_VOLATILITY_NON_TOP_CONTROL,False,2024-03-19,BALANCED,near_event,EXHAUSTION_WATCH,2024-03-13,-6
P5C-2024-MAR-MAY-MASKING,HIGH_VOLATILITY_NON_TOP_CONTROL,False,2024-03-19,BALANCED,immediate_after,BTC_LEADERSHIP_MATURING,2024-04-16,28
P5C-2024-MAR-MAY-MASKING,HIGH_VOLATILITY_NON_TOP_CONTROL,False,2024-03-19,BALANCED,immediate_after,LATE_BULL_ROTATION,2024-04-09,21
P5C-2024-MAR-MAY-MASKING,HIGH_VOLATILITY_NON_TOP_CONTROL,False,2024-03-19,BALANCED,immediate_after,EXHAUSTION_WATCH,2024-03-20,1
P5C-2024-MAR-MAY-MASKING,HIGH_VOLATILITY_NON_TOP_CONTROL,False,2024-03-19,BALANCED,medium_after,NORMAL_BULL,2024-04-27,39
P5C-2024-MAR-MAY-MASKING,HIGH_VOLATILITY_NON_TOP_CONTROL,False,2024-03-19,BALANCED,medium_after,BTC_LEADERSHIP_MATURING,2024-04-17,29
P5C-2024-MAR-MAY-MASKING,HIGH_VOLATILITY_NON_TOP_CONTROL,False,2024-03-19,BALANCED,medium_after,LATE_BULL_ROTATION,2024-05-24,66
P5C-2024-MAR-MAY-MASKING,HIGH_VOLATILITY_NON_TOP_CONTROL,False,2024-03-19,BALANCED,medium_after,EXHAUSTION_WATCH,2024-05-18,60
P5C-2024-MAR-MAY-MASKING,HIGH_VOLATILITY_NON_TOP_CONTROL,False,2024-03-19,BALANCED,medium_after,DE_RISK_1,2024-06-15,88
P5C-2024-MAR-MAY-MASKING,HIGH_VOLATILITY_NON_TOP_CONTROL,False,2024-03-19,CONSERVATIVE,early_warning,LATE_BULL_ROTATION,2024-02-20,-28
P5C-2024-MAR-MAY-MASKING,HIGH_VOLATILITY_NON_TOP_CONTROL,False,2024-03-19,CONSERVATIVE,early_warning,EXHAUSTION_WATCH,2024-02-29,-19
P5C-2024-MAR-MAY-MASKING,HIGH_VOLATILITY_NON_TOP_CONTROL,False,2024-03-19,CONSERVATIVE,target_lead,EXHAUSTION_WATCH,2024-03-05,-14
P5C-2024-MAR-MAY-MASKING,HIGH_VOLATILITY_NON_TOP_CONTROL,False,2024-03-19,CONSERVATIVE,near_event,EXHAUSTION_WATCH,2024-03-13,-6
P5C-2024-MAR-MAY-MASKING,HIGH_VOLATILITY_NON_TOP_CONTROL,False,2024-03-19,CONSERVATIVE,immediate_after,BTC_LEADERSHIP_MATURING,2024-04-09,21
P5C-2024-MAR-MAY-MASKING,HIGH_VOLATILITY_NON_TOP_CONTROL,False,2024-03-19,CONSERVATIVE,immediate_after,LATE_BULL_ROTATION,2024-04-02,14
P5C-2024-MAR-MAY-MASKING,HIGH_VOLATILITY_NON_TOP_CONTROL,False,2024-03-19,CONSERVATIVE,immediate_after,EXHAUSTION_WATCH,2024-03-20,1
P5C-2024-MAR-MAY-MASKING,HIGH_VOLATILITY_NON_TOP_CONTROL,False,2024-03-19,CONSERVATIVE,medium_after,NORMAL_BULL,2024-04-18,30
P5C-2024-MAR-MAY-MASKING,HIGH_VOLATILITY_NON_TOP_CONTROL,False,2024-03-19,CONSERVATIVE,medium_after,BTC_LEADERSHIP_MATURING,2024-04-17,29
P5C-2024-MAR-MAY-MASKING,HIGH_VOLATILITY_NON_TOP_CONTROL,False,2024-03-19,CONSERVATIVE,medium_after,LATE_BULL_ROTATION,2024-05-26,68
P5C-2024-MAR-MAY-MASKING,HIGH_VOLATILITY_NON_TOP_CONTROL,False,2024-03-19,CONSERVATIVE,medium_after,EXHAUSTION_WATCH,2024-05-18,60
P5C-2025-PRE-JUNE-HIGH-VOL,HIGH_VOLATILITY_NON_TOP_CONTROL,False,2025-03-10,EARLY,early_warning,EXHAUSTION_WATCH,2025-02-21,-17
P5C-2025-PRE-JUNE-HIGH-VOL,HIGH_VOLATILITY_NON_TOP_CONTROL,False,2025-03-10,EARLY,early_warning,DE_RISK_1,2025-02-16,-22
P5C-2025-PRE-JUNE-HIGH-VOL,HIGH_VOLATILITY_NON_TOP_CONTROL,False,2025-03-10,EARLY,early_warning,DE_RISK_2,2025-02-10,-28
P5C-2025-PRE-JUNE-HIGH-VOL,HIGH_VOLATILITY_NON_TOP_CONTROL,False,2025-03-10,EARLY,target_lead,LATE_BULL_ROTATION,2025-03-01,-9
P5C-2025-PRE-JUNE-HIGH-VOL,HIGH_VOLATILITY_NON_TOP_CONTROL,False,2025-03-10,EARLY,target_lead,EXHAUSTION_WATCH,2025-02-24,-14
P5C-2025-PRE-JUNE-HIGH-VOL,HIGH_VOLATILITY_NON_TOP_CONTROL,False,2025-03-10,EARLY,near_event,BTC_LEADERSHIP_MATURING,2025-03-08,-2
P5C-2025-PRE-JUNE-HIGH-VOL,HIGH_VOLATILITY_NON_TOP_CONTROL,False,2025-03-10,EARLY,near_event,LATE_BULL_ROTATION,2025-03-04,-6
P5C-2025-PRE-JUNE-HIGH-VOL,HIGH_VOLATILITY_NON_TOP_CONTROL,False,2025-03-10,EARLY,near_event,DE_RISK_2,2025-03-10,0
P5C-2025-PRE-JUNE-HIGH-VOL,HIGH_VOLATILITY_NON_TOP_CONTROL,False,2025-03-10,EARLY,immediate_after,LATE_BULL_ROTATION,2025-04-02,23
P5C-2025-PRE-JUNE-HIGH-VOL,HIGH_VOLATILITY_NON_TOP_CONTROL,False,2025-03-10,EARLY,immediate_after,EXHAUSTION_WATCH,2025-03-20,10
P5C-2025-PRE-JUNE-HIGH-VOL,HIGH_VOLATILITY_NON_TOP_CONTROL,False,2025-03-10,EARLY,immediate_after,DE_RISK_1,2025-03-15,5
P5C-2025-PRE-JUNE-HIGH-VOL,HIGH_VOLATILITY_NON_TOP_CONTROL,False,2025-03-10,EARLY,immediate_after,DE_RISK_2,2025-03-11,1
P5C-2025-PRE-JUNE-HIGH-VOL,HIGH_VOLATILITY_NON_TOP_CONTROL,False,2025-03-10,EARLY,medium_after,LATE_BULL_ROTATION,2025-04-23,44
P5C-2025-PRE-JUNE-HIGH-VOL,HIGH_VOLATILITY_NON_TOP_CONTROL,False,2025-03-10,EARLY,medium_after,EXHAUSTION_WATCH,2025-04-18,39
P5C-2025-PRE-JUNE-HIGH-VOL,HIGH_VOLATILITY_NON_TOP_CONTROL,False,2025-03-10,EARLY,medium_after,DE_RISK_1,2025-04-13,34
P5C-2025-PRE-JUNE-HIGH-VOL,HIGH_VOLATILITY_NON_TOP_CONTROL,False,2025-03-10,EARLY,medium_after,DE_RISK_2,2025-04-08,29
P5C-2025-PRE-JUNE-HIGH-VOL,HIGH_VOLATILITY_NON_TOP_CONTROL,False,2025-03-10,BALANCED,early_warning,LATE_BULL_ROTATION,2025-02-19,-19
P5C-2025-PRE-JUNE-HIGH-VOL,HIGH_VOLATILITY_NON_TOP_CONTROL,False,2025-03-10,BALANCED,early_warning,EXHAUSTION_WATCH,2025-02-14,-24
P5C-2025-PRE-JUNE-HIGH-VOL,HIGH_VOLATILITY_NON_TOP_CONTROL,False,2025-03-10,BALANCED,early_warning,DE_RISK_1,2025-02-10,-28
P5C-2025-PRE-JUNE-HIGH-VOL,HIGH_VOLATILITY_NON_TOP_CONTROL,False,2025-03-10,BALANCED,target_lead,BTC_LEADERSHIP_MATURING,2025-03-01,-9
P5C-2025-PRE-JUNE-HIGH-VOL,HIGH_VOLATILITY_NON_TOP_CONTROL,False,2025-03-10,BALANCED,target_lead,LATE_BULL_ROTATION,2025-02-24,-14
P5C-2025-PRE-JUNE-HIGH-VOL,HIGH_VOLATILITY_NON_TOP_CONTROL,False,2025-03-10,BALANCED,near_event,NORMAL_BULL,2025-03-08,-2
P5C-2025-PRE-JUNE-HIGH-VOL,HIGH_VOLATILITY_NON_TOP_CONTROL,False,2025-03-10,BALANCED,near_event,BTC_LEADERSHIP_MATURING,2025-03-04,-6
P5C-2025-PRE-JUNE-HIGH-VOL,HIGH_VOLATILITY_NON_TOP_CONTROL,False,2025-03-10,BALANCED,immediate_after,NORMAL_BULL,2025-03-11,1
P5C-2025-PRE-JUNE-HIGH-VOL,HIGH_VOLATILITY_NON_TOP_CONTROL,False,2025-03-10,BALANCED,medium_after,NORMAL_BULL,2025-04-08,29
P5C-2025-PRE-JUNE-HIGH-VOL,HIGH_VOLATILITY_NON_TOP_CONTROL,False,2025-03-10,BALANCED,medium_after,LATE_BULL_ROTATION,2025-04-29,50
P5C-2025-PRE-JUNE-HIGH-VOL,HIGH_VOLATILITY_NON_TOP_CONTROL,False,2025-03-10,BALANCED,medium_after,EXHAUSTION_WATCH,2025-05-04,55
P5C-2025-PRE-JUNE-HIGH-VOL,HIGH_VOLATILITY_NON_TOP_CONTROL,False,2025-03-10,CONSERVATIVE,early_warning,LATE_BULL_ROTATION,2025-02-23,-15
P5C-2025-PRE-JUNE-HIGH-VOL,HIGH_VOLATILITY_NON_TOP_CONTROL,False,2025-03-10,CONSERVATIVE,early_warning,EXHAUSTION_WATCH,2025-02-16,-22
P5C-2025-PRE-JUNE-HIGH-VOL,HIGH_VOLATILITY_NON_TOP_CONTROL,False,2025-03-10,CONSERVATIVE,early_warning,DE_RISK_1,2025-02-10,-28
P5C-2025-PRE-JUNE-HIGH-VOL,HIGH_VOLATILITY_NON_TOP_CONTROL,False,2025-03-10,CONSERVATIVE,target_lead,LATE_BULL_ROTATION,2025-02-24,-14
P5C-2025-PRE-JUNE-HIGH-VOL,HIGH_VOLATILITY_NON_TOP_CONTROL,False,2025-03-10,CONSERVATIVE,near_event,LATE_BULL_ROTATION,2025-03-04,-6
P5C-2025-PRE-JUNE-HIGH-VOL,HIGH_VOLATILITY_NON_TOP_CONTROL,False,2025-03-10,CONSERVATIVE,immediate_after,NORMAL_BULL,2025-03-31,21
P5C-2025-PRE-JUNE-HIGH-VOL,HIGH_VOLATILITY_NON_TOP_CONTROL,False,2025-03-10,CONSERVATIVE,immediate_after,BTC_LEADERSHIP_MATURING,2025-03-17,7
P5C-2025-PRE-JUNE-HIGH-VOL,HIGH_VOLATILITY_NON_TOP_CONTROL,False,2025-03-10,CONSERVATIVE,immediate_after,LATE_BULL_ROTATION,2025-03-11,1
P5C-2025-PRE-JUNE-HIGH-VOL,HIGH_VOLATILITY_NON_TOP_CONTROL,False,2025-03-10,CONSERVATIVE,medium_after,NORMAL_BULL,2025-04-08,29
P5C-2025-PRE-JUNE-HIGH-VOL,HIGH_VOLATILITY_NON_TOP_CONTROL,False,2025-03-10,CONSERVATIVE,medium_after,BTC_LEADERSHIP_MATURING,2025-05-01,52
P5C-2025-PRE-JUNE-HIGH-VOL,HIGH_VOLATILITY_NON_TOP_CONTROL,False,2025-03-10,CONSERVATIVE,medium_after,LATE_BULL_ROTATION,2025-05-06,57
P5C-2025-PRE-JUNE-HIGH-VOL,HIGH_VOLATILITY_NON_TOP_CONTROL,False,2025-03-10,CONSERVATIVE,medium_after,EXHAUSTION_WATCH,2025-05-30,81
