event_id,event_class,terminal_label,anchor_date,profile,bucket,classified_rows,normal_bull_count,normal_bull_fraction,btc_leadership_maturing_count,btc_leadership_maturing_fraction,late_bull_rotation_count,late_bull_rotation_fraction,exhaustion_watch_count,exhaustion_watch_fraction,de_risk_1_count,de_risk_1_fraction,de_risk_2_count,de_risk_2_fraction,flat_count,flat_fraction,de_risk_1_or_worse_fraction
P5E-2021-SPRING-MAJOR-TOP,LOCAL_MAJOR_TOP_NONTERMINAL,False,2021-04-13,EARLY,early_warning,14,0,0,0,0,5,0.357142857143,3,0.214285714286,0,0,6,0.428571428571,0,0,0.428571428571
P5E-2021-SPRING-MAJOR-TOP,LOCAL_MAJOR_TOP_NONTERMINAL,False,2021-04-13,EARLY,target_lead,8,0,0,0,0,0,0,3,0.375,5,0.625,0,0,0,0,0.625
P5E-2021-SPRING-MAJOR-TOP,LOCAL_MAJOR_TOP_NONTERMINAL,False,2021-04-13,EARLY,near_event,7,0,0,0,0,5,0.714285714286,2,0.285714285714,0,0,0,0,0,0,0
P5E-2021-SPRING-MAJOR-TOP,LOCAL_MAJOR_TOP_NONTERMINAL,False,2021-04-13,EARLY,immediate_after,28,17,0.607142857143,5,0.178571428571,6,0.214285714286,0,0,0,0,0,0,0,0,0
P5E-2021-SPRING-MAJOR-TOP,LOCAL_MAJOR_TOP_NONTERMINAL,False,2021-04-13,EARLY,medium_after,62,10,0.161290322581,8,0.129032258065,8,0.129032258065,10,0.161290322581,10,0.161290322581,16,0.258064516129,0,0,0.41935483871
P5E-2021-SPRING-MAJOR-TOP,LOCAL_MAJOR_TOP_NONTERMINAL,False,2021-04-13,BALANCED,early_warning,14,0,0,0,0,6,0.428571428571,3,0.214285714286,5,0.357142857143,0,0,0,0,0.357142857143
P5E-2021-SPRING-MAJOR-TOP,LOCAL_MAJOR_TOP_NONTERMINAL,False,2021-04-13,BALANCED,target_lead,8,0,0,0,0,3,0.375,5,0.625,0,0,0,0,0,0,0
P5E-2021-SPRING-MAJOR-TOP,LOCAL_MAJOR_TOP_NONTERMINAL,False,2021-04-13,BALANCED,near_event,7,0,0,4,0.571428571429,3,0.428571428571,0,0,0,0,0,0,0,0,0
P5E-2021-SPRING-MAJOR-TOP,LOCAL_MAJOR_TOP_NONTERMINAL,False,2021-04-13,BALANCED,immediate_after,28,16,0.571428571429,5,0.178571428571,7,0.25,0,0,0,0,0,0,0,0,0
P5E-2021-SPRING-MAJOR-TOP,LOCAL_MAJOR_TOP_NONTERMINAL,False,2021-04-13,BALANCED,medium_after,62,32,0.516129032258,8,0.129032258065,5,0.0806451612903,5,0.0806451612903,5,0.0806451612903,7,0.112903225806,0,0,0.193548387097
P5E-2021-SPRING-MAJOR-TOP,LOCAL_MAJOR_TOP_NONTERMINAL,False,2021-04-13,CONSERVATIVE,early_warning,14,0,0,0,0,0,0,8,0.571428571429,6,0.428571428571,0,0,0,0,0.428571428571
P5E-2021-SPRING-MAJOR-TOP,LOCAL_MAJOR_TOP_NONTERMINAL,False,2021-04-13,CONSERVATIVE,target_lead,8,0,0,0,0,0,0,6,0.75,2,0.25,0,0,0,0,0.25
P5E-2021-SPRING-MAJOR-TOP,LOCAL_MAJOR_TOP_NONTERMINAL,False,2021-04-13,CONSERVATIVE,near_event,7,0,0,0,0,6,0.857142857143,1,0.142857142857,0,0,0,0,0,0,0
P5E-2021-SPRING-MAJOR-TOP,LOCAL_MAJOR_TOP_NONTERMINAL,False,2021-04-13,CONSERVATIVE,immediate_after,28,11,0.392857142857,7,0.25,10,0.357142857143,0,0,0,0,0,0,0,0,0
P5E-2021-SPRING-MAJOR-TOP,LOCAL_MAJOR_TOP_NONTERMINAL,False,2021-04-13,CONSERVATIVE,medium_after,62,25,0.403225806452,7,0.112903225806,7,0.112903225806,7,0.112903225806,7,0.112903225806,9,0.145161290323,0,0,0.258064516129
P5E-2021-SUMMER-SECOND-WIND,SECOND_WIND_TRANSITION,False,2021-07-20,EARLY,early_warning,14,0,0,0,0,0,0,1,0.0714285714286,5,0.357142857143,8,0.571428571429,0,0,0.928571428571
P5E-2021-SUMMER-SECOND-WIND,SECOND_WIND_TRANSITION,False,2021-07-20,EARLY,target_lead,8,0,0,0,0,4,0.5,4,0.5,0,0,0,0,0,0,0
P5E-2021-SUMMER-SECOND-WIND,SECOND_WIND_TRANSITION,False,2021-07-20,EARLY,near_event,7,1,0.142857142857,5,0.714285714286,1,0.142857142857,0,0,0,0,0,0,0,0,0
P5E-2021-SUMMER-SECOND-WIND,SECOND_WIND_TRANSITION,False,2021-07-20,EARLY,immediate_after,28,4,0.142857142857,0,0,6,0.214285714286,12,0.428571428571,6,0.214285714286,0,0,0,0,0.214285714286
P5E-2021-SUMMER-SECOND-WIND,SECOND_WIND_TRANSITION,False,2021-07-20,EARLY,medium_after,62,0,0,0,0,2,0.0322580645161,30,0.483870967742,20,0.322580645161,10,0.161290322581,0,0,0.483870967742
P5E-2021-SUMMER-SECOND-WIND,SECOND_WIND_TRANSITION,False,2021-07-20,BALANCED,early_warning,14,14,1,0,0,0,0,0,0,0,0,0,0,0,0,0
P5E-2021-SUMMER-SECOND-WIND,SECOND_WIND_TRANSITION,False,2021-07-20,BALANCED,target_lead,8,8,1,0,0,0,0,0,0,0,0,0,0,0,0,0
P5E-2021-SUMMER-SECOND-WIND,SECOND_WIND_TRANSITION,False,2021-07-20,BALANCED,near_event,7,7,1,0,0,0,0,0,0,0,0,0,0,0,0,0
P5E-2021-SUMMER-SECOND-WIND,SECOND_WIND_TRANSITION,False,2021-07-20,BALANCED,immediate_after,28,5,0.178571428571,0,0,13,0.464285714286,10,0.357142857143,0,0,0,0,0,0,0
P5E-2021-SUMMER-SECOND-WIND,SECOND_WIND_TRANSITION,False,2021-07-20,BALANCED,medium_after,62,0,0,9,0.145161290323,22,0.354838709677,24,0.387096774194,7,0.112903225806,0,0,0,0,0.112903225806
P5E-2021-SUMMER-SECOND-WIND,SECOND_WIND_TRANSITION,False,2021-07-20,CONSERVATIVE,early_warning,14,9,0.642857142857,5,0.357142857143,0,0,0,0,0,0,0,0,0,0,0
P5E-2021-SUMMER-SECOND-WIND,SECOND_WIND_TRANSITION,False,2021-07-20,CONSERVATIVE,target_lead,8,8,1,0,0,0,0,0,0,0,0,0,0,0,0,0
P5E-2021-SUMMER-SECOND-WIND,SECOND_WIND_TRANSITION,False,2021-07-20,CONSERVATIVE,near_event,7,7,1,0,0,0,0,0,0,0,0,0,0,0,0,0
P5E-2021-SUMMER-SECOND-WIND,SECOND_WIND_TRANSITION,False,2021-07-20,CONSERVATIVE,immediate_after,28,6,0.214285714286,0,0,12,0.428571428571,10,0.357142857143,0,0,0,0,0,0,0
P5E-2021-SUMMER-SECOND-WIND,SECOND_WIND_TRANSITION,False,2021-07-20,CONSERVATIVE,medium_after,62,0,0,21,0.338709677419,21,0.338709677419,20,0.322580645161,0,0,0,0,0,0,0
P5E-2021-NOV-TERMINAL-TOP,TERMINAL_TOP_BEAR_TRANSITION,True,2021-11-08,EARLY,early_warning,14,0,0,0,0,5,0.357142857143,9,0.642857142857,0,0,0,0,0,0,0
P5E-2021-NOV-TERMINAL-TOP,TERMINAL_TOP_BEAR_TRANSITION,True,2021-11-08,EARLY,target_lead,8,0,0,0,0,0,0,8,1,0,0,0,0,0,0,0
P5E-2021-NOV-TERMINAL-TOP,TERMINAL_TOP_BEAR_TRANSITION,True,2021-11-08,EARLY,near_event,7,0,0,0,0,2,0.285714285714,5,0.714285714286,0,0,0,0,0,0,0
P5E-2021-NOV-TERMINAL-TOP,TERMINAL_TOP_BEAR_TRANSITION,True,2021-11-08,EARLY,immediate_after,28,0,0,0,0,15,0.535714285714,0,0,8,0.285714285714,5,0.178571428571,0,0,0.464285714286
P5E-2021-NOV-TERMINAL-TOP,TERMINAL_TOP_BEAR_TRANSITION,True,2021-11-08,EARLY,medium_after,62,0,0,2,0.0322580645161,5,0.0806451612903,17,0.274193548387,22,0.354838709677,16,0.258064516129,0,0,0.612903225806
P5E-2021-NOV-TERMINAL-TOP,TERMINAL_TOP_BEAR_TRANSITION,True,2021-11-08,BALANCED,early_warning,14,0,0,12,0.857142857143,0,0,2,0.142857142857,0,0,0,0,0,0,0
P5E-2021-NOV-TERMINAL-TOP,TERMINAL_TOP_BEAR_TRANSITION,True,2021-11-08,BALANCED,target_lead,8,0,0,0,0,0,0,8,1,0,0,0,0,0,0,0
P5E-2021-NOV-TERMINAL-TOP,TERMINAL_TOP_BEAR_TRANSITION,True,2021-11-08,BALANCED,near_event,7,0,0,0,0,2,0.285714285714,5,0.714285714286,0,0,0,0,0,0,0
P5E-2021-NOV-TERMINAL-TOP,TERMINAL_TOP_BEAR_TRANSITION,True,2021-11-08,BALANCED,immediate_after,28,5,0.178571428571,17,0.607142857143,6,0.214285714286,0,0,0,0,0,0,0,0,0
P5E-2021-NOV-TERMINAL-TOP,TERMINAL_TOP_BEAR_TRANSITION,True,2021-11-08,BALANCED,medium_after,62,31,0.5,0,0,4,0.0645161290323,10,0.161290322581,12,0.193548387097,5,0.0806451612903,0,0,0.274193548387
P5E-2021-NOV-TERMINAL-TOP,TERMINAL_TOP_BEAR_TRANSITION,True,2021-11-08,CONSERVATIVE,early_warning,14,0,0,12,0.857142857143,0,0,2,0.142857142857,0,0,0,0,0,0,0
P5E-2021-NOV-TERMINAL-TOP,TERMINAL_TOP_BEAR_TRANSITION,True,2021-11-08,CONSERVATIVE,target_lead,8,0,0,0,0,0,0,8,1,0,0,0,0,0,0,0
P5E-2021-NOV-TERMINAL-TOP,TERMINAL_TOP_BEAR_TRANSITION,True,2021-11-08,CONSERVATIVE,near_event,7,0,0,0,0,0,0,7,1,0,0,0,0,0,0,0
P5E-2021-NOV-TERMINAL-TOP,TERMINAL_TOP_BEAR_TRANSITION,True,2021-11-08,CONSERVATIVE,immediate_after,28,3,0.107142857143,17,0.607142857143,8,0.285714285714,0,0,0,0,0,0,0,0,0
P5E-2021-NOV-TERMINAL-TOP,TERMINAL_TOP_BEAR_TRANSITION,True,2021-11-08,CONSERVATIVE,medium_after,62,23,0.370967741935,10,0.161290322581,7,0.112903225806,13,0.209677419355,9,0.145161290323,0,0,0,0,0.145161290323
P5E-2025-JUNE-NEW-HIGH,TEMPORARY_NEW_HIGH_PHASE,False,2025-05-22,EARLY,early_warning,14,0,0,0,0,9,0.642857142857,5,0.357142857143,0,0,0,0,0,0,0
P5E-2025-JUNE-NEW-HIGH,TEMPORARY_NEW_HIGH_PHASE,False,2025-05-22,EARLY,target_lead,8,0,0,0,0,0,0,8,1,0,0,0,0,0,0,0
P5E-2025-JUNE-NEW-HIGH,TEMPORARY_NEW_HIGH_PHASE,False,2025-05-22,EARLY,near_event,7,0,0,0,0,0,0,7,1,0,0,0,0,0,0,0
P5E-2025-JUNE-NEW-HIGH,TEMPORARY_NEW_HIGH_PHASE,False,2025-05-22,EARLY,immediate_after,28,0,0,0,0,0,0,28,1,0,0,0,0,0,0,0
P5E-2025-JUNE-NEW-HIGH,TEMPORARY_NEW_HIGH_PHASE,False,2025-05-22,EARLY,medium_after,62,0,0,0,0,14,0.225806451613,43,0.693548387097,5,0.0806451612903,0,0,0,0,0.0806451612903
P5E-2025-JUNE-NEW-HIGH,TEMPORARY_NEW_HIGH_PHASE,False,2025-05-22,BALANCED,early_warning,14,5,0.357142857143,0,0,5,0.357142857143,4,0.285714285714,0,0,0,0,0,0,0
P5E-2025-JUNE-NEW-HIGH,TEMPORARY_NEW_HIGH_PHASE,False,2025-05-22,BALANCED,target_lead,8,0,0,0,0,0,0,8,1,0,0,0,0,0,0,0
P5E-2025-JUNE-NEW-HIGH,TEMPORARY_NEW_HIGH_PHASE,False,2025-05-22,BALANCED,near_event,7,0,0,0,0,6,0.857142857143,1,0.142857142857,0,0,0,0,0,0,0
P5E-2025-JUNE-NEW-HIGH,TEMPORARY_NEW_HIGH_PHASE,False,2025-05-22,BALANCED,immediate_after,28,0,0,0,0,7,0.25,21,0.75,0,0,0,0,0,0,0
P5E-2025-JUNE-NEW-HIGH,TEMPORARY_NEW_HIGH_PHASE,False,2025-05-22,BALANCED,medium_after,62,0,0,4,0.0645161290323,45,0.725806451613,13,0.209677419355,0,0,0,0,0,0,0
P5E-2025-JUNE-NEW-HIGH,TEMPORARY_NEW_HIGH_PHASE,False,2025-05-22,CONSERVATIVE,early_warning,14,7,0.5,5,0.357142857143,2,0.142857142857,0,0,0,0,0,0,0,0,0
P5E-2025-JUNE-NEW-HIGH,TEMPORARY_NEW_HIGH_PHASE,False,2025-05-22,CONSERVATIVE,target_lead,8,0,0,0,0,8,1,0,0,0,0,0,0,0,0,0
P5E-2025-JUNE-NEW-HIGH,TEMPORARY_NEW_HIGH_PHASE,False,2025-05-22,CONSERVATIVE,near_event,7,0,0,0,0,7,1,0,0,0,0,0,0,0,0,0
P5E-2025-JUNE-NEW-HIGH,TEMPORARY_NEW_HIGH_PHASE,False,2025-05-22,CONSERVATIVE,immediate_after,28,0,0,0,0,7,0.25,21,0.75,0,0,0,0,0,0,0
P5E-2025-JUNE-NEW-HIGH,TEMPORARY_NEW_HIGH_PHASE,False,2025-05-22,CONSERVATIVE,medium_after,62,0,0,0,0,54,0.870967741935,8,0.129032258065,0,0,0,0,0,0,0
P5E-2025-AUG-NEW-HIGH,SECOND_WIND_NEW_HIGH_PHASE,False,2025-08-13,EARLY,early_warning,14,0,0,0,0,8,0.571428571429,6,0.428571428571,0,0,0,0,0,0,0
P5E-2025-AUG-NEW-HIGH,SECOND_WIND_NEW_HIGH_PHASE,False,2025-08-13,EARLY,target_lead,8,0,0,0,0,2,0.25,6,0.75,0,0,0,0,0,0,0
P5E-2025-AUG-NEW-HIGH,SECOND_WIND_NEW_HIGH_PHASE,False,2025-08-13,EARLY,near_event,7,0,0,0,0,0,0,7,1,0,0,0,0,0,0,0
P5E-2025-AUG-NEW-HIGH,SECOND_WIND_NEW_HIGH_PHASE,False,2025-08-13,EARLY,immediate_after,28,6,0.214285714286,8,0.285714285714,5,0.178571428571,9,0.321428571429,0,0,0,0,0,0,0
P5E-2025-AUG-NEW-HIGH,SECOND_WIND_NEW_HIGH_PHASE,False,2025-08-13,EARLY,medium_after,62,0,0,6,0.0967741935484,12,0.193548387097,17,0.274193548387,10,0.161290322581,17,0.274193548387,0,0,0.435483870968
P5E-2025-AUG-NEW-HIGH,SECOND_WIND_NEW_HIGH_PHASE,False,2025-08-13,BALANCED,early_warning,14,0,0,0,0,9,0.642857142857,5,0.357142857143,0,0,0,0,0,0,0
P5E-2025-AUG-NEW-HIGH,SECOND_WIND_NEW_HIGH_PHASE,False,2025-08-13,BALANCED,target_lead,8,0,0,0,0,7,0.875,1,0.125,0,0,0,0,0,0,0
P5E-2025-AUG-NEW-HIGH,SECOND_WIND_NEW_HIGH_PHASE,False,2025-08-13,BALANCED,near_event,7,0,0,0,0,7,1,0,0,0,0,0,0,0,0,0
P5E-2025-AUG-NEW-HIGH,SECOND_WIND_NEW_HIGH_PHASE,False,2025-08-13,BALANCED,immediate_after,28,10,0.357142857143,5,0.178571428571,13,0.464285714286,0,0,0,0,0,0,0,0,0
P5E-2025-AUG-NEW-HIGH,SECOND_WIND_NEW_HIGH_PHASE,False,2025-08-13,BALANCED,medium_after,62,16,0.258064516129,19,0.306451612903,9,0.145161290323,6,0.0967741935484,5,0.0806451612903,7,0.112903225806,0,0,0.193548387097
P5E-2025-AUG-NEW-HIGH,SECOND_WIND_NEW_HIGH_PHASE,False,2025-08-13,CONSERVATIVE,early_warning,14,0,0,0,0,14,1,0,0,0,0,0,0,0,0,0
P5E-2025-AUG-NEW-HIGH,SECOND_WIND_NEW_HIGH_PHASE,False,2025-08-13,CONSERVATIVE,target_lead,8,0,0,0,0,8,1,0,0,0,0,0,0,0,0,0
P5E-2025-AUG-NEW-HIGH,SECOND_WIND_NEW_HIGH_PHASE,False,2025-08-13,CONSERVATIVE,near_event,7,0,0,0,0,7,1,0,0,0,0,0,0,0,0,0
P5E-2025-AUG-NEW-HIGH,SECOND_WIND_NEW_HIGH_PHASE,False,2025-08-13,CONSERVATIVE,immediate_after,28,5,0.178571428571,7,0.25,16,0.571428571429,0,0,0,0,0,0,0,0,0
P5E-2025-AUG-NEW-HIGH,SECOND_WIND_NEW_HIGH_PHASE,False,2025-08-13,CONSERVATIVE,medium_after,62,20,0.322580645161,36,0.58064516129,0,0,0,0,6,0.0967741935484,0,0,0,0,0.0967741935484
P5E-2025-OCT-NEW-HIGH-DELEVERAGING,NEW_HIGH_DELEVERAGING_PHASE,False,2025-10-06,EARLY,early_warning,14,3,0.214285714286,0,0,6,0.428571428571,5,0.357142857143,0,0,0,0,0,0,0
P5E-2025-OCT-NEW-HIGH-DELEVERAGING,NEW_HIGH_DELEVERAGING_PHASE,False,2025-10-06,EARLY,target_lead,8,0,0,0,0,1,0.125,0,0,0,0,7,0.875,0,0,0.875
P5E-2025-OCT-NEW-HIGH-DELEVERAGING,NEW_HIGH_DELEVERAGING_PHASE,False,2025-10-06,EARLY,near_event,7,0,0,0,0,0,0,0,0,5,0.714285714286,2,0.285714285714,0,0,1
P5E-2025-OCT-NEW-HIGH-DELEVERAGING,NEW_HIGH_DELEVERAGING_PHASE,False,2025-10-06,EARLY,immediate_after,28,0,0,6,0.214285714286,5,0.178571428571,12,0.428571428571,5,0.178571428571,0,0,0,0,0.178571428571
P5E-2025-OCT-NEW-HIGH-DELEVERAGING,NEW_HIGH_DELEVERAGING_PHASE,False,2025-10-06,EARLY,medium_after,62,26,0.41935483871,8,0.129032258065,9,0.145161290323,5,0.0806451612903,5,0.0806451612903,9,0.145161290323,0,0,0.225806451613
P5E-2025-OCT-NEW-HIGH-DELEVERAGING,NEW_HIGH_DELEVERAGING_PHASE,False,2025-10-06,BALANCED,early_warning,14,5,0.357142857143,9,0.642857142857,0,0,0,0,0,0,0,0,0,0,0
P5E-2025-OCT-NEW-HIGH-DELEVERAGING,NEW_HIGH_DELEVERAGING_PHASE,False,2025-10-06,BALANCED,target_lead,8,0,0,5,0.625,0,0,0,0,3,0.375,0,0,0,0,0.375
P5E-2025-OCT-NEW-HIGH-DELEVERAGING,NEW_HIGH_DELEVERAGING_PHASE,False,2025-10-06,BALANCED,near_event,7,0,0,0,0,0,0,5,0.714285714286,2,0.285714285714,0,0,0,0,0.285714285714
P5E-2025-OCT-NEW-HIGH-DELEVERAGING,NEW_HIGH_DELEVERAGING_PHASE,False,2025-10-06,BALANCED,immediate_after,28,13,0.464285714286,5,0.178571428571,9,0.321428571429,1,0.0357142857143,0,0,0,0,0,0,0
P5E-2025-OCT-NEW-HIGH-DELEVERAGING,NEW_HIGH_DELEVERAGING_PHASE,False,2025-10-06,BALANCED,medium_after,62,32,0.516129032258,7,0.112903225806,5,0.0806451612903,5,0.0806451612903,5,0.0806451612903,8,0.129032258065,0,0,0.209677419355
P5E-2025-OCT-NEW-HIGH-DELEVERAGING,NEW_HIGH_DELEVERAGING_PHASE,False,2025-10-06,CONSERVATIVE,early_warning,14,5,0.357142857143,9,0.642857142857,0,0,0,0,0,0,0,0,0,0,0
P5E-2025-OCT-NEW-HIGH-DELEVERAGING,NEW_HIGH_DELEVERAGING_PHASE,False,2025-10-06,CONSERVATIVE,target_lead,8,0,0,8,1,0,0,0,0,0,0,0,0,0,0,0
P5E-2025-OCT-NEW-HIGH-DELEVERAGING,NEW_HIGH_DELEVERAGING_PHASE,False,2025-10-06,CONSERVATIVE,near_event,7,0,0,7,1,0,0,0,0,0,0,0,0,0,0,0
P5E-2025-OCT-NEW-HIGH-DELEVERAGING,NEW_HIGH_DELEVERAGING_PHASE,False,2025-10-06,CONSERVATIVE,immediate_after,28,16,0.571428571429,12,0.428571428571,0,0,0,0,0,0,0,0,0,0,0
P5E-2025-OCT-NEW-HIGH-DELEVERAGING,NEW_HIGH_DELEVERAGING_PHASE,False,2025-10-06,CONSERVATIVE,medium_after,62,24,0.387096774194,15,0.241935483871,7,0.112903225806,7,0.112903225806,9,0.145161290323,0,0,0,0,0.145161290323
P5E-2025-LATE-DETERIORATION,POST_DELEVERAGING_DETERIORATION,False,2025-10-06,EARLY,early_warning,14,3,0.214285714286,0,0,6,0.428571428571,5,0.357142857143,0,0,0,0,0,0,0
P5E-2025-LATE-DETERIORATION,POST_DELEVERAGING_DETERIORATION,False,2025-10-06,EARLY,target_lead,8,0,0,0,0,1,0.125,0,0,0,0,7,0.875,0,0,0.875
P5E-2025-LATE-DETERIORATION,POST_DELEVERAGING_DETERIORATION,False,2025-10-06,EARLY,near_event,7,0,0,0,0,0,0,0,0,5,0.714285714286,2,0.285714285714,0,0,1
P5E-2025-LATE-DETERIORATION,POST_DELEVERAGING_DETERIORATION,False,2025-10-06,EARLY,immediate_after,28,0,0,6,0.214285714286,5,0.178571428571,12,0.428571428571,5,0.178571428571,0,0,0,0,0.178571428571
P5E-2025-LATE-DETERIORATION,POST_DELEVERAGING_DETERIORATION,False,2025-10-06,EARLY,medium_after,62,26,0.41935483871,8,0.129032258065,9,0.145161290323,5,0.0806451612903,5,0.0806451612903,9,0.145161290323,0,0,0.225806451613
P5E-2025-LATE-DETERIORATION,POST_DELEVERAGING_DETERIORATION,False,2025-10-06,BALANCED,early_warning,14,5,0.357142857143,9,0.642857142857,0,0,0,0,0,0,0,0,0,0,0
P5E-2025-LATE-DETERIORATION,POST_DELEVERAGING_DETERIORATION,False,2025-10-06,BALANCED,target_lead,8,0,0,5,0.625,0,0,0,0,3,0.375,0,0,0,0,0.375
P5E-2025-LATE-DETERIORATION,POST_DELEVERAGING_DETERIORATION,False,2025-10-06,BALANCED,near_event,7,0,0,0,0,0,0,5,0.714285714286,2,0.285714285714,0,0,0,0,0.285714285714
P5E-2025-LATE-DETERIORATION,POST_DELEVERAGING_DETERIORATION,False,2025-10-06,BALANCED,immediate_after,28,13,0.464285714286,5,0.178571428571,9,0.321428571429,1,0.0357142857143,0,0,0,0,0,0,0
P5E-2025-LATE-DETERIORATION,POST_DELEVERAGING_DETERIORATION,False,2025-10-06,BALANCED,medium_after,62,32,0.516129032258,7,0.112903225806,5,0.0806451612903,5,0.0806451612903,5,0.0806451612903,8,0.129032258065,0,0,0.209677419355
P5E-2025-LATE-DETERIORATION,POST_DELEVERAGING_DETERIORATION,False,2025-10-06,CONSERVATIVE,early_warning,14,5,0.357142857143,9,0.642857142857,0,0,0,0,0,0,0,0,0,0,0
P5E-2025-LATE-DETERIORATION,POST_DELEVERAGING_DETERIORATION,False,2025-10-06,CONSERVATIVE,target_lead,8,0,0,8,1,0,0,0,0,0,0,0,0,0,0,0
P5E-2025-LATE-DETERIORATION,POST_DELEVERAGING_DETERIORATION,False,2025-10-06,CONSERVATIVE,near_event,7,0,0,7,1,0,0,0,0,0,0,0,0,0,0,0
P5E-2025-LATE-DETERIORATION,POST_DELEVERAGING_DETERIORATION,False,2025-10-06,CONSERVATIVE,immediate_after,28,16,0.571428571429,12,0.428571428571,0,0,0,0,0,0,0,0,0,0,0
P5E-2025-LATE-DETERIORATION,POST_DELEVERAGING_DETERIORATION,False,2025-10-06,CONSERVATIVE,medium_after,62,24,0.387096774194,15,0.241935483871,7,0.112903225806,7,0.112903225806,9,0.145161290323,0,0,0,0,0.145161290323
P5C-2021-JAN-FEB-HIGH-VOL,HIGH_VOLATILITY_NON_TOP_CONTROL,False,2021-02-28,EARLY,early_warning,14,3,0.214285714286,6,0.428571428571,5,0.357142857143,0,0,0,0,0,0,0,0,0
P5C-2021-JAN-FEB-HIGH-VOL,HIGH_VOLATILITY_NON_TOP_CONTROL,False,2021-02-28,EARLY,target_lead,8,0,0,5,0.625,0,0,3,0.375,0,0,0,0,0,0,0
P5C-2021-JAN-FEB-HIGH-VOL,HIGH_VOLATILITY_NON_TOP_CONTROL,False,2021-02-28,EARLY,near_event,7,0,0,0,0,0,0,1,0.142857142857,0,0,0,0,6,0.857142857143,0.857142857143
P5C-2021-JAN-FEB-HIGH-VOL,HIGH_VOLATILITY_NON_TOP_CONTROL,False,2021-02-28,EARLY,immediate_after,28,0,0,0,0,5,0.178571428571,8,0.285714285714,5,0.178571428571,10,0.357142857143,0,0,0.535714285714
P5C-2021-JAN-FEB-HIGH-VOL,HIGH_VOLATILITY_NON_TOP_CONTROL,False,2021-02-28,EARLY,medium_after,62,25,0.403225806452,5,0.0806451612903,11,0.177419354839,5,0.0806451612903,7,0.112903225806,9,0.145161290323,0,0,0.258064516129
P5C-2021-JAN-FEB-HIGH-VOL,HIGH_VOLATILITY_NON_TOP_CONTROL,False,2021-02-28,BALANCED,early_warning,14,13,0.928571428571,1,0.0714285714286,0,0,0,0,0,0,0,0,0,0,0
P5C-2021-JAN-FEB-HIGH-VOL,HIGH_VOLATILITY_NON_TOP_CONTROL,False,2021-02-28,BALANCED,target_lead,8,0,0,8,1,0,0,0,0,0,0,0,0,0,0,0
P5C-2021-JAN-FEB-HIGH-VOL,HIGH_VOLATILITY_NON_TOP_CONTROL,False,2021-02-28,BALANCED,near_event,7,0,0,0,0,0,0,1,0.142857142857,0,0,0,0,6,0.857142857143,0.857142857143
P5C-2021-JAN-FEB-HIGH-VOL,HIGH_VOLATILITY_NON_TOP_CONTROL,False,2021-02-28,BALANCED,immediate_after,28,0,0,0,0,6,0.214285714286,8,0.285714285714,9,0.321428571429,5,0.178571428571,0,0,0.5
P5C-2021-JAN-FEB-HIGH-VOL,HIGH_VOLATILITY_NON_TOP_CONTROL,False,2021-02-28,BALANCED,medium_after,62,25,0.403225806452,9,0.145161290323,13,0.209677419355,5,0.0806451612903,3,0.0483870967742,7,0.112903225806,0,0,0.161290322581
P5C-2021-JAN-FEB-HIGH-VOL,HIGH_VOLATILITY_NON_TOP_CONTROL,False,2021-02-28,CONSERVATIVE,early_warning,14,14,1,0,0,0,0,0,0,0,0,0,0,0,0,0
P5C-2021-JAN-FEB-HIGH-VOL,HIGH_VOLATILITY_NON_TOP_CONTROL,False,2021-02-28,CONSERVATIVE,target_lead,8,4,0.5,4,0.5,0,0,0,0,0,0,0,0,0,0,0
P5C-2021-JAN-FEB-HIGH-VOL,HIGH_VOLATILITY_NON_TOP_CONTROL,False,2021-02-28,CONSERVATIVE,near_event,7,0,0,1,0.142857142857,0,0,0,0,0,0,0,0,6,0.857142857143,0.857142857143
P5C-2021-JAN-FEB-HIGH-VOL,HIGH_VOLATILITY_NON_TOP_CONTROL,False,2021-02-28,CONSERVATIVE,immediate_after,28,0,0,0,0,0,0,8,0.285714285714,11,0.392857142857,7,0.25,2,0.0714285714286,0.714285714286
P5C-2021-JAN-FEB-HIGH-VOL,HIGH_VOLATILITY_NON_TOP_CONTROL,False,2021-02-28,CONSERVATIVE,medium_after,62,20,0.322580645161,7,0.112903225806,16,0.258064516129,7,0.112903225806,3,0.0483870967742,9,0.145161290323,0,0,0.193548387097
P5C-2021-SEP-HIGH-VOL,HIGH_VOLATILITY_NON_TOP_CONTROL,False,2021-09-21,EARLY,early_warning,14,0,0,0,0,0,0,14,1,0,0,0,0,0,0,0
P5C-2021-SEP-HIGH-VOL,HIGH_VOLATILITY_NON_TOP_CONTROL,False,2021-09-21,EARLY,target_lead,8,0,0,0,0,0,0,2,0.25,6,0.75,0,0,0,0,0.75
P5C-2021-SEP-HIGH-VOL,HIGH_VOLATILITY_NON_TOP_CONTROL,False,2021-09-21,EARLY,near_event,7,0,0,0,0,0,0,0,0,6,0.857142857143,1,0.142857142857,0,0,1
P5C-2021-SEP-HIGH-VOL,HIGH_VOLATILITY_NON_TOP_CONTROL,False,2021-09-21,EARLY,immediate_after,28,0,0,0,0,3,0.107142857143,8,0.285714285714,8,0.285714285714,9,0.321428571429,0,0,0.607142857143
P5C-2021-SEP-HIGH-VOL,HIGH_VOLATILITY_NON_TOP_CONTROL,False,2021-09-21,EARLY,medium_after,62,0,0,0,0,22,0.354838709677,27,0.435483870968,8,0.129032258065,5,0.0806451612903,0,0,0.209677419355
P5C-2021-SEP-HIGH-VOL,HIGH_VOLATILITY_NON_TOP_CONTROL,False,2021-09-21,BALANCED,early_warning,14,0,0,0,0,2,0.142857142857,12,0.857142857143,0,0,0,0,0,0,0
P5C-2021-SEP-HIGH-VOL,HIGH_VOLATILITY_NON_TOP_CONTROL,False,2021-09-21,BALANCED,target_lead,8,0,0,0,0,0,0,4,0.5,4,0.5,0,0,0,0,0.5
P5C-2021-SEP-HIGH-VOL,HIGH_VOLATILITY_NON_TOP_CONTROL,False,2021-09-21,BALANCED,near_event,7,0,0,0,0,0,0,4,0.571428571429,3,0.428571428571,0,0,0,0,0.428571428571
P5C-2021-SEP-HIGH-VOL,HIGH_VOLATILITY_NON_TOP_CONTROL,False,2021-09-21,BALANCED,immediate_after,28,0,0,10,0.357142857143,14,0.5,4,0.142857142857,0,0,0,0,0,0,0
P5C-2021-SEP-HIGH-VOL,HIGH_VOLATILITY_NON_TOP_CONTROL,False,2021-09-21,BALANCED,medium_after,62,19,0.306451612903,20,0.322580645161,8,0.129032258065,15,0.241935483871,0,0,0,0,0,0,0
P5C-2021-SEP-HIGH-VOL,HIGH_VOLATILITY_NON_TOP_CONTROL,False,2021-09-21,CONSERVATIVE,early_warning,14,0,0,0,0,5,0.357142857143,9,0.642857142857,0,0,0,0,0,0,0
P5C-2021-SEP-HIGH-VOL,HIGH_VOLATILITY_NON_TOP_CONTROL,False,2021-09-21,CONSERVATIVE,target_lead,8,0,0,0,0,2,0.25,6,0.75,0,0,0,0,0,0,0
P5C-2021-SEP-HIGH-VOL,HIGH_VOLATILITY_NON_TOP_CONTROL,False,2021-09-21,CONSERVATIVE,near_event,7,0,0,0,0,2,0.285714285714,5,0.714285714286,0,0,0,0,0,0,0
P5C-2021-SEP-HIGH-VOL,HIGH_VOLATILITY_NON_TOP_CONTROL,False,2021-09-21,CONSERVATIVE,immediate_after,28,0,0,22,0.785714285714,6,0.214285714286,0,0,0,0,0,0,0,0,0
P5C-2021-SEP-HIGH-VOL,HIGH_VOLATILITY_NON_TOP_CONTROL,False,2021-09-21,CONSERVATIVE,medium_after,62,17,0.274193548387,20,0.322580645161,8,0.129032258065,17,0.274193548387,0,0,0,0,0,0,0
P5C-2024-MAR-MAY-MASKING,HIGH_VOLATILITY_NON_TOP_CONTROL,False,2024-03-19,EARLY,early_warning,14,0,0,0,0,2,0.142857142857,12,0.857142857143,0,0,0,0,0,0,0
P5C-2024-MAR-MAY-MASKING,HIGH_VOLATILITY_NON_TOP_CONTROL,False,2024-03-19,EARLY,target_lead,8,0,0,0,0,0,0,8,1,0,0,0,0,0,0,0
P5C-2024-MAR-MAY-MASKING,HIGH_VOLATILITY_NON_TOP_CONTROL,False,2024-03-19,EARLY,near_event,7,0,0,0,0,0,0,7,1,0,0,0,0,0,0,0
P5C-2024-MAR-MAY-MASKING,HIGH_VOLATILITY_NON_TOP_CONTROL,False,2024-03-19,EARLY,immediate_after,28,0,0,1,0.0357142857143,7,0.25,14,0.5,6,0.214285714286,0,0,0,0,0.214285714286
P5C-2024-MAR-MAY-MASKING,HIGH_VOLATILITY_NON_TOP_CONTROL,False,2024-03-19,EARLY,medium_after,62,20,0.322580645161,10,0.161290322581,8,0.129032258065,20,0.322580645161,4,0.0645161290323,0,0,0,0,0.0645161290323
P5C-2024-MAR-MAY-MASKING,HIGH_VOLATILITY_NON_TOP_CONTROL,False,2024-03-19,BALANCED,early_warning,14,0,0,0,0,9,0.642857142857,5,0.357142857143,0,0,0,0,0,0,0
P5C-2024-MAR-MAY-MASKING,HIGH_VOLATILITY_NON_TOP_CONTROL,False,2024-03-19,BALANCED,target_lead,8,0,0,0,0,0,0,8,1,0,0,0,0,0,0,0
P5C-2024-MAR-MAY-MASKING,HIGH_VOLATILITY_NON_TOP_CONTROL,False,2024-03-19,BALANCED,near_event,7,0,0,0,0,0,0,7,1,0,0,0,0,0,0,0
P5C-2024-MAR-MAY-MASKING,HIGH_VOLATILITY_NON_TOP_CONTROL,False,2024-03-19,BALANCED,immediate_after,28,0,0,1,0.0357142857143,7,0.25,20,0.714285714286,0,0,0,0,0,0,0
P5C-2024-MAR-MAY-MASKING,HIGH_VOLATILITY_NON_TOP_CONTROL,False,2024-03-19,BALANCED,medium_after,62,21,0.338709677419,10,0.161290322581,22,0.354838709677,6,0.0967741935484,3,0.0483870967742,0,0,0,0,0.0483870967742
P5C-2024-MAR-MAY-MASKING,HIGH_VOLATILITY_NON_TOP_CONTROL,False,2024-03-19,CONSERVATIVE,early_warning,14,0,0,0,0,9,0.642857142857,5,0.357142857143,0,0,0,0,0,0,0
P5C-2024-MAR-MAY-MASKING,HIGH_VOLATILITY_NON_TOP_CONTROL,False,2024-03-19,CONSERVATIVE,target_lead,8,0,0,0,0,0,0,8,1,0,0,0,0,0,0,0
P5C-2024-MAR-MAY-MASKING,HIGH_VOLATILITY_NON_TOP_CONTROL,False,2024-03-19,CONSERVATIVE,near_event,7,0,0,0,0,0,0,7,1,0,0,0,0,0,0,0
P5C-2024-MAR-MAY-MASKING,HIGH_VOLATILITY_NON_TOP_CONTROL,False,2024-03-19,CONSERVATIVE,immediate_after,28,0,0,8,0.285714285714,7,0.25,13,0.464285714286,0,0,0,0,0,0,0
P5C-2024-MAR-MAY-MASKING,HIGH_VOLATILITY_NON_TOP_CONTROL,False,2024-03-19,CONSERVATIVE,medium_after,62,30,0.483870967742,1,0.0161290322581,23,0.370967741935,8,0.129032258065,0,0,0,0,0,0,0
P5C-2025-PRE-JUNE-HIGH-VOL,HIGH_VOLATILITY_NON_TOP_CONTROL,False,2025-03-10,EARLY,early_warning,14,0,0,0,0,0,0,3,0.214285714286,5,0.357142857143,6,0.428571428571,0,0,0.785714285714
P5C-2025-PRE-JUNE-HIGH-VOL,HIGH_VOLATILITY_NON_TOP_CONTROL,False,2025-03-10,EARLY,target_lead,8,0,0,0,0,3,0.375,5,0.625,0,0,0,0,0,0,0
P5C-2025-PRE-JUNE-HIGH-VOL,HIGH_VOLATILITY_NON_TOP_CONTROL,False,2025-03-10,EARLY,near_event,7,0,0,2,0.285714285714,4,0.571428571429,0,0,0,0,1,0.142857142857,0,0,0.142857142857
P5C-2025-PRE-JUNE-HIGH-VOL,HIGH_VOLATILITY_NON_TOP_CONTROL,False,2025-03-10,EARLY,immediate_after,28,0,0,0,0,5,0.178571428571,13,0.464285714286,5,0.178571428571,5,0.178571428571,0,0,0.357142857143
P5C-2025-PRE-JUNE-HIGH-VOL,HIGH_VOLATILITY_NON_TOP_CONTROL,False,2025-03-10,EARLY,medium_after,62,0,0,0,0,10,0.161290322581,42,0.677419354839,5,0.0806451612903,5,0.0806451612903,0,0,0.161290322581
P5C-2025-PRE-JUNE-HIGH-VOL,HIGH_VOLATILITY_NON_TOP_CONTROL,False,2025-03-10,BALANCED,early_warning,14,0,0,0,0,5,0.357142857143,5,0.357142857143,4,0.285714285714,0,0,0,0,0.285714285714
P5C-2025-PRE-JUNE-HIGH-VOL,HIGH_VOLATILITY_NON_TOP_CONTROL,False,2025-03-10,BALANCED,target_lead,8,0,0,3,0.375,5,0.625,0,0,0,0,0,0,0,0,0
P5C-2025-PRE-JUNE-HIGH-VOL,HIGH_VOLATILITY_NON_TOP_CONTROL,False,2025-03-10,BALANCED,near_event,7,3,0.428571428571,4,0.571428571429,0,0,0,0,0,0,0,0,0,0,0
P5C-2025-PRE-JUNE-HIGH-VOL,HIGH_VOLATILITY_NON_TOP_CONTROL,False,2025-03-10,BALANCED,immediate_after,28,28,1,0,0,0,0,0,0,0,0,0,0,0,0,0
P5C-2025-PRE-JUNE-HIGH-VOL,HIGH_VOLATILITY_NON_TOP_CONTROL,False,2025-03-10,BALANCED,medium_after,62,21,0.338709677419,0,0,18,0.290322580645,23,0.370967741935,0,0,0,0,0,0,0
P5C-2025-PRE-JUNE-HIGH-VOL,HIGH_VOLATILITY_NON_TOP_CONTROL,False,2025-03-10,CONSERVATIVE,early_warning,14,0,0,0,0,1,0.0714285714286,7,0.5,6,0.428571428571,0,0,0,0,0.428571428571
P5C-2025-PRE-JUNE-HIGH-VOL,HIGH_VOLATILITY_NON_TOP_CONTROL,False,2025-03-10,CONSERVATIVE,target_lead,8,0,0,0,0,8,1,0,0,0,0,0,0,0,0,0
P5C-2025-PRE-JUNE-HIGH-VOL,HIGH_VOLATILITY_NON_TOP_CONTROL,False,2025-03-10,CONSERVATIVE,near_event,7,0,0,0,0,7,1,0,0,0,0,0,0,0,0,0
P5C-2025-PRE-JUNE-HIGH-VOL,HIGH_VOLATILITY_NON_TOP_CONTROL,False,2025-03-10,CONSERVATIVE,immediate_after,28,8,0.285714285714,14,0.5,6,0.214285714286,0,0,0,0,0,0,0,0,0
P5C-2025-PRE-JUNE-HIGH-VOL,HIGH_VOLATILITY_NON_TOP_CONTROL,False,2025-03-10,CONSERVATIVE,medium_after,62,23,0.370967741935,5,0.0806451612903,24,0.387096774194,10,0.161290322581,0,0,0,0,0,0,0
