refit_date,interval_end,days,start_p_riskoff,max_p_riskoff,max_p_riskoff_date,max_increase,min_btc_drawdown_252,crossings
2022-12-09,2023-01-07,30,0.9999998654613701,0.9999998654613701,2022-12-09,0.0,-0.633214621308354,"{'0.25': {'date': '2022-12-09', 'days_after_refit': 0}, '0.5': {'date': '2022-12-09', 'days_after_refit': 0}, '0.75': {'date': '2022-12-09', 'days_after_refit': 0}}"
2023-01-08,2023-02-06,30,1.0670394496372932e-10,0.9999999991222843,2023-01-31,0.9999999990155803,-0.5684598135550516,"{'0.25': {'date': '2023-01-14', 'days_after_refit': 6}, '0.5': {'date': '2023-01-14', 'days_after_refit': 6}, '0.75': {'date': '2023-01-14', 'days_after_refit': 6}}"
2023-02-07,2023-03-08,30,1.5083946292725348e-07,0.0005700542037398255,2023-02-12,0.0005699033642768983,-0.31070917442012425,"{'0.25': {'date': None, 'days_after_refit': None}, '0.5': {'date': None, 'days_after_refit': None}, '0.75': {'date': None, 'days_after_refit': None}}"
2023-03-09,2023-04-07,30,7.681871231630741e-13,8.950156393464261e-11,2023-04-05,8.873337681147953e-11,-0.18885243657969109,"{'0.25': {'date': None, 'days_after_refit': None}, '0.5': {'date': None, 'days_after_refit': None}, '0.75': {'date': None, 'days_after_refit': None}}"
2023-04-08,2023-05-07,30,5.177479738618658e-18,1.999421995837379e-13,2023-04-20,1.9993702210399928e-13,-0.10516615884829883,"{'0.25': {'date': None, 'days_after_refit': None}, '0.5': {'date': None, 'days_after_refit': None}, '0.75': {'date': None, 'days_after_refit': None}}"
2023-05-08,2023-06-06,30,6.329655479431437e-13,7.728094363278032e-08,2023-06-06,7.728031066723238e-08,-0.15553683945182528,"{'0.25': {'date': None, 'days_after_refit': None}, '0.5': {'date': None, 'days_after_refit': None}, '0.75': {'date': None, 'days_after_refit': None}}"
2023-06-07,2023-07-06,30,8.460948338089188e-05,0.0002636381092484034,2023-06-11,0.00017902862586751154,-0.17521719451221374,"{'0.25': {'date': None, 'days_after_refit': None}, '0.5': {'date': None, 'days_after_refit': None}, '0.75': {'date': None, 'days_after_refit': None}}"
2023-07-07,2023-08-05,30,2.6471366006779656e-13,0.003934838920034139,2023-07-21,0.003934838919769425,-0.07573226240159114,"{'0.25': {'date': None, 'days_after_refit': None}, '0.5': {'date': None, 'days_after_refit': None}, '0.75': {'date': None, 'days_after_refit': None}}"
2023-08-06,2023-09-04,30,2.6850458967709333e-10,9.932289402088556e-05,2023-08-31,9.932262551629587e-05,-0.1796000092833301,"{'0.25': {'date': None, 'days_after_refit': None}, '0.5': {'date': None, 'days_after_refit': None}, '0.75': {'date': None, 'days_after_refit': None}}"
2023-09-05,2023-10-04,30,3.375817279746107e-07,0.00037344523107867944,2023-09-11,0.00037310764935070484,-0.20002746848357122,"{'0.25': {'date': None, 'days_after_refit': None}, '0.5': {'date': None, 'days_after_refit': None}, '0.75': {'date': None, 'days_after_refit': None}}"
2023-10-05,2023-11-03,30,3.3541254462248516e-05,0.0014808647576293656,2023-11-03,0.001447323503167117,-0.14925178584883492,"{'0.25': {'date': None, 'days_after_refit': None}, '0.5': {'date': None, 'days_after_refit': None}, '0.75': {'date': None, 'days_after_refit': None}}"
2023-11-04,2023-12-03,30,7.557745628094294e-30,3.58217508424041e-28,2023-11-30,3.5065976279594667e-28,-0.05590730673935884,"{'0.25': {'date': None, 'days_after_refit': None}, '0.5': {'date': None, 'days_after_refit': None}, '0.75': {'date': None, 'days_after_refit': None}}"
2023-12-04,2024-01-02,30,1.6857931598891215e-11,4.1211812868228925e-11,2023-12-10,2.435388126933771e-11,-0.06605217587380308,"{'0.25': {'date': None, 'days_after_refit': None}, '0.5': {'date': None, 'days_after_refit': None}, '0.75': {'date': None, 'days_after_refit': None}}"
2024-01-03,2024-02-01,30,9.30924870578121e-17,1.942289748825341e-05,2024-01-25,1.942289748816032e-05,-0.15724933888578407,"{'0.25': {'date': None, 'days_after_refit': None}, '0.5': {'date': None, 'days_after_refit': None}, '0.75': {'date': None, 'days_after_refit': None}}"
2024-02-02,2024-03-02,30,3.355494510209817e-33,2.979254793436025e-21,2024-02-23,2.9792547934326696e-21,-0.09303649077847909,"{'0.25': {'date': None, 'days_after_refit': None}, '0.5': {'date': None, 'days_after_refit': None}, '0.75': {'date': None, 'days_after_refit': None}}"
2024-03-03,2024-04-01,30,2.0691016268919197e-39,2.5604316692682676e-23,2024-04-01,2.5604316692682673e-23,-0.15238323192022818,"{'0.25': {'date': None, 'days_after_refit': None}, '0.5': {'date': None, 'days_after_refit': None}, '0.75': {'date': None, 'days_after_refit': None}}"
2024-04-02,2024-05-01,30,9.77598741061692e-22,6.380084735940886e-08,2024-05-01,6.380084735940788e-08,-0.2012721354065098,"{'0.25': {'date': None, 'days_after_refit': None}, '0.5': {'date': None, 'days_after_refit': None}, '0.75': {'date': None, 'days_after_refit': None}}"
2024-05-02,2024-05-31,30,4.121325538184582e-09,4.121325538184582e-09,2024-05-02,0.0,-0.19175226326872208,"{'0.25': {'date': None, 'days_after_refit': None}, '0.5': {'date': None, 'days_after_refit': None}, '0.75': {'date': None, 'days_after_refit': None}}"
2024-06-01,2024-06-30,30,1.0413082007219219e-11,8.30650812554697e-05,2024-06-28,8.306507084238769e-05,-0.17488283197447574,"{'0.25': {'date': None, 'days_after_refit': None}, '0.5': {'date': None, 'days_after_refit': None}, '0.75': {'date': None, 'days_after_refit': None}}"
2024-07-01,2024-07-30,30,1.3284423355828755e-08,0.9782042095943256,2024-07-18,0.9782041963099023,-0.23558275962158637,"{'0.25': {'date': '2024-07-17', 'days_after_refit': 16}, '0.5': {'date': '2024-07-17', 'days_after_refit': 16}, '0.75': {'date': '2024-07-17', 'days_after_refit': 16}}"
2024-07-31,2024-08-29,30,1.82281241941198e-05,0.0009148052344953027,2024-08-05,0.0008965771103011829,-0.2607495770291415,"{'0.25': {'date': None, 'days_after_refit': None}, '0.5': {'date': None, 'days_after_refit': None}, '0.75': {'date': None, 'days_after_refit': None}}"
2024-08-30,2024-09-28,30,1.993912197728519e-05,0.0006656297500139506,2024-09-06,0.0006456906280366654,-0.261513750538678,"{'0.25': {'date': None, 'days_after_refit': None}, '0.5': {'date': None, 'days_after_refit': None}, '0.75': {'date': None, 'days_after_refit': None}}"
2024-09-29,2024-10-28,30,5.730710106343085e-17,3.5576521095302397e-12,2024-10-01,3.557594802429176e-12,-0.174429993481808,"{'0.25': {'date': None, 'days_after_refit': None}, '0.5': {'date': None, 'days_after_refit': None}, '0.75': {'date': None, 'days_after_refit': None}}"
2024-10-29,2024-11-27,30,1.8600675144092707e-19,6.522509692491661e-14,2024-11-04,6.522491091816516e-14,-0.07146883481740929,"{'0.25': {'date': None, 'days_after_refit': None}, '0.5': {'date': None, 'days_after_refit': None}, '0.75': {'date': None, 'days_after_refit': None}}"
2024-11-28,2024-12-27,30,2.2512759080987735e-39,7.718606325128164e-30,2024-12-23,7.718606322876888e-30,-0.11150751872119091,"{'0.25': {'date': None, 'days_after_refit': None}, '0.5': {'date': None, 'days_after_refit': None}, '0.75': {'date': None, 'days_after_refit': None}}"
2024-12-28,2025-01-26,30,3.3723381441074446e-37,5.630225473235824e-24,2025-01-04,5.6302254732354866e-24,-0.12796354863213144,"{'0.25': {'date': None, 'days_after_refit': None}, '0.5': {'date': None, 'days_after_refit': None}, '0.75': {'date': None, 'days_after_refit': None}}"
2025-01-27,2025-02-25,30,1.2994182457254097e-40,1.5166201266596226e-24,2025-02-24,1.5166201266596224e-24,-0.16452601762401253,"{'0.25': {'date': None, 'days_after_refit': None}, '0.5': {'date': None, 'days_after_refit': None}, '0.75': {'date': None, 'days_after_refit': None}}"
2025-02-26,2025-03-27,30,4.069384269756969e-15,4.892377583229432e-07,2025-03-16,4.89237754253559e-07,-0.25953428094070863,"{'0.25': {'date': None, 'days_after_refit': None}, '0.5': {'date': None, 'days_after_refit': None}, '0.75': {'date': None, 'days_after_refit': None}}"
2025-03-28,2025-04-26,30,2.47897968345045e-08,0.0004202359500041728,2025-04-20,0.0004202111602073383,-0.2809527676693755,"{'0.25': {'date': None, 'days_after_refit': None}, '0.5': {'date': None, 'days_after_refit': None}, '0.75': {'date': None, 'days_after_refit': None}}"
2025-04-27,2025-05-26,30,1.9884993510532866e-11,3.951898353587925e-09,2025-05-05,3.932013360077392e-09,-0.11677099995082152,"{'0.25': {'date': None, 'days_after_refit': None}, '0.5': {'date': None, 'days_after_refit': None}, '0.75': {'date': None, 'days_after_refit': None}}"
2025-05-27,2025-06-25,30,2.049563090360592e-14,2.7623262761145965e-10,2025-06-05,2.76212131980556e-10,-0.09608508650383041,"{'0.25': {'date': None, 'days_after_refit': None}, '0.5': {'date': None, 'days_after_refit': None}, '0.75': {'date': None, 'days_after_refit': None}}"
2025-06-26,2025-07-25,30,2.2989633903047732e-12,3.801729373521562e-09,2025-07-21,3.799430410131257e-09,-0.05385205102303836,"{'0.25': {'date': None, 'days_after_refit': None}, '0.5': {'date': None, 'days_after_refit': None}, '0.75': {'date': None, 'days_after_refit': None}}"
2025-07-26,2025-08-24,30,4.2559170865859606e-17,0.0016615522328789969,2025-08-24,0.0016615522328789544,-0.08763881980850463,"{'0.25': {'date': None, 'days_after_refit': None}, '0.5': {'date': None, 'days_after_refit': None}, '0.75': {'date': None, 'days_after_refit': None}}"
2025-08-25,2025-09-23,30,4.188401744432303e-05,0.0005478330356937044,2025-09-23,0.0005059490182493813,-0.12213539877847401,"{'0.25': {'date': None, 'days_after_refit': None}, '0.5': {'date': None, 'days_after_refit': None}, '0.75': {'date': None, 'days_after_refit': None}}"
2025-09-24,2025-10-23,30,2.446722428716007e-09,0.0001142071850189204,2025-09-25,0.00011420473829649168,-0.14621429065349234,"{'0.25': {'date': None, 'days_after_refit': None}, '0.5': {'date': None, 'days_after_refit': None}, '0.75': {'date': None, 'days_after_refit': None}}"
2025-10-24,2025-11-22,30,0.028546700578545987,0.9999928678944398,2025-11-21,0.9714461673158937,-0.3202251526449772,"{'0.25': {'date': '2025-10-28', 'days_after_refit': 4}, '0.5': {'date': '2025-10-28', 'days_after_refit': 4}, '0.75': {'date': '2025-11-04', 'days_after_refit': 11}}"
2025-11-23,2025-12-22,30,0.9996568471565326,0.9998421158757043,2025-11-30,0.00018526871917168286,-0.31399477324217007,"{'0.25': {'date': '2025-11-23', 'days_after_refit': 0}, '0.5': {'date': '2025-11-23', 'days_after_refit': 0}, '0.75': {'date': '2025-11-23', 'days_after_refit': 0}}"
2025-12-23,2026-01-21,30,0.9997076481698953,0.999750728176146,2025-12-31,4.308000625063979e-05,-0.3002864464801207,"{'0.25': {'date': '2025-12-23', 'days_after_refit': 0}, '0.5': {'date': '2025-12-23', 'days_after_refit': 0}, '0.75': {'date': '2025-12-23', 'days_after_refit': 0}}"
2026-01-22,2026-02-20,30,0.9996060612139551,0.9999999649409196,2026-02-05,0.00039390372696446185,-0.4953425573570812,"{'0.25': {'date': '2026-01-22', 'days_after_refit': 0}, '0.5': {'date': '2026-01-22', 'days_after_refit': 0}, '0.75': {'date': '2026-01-22', 'days_after_refit': 0}}"
2026-02-21,2026-03-22,30,0.9999998979517829,0.9999999838265891,2026-03-06,8.58748061549619e-08,-0.4861310745336821,"{'0.25': {'date': '2026-02-21', 'days_after_refit': 0}, '0.5': {'date': '2026-02-21', 'days_after_refit': 0}, '0.75': {'date': '2026-02-21', 'days_after_refit': 0}}"
2026-03-23,2026-04-21,30,0.9999473525212432,0.9999473525212432,2026-03-23,0.0,-0.4704660426794667,"{'0.25': {'date': '2026-03-23', 'days_after_refit': 0}, '0.5': {'date': '2026-03-23', 'days_after_refit': 0}, '0.75': {'date': '2026-03-23', 'days_after_refit': 0}}"
2026-04-22,2026-05-21,30,0.9999774202121992,0.9999934958690195,2026-05-01,1.6075656820380146e-05,-0.3920994101166274,"{'0.25': {'date': '2026-04-22', 'days_after_refit': 0}, '0.5': {'date': '2026-04-22', 'days_after_refit': 0}, '0.75': {'date': '2026-04-22', 'days_after_refit': 0}}"
2026-05-22,2026-06-20,30,8.815298314878187e-05,0.9999819310534859,2026-06-07,0.9998937780703371,-0.5115888570490237,"{'0.25': {'date': '2026-06-03', 'days_after_refit': 12}, '0.5': {'date': '2026-06-03', 'days_after_refit': 12}, '0.75': {'date': '2026-06-03', 'days_after_refit': 12}}"
2026-06-21,2026-07-20,30,0.9997728993273325,0.9999185728371532,2026-06-29,0.000145673509820754,-0.48825927859259033,"{'0.25': {'date': '2026-06-21', 'days_after_refit': 0}, '0.5': {'date': '2026-06-21', 'days_after_refit': 0}, '0.75': {'date': '2026-06-21', 'days_after_refit': 0}}"
2026-07-21,2026-08-02,13,0.9903994801343657,0.9987914830742256,2026-07-31,0.008392002939859866,-0.3520114844719715,"{'0.25': {'date': '2026-07-21', 'days_after_refit': 0}, '0.5': {'date': '2026-07-21', 'days_after_refit': 0}, '0.75': {'date': '2026-07-21', 'days_after_refit': 0}}"
