date,symbol,selected
2021-05-01,ADAUSDT,True
2021-05-01,THETAUSDT,True
2021-05-02,ADAUSDT,True
2021-05-02,THETAUSDT,True
2021-05-03,ADAUSDT,True
2021-05-03,THETAUSDT,True
2021-05-04,ADAUSDT,True
2021-05-04,THETAUSDT,True
2021-05-05,ADAUSDT,True
2021-05-05,THETAUSDT,True
2021-05-06,ADAUSDT,True
2021-05-06,THETAUSDT,True
2021-05-07,ADAUSDT,True
2021-05-07,THETAUSDT,True
2021-05-08,ADAUSDT,True
2021-05-08,THETAUSDT,True
2021-05-09,ADAUSDT,True
2021-05-09,THETAUSDT,True
2021-05-10,ADAUSDT,True
2021-05-10,THETAUSDT,True
2021-05-11,ADAUSDT,True
2021-05-11,THETAUSDT,True
2021-05-12,ADAUSDT,True
2021-05-12,THETAUSDT,True
2021-05-13,ADAUSDT,True
2021-05-13,THETAUSDT,True
2021-05-14,ADAUSDT,True
2021-05-14,THETAUSDT,True
2021-05-15,ADAUSDT,True
2021-05-15,THETAUSDT,True
2021-05-16,ADAUSDT,True
2021-05-16,THETAUSDT,True
2021-05-17,ADAUSDT,True
2021-05-17,THETAUSDT,True
2021-05-18,ADAUSDT,True
2021-05-18,THETAUSDT,True
2021-05-20,ETHUSDT,True
2021-05-20,FTTUSDT,True
2021-05-21,ETHUSDT,True
2021-05-21,FTTUSDT,True
2021-05-22,ADAUSDT,True
2021-05-22,ETHUSDT,True
2021-05-24,ADAUSDT,True
2021-05-24,ETHUSDT,True
2021-05-25,ADAUSDT,True
2021-05-25,ETHUSDT,True
2021-05-26,ADAUSDT,True
2021-05-26,ETHUSDT,True
2021-05-27,ADAUSDT,True
2021-05-27,ETHUSDT,True
2021-05-31,ADAUSDT,True
2021-05-31,ETHUSDT,True
2021-06-01,ADAUSDT,True
2021-06-01,ETHUSDT,True
2021-06-02,ADAUSDT,True
2021-06-02,ETHUSDT,True
2021-06-03,ADAUSDT,True
2021-06-03,ETHUSDT,True
2021-06-14,DOGEUSDT,True
2021-06-14,TFUELUSDT,True
2021-06-15,DOGEUSDT,True
2021-06-15,TFUELUSDT,True
2021-07-26,AXSUSDT,True
2021-07-26,KAVAUSDT,True
2021-07-27,AXSUSDT,True
2021-07-27,KAVAUSDT,True
2021-07-28,AXSUSDT,True
2021-07-28,KAVAUSDT,True
2021-07-29,AXSUSDT,True
2021-07-29,KAVAUSDT,True
2021-07-30,AXSUSDT,True
2021-07-30,KAVAUSDT,True
2021-07-31,AXSUSDT,True
2021-07-31,KAVAUSDT,True
2021-08-01,AXSUSDT,True
2021-08-01,KAVAUSDT,True
2021-08-02,AXSUSDT,True
2021-08-02,KAVAUSDT,True
2021-08-03,AXSUSDT,True
2021-08-03,KAVAUSDT,True
2021-08-04,AXSUSDT,True
2021-08-04,KAVAUSDT,True
2021-08-05,AXSUSDT,True
2021-08-05,KAVAUSDT,True
2021-08-06,AXSUSDT,True
2021-08-06,KAVAUSDT,True
2021-08-07,AXSUSDT,True
2021-08-07,KAVAUSDT,True
2021-08-08,AXSUSDT,True
2021-08-08,KAVAUSDT,True
2021-08-09,AXSUSDT,True
2021-08-09,KAVAUSDT,True
2021-08-10,AXSUSDT,True
2021-08-10,KAVAUSDT,True
2021-08-11,AXSUSDT,True
2021-08-11,KAVAUSDT,True
2021-08-12,AXSUSDT,True
2021-08-12,KAVAUSDT,True
2021-08-13,AXSUSDT,True
2021-08-13,KAVAUSDT,True
2021-08-14,AXSUSDT,True
2021-08-14,KAVAUSDT,True
2021-08-15,AXSUSDT,True
2021-08-15,KAVAUSDT,True
2021-08-16,AXSUSDT,True
2021-08-16,KAVAUSDT,True
2021-08-17,AXSUSDT,True
2021-08-17,KAVAUSDT,True
2021-08-18,AXSUSDT,True
2021-08-18,KAVAUSDT,True
2021-08-19,AXSUSDT,True
2021-08-19,KAVAUSDT,True
2021-08-20,AXSUSDT,True
2021-08-20,KAVAUSDT,True
2021-08-21,AXSUSDT,True
2021-08-21,KAVAUSDT,True
2021-08-22,AXSUSDT,True
2021-08-22,KAVAUSDT,True
2021-08-23,AXSUSDT,True
2021-08-23,KAVAUSDT,True
2021-08-24,AXSUSDT,True
2021-08-24,KAVAUSDT,True
2021-08-25,AXSUSDT,True
2021-08-25,KAVAUSDT,True
2021-08-26,AXSUSDT,True
2021-08-26,KAVAUSDT,True
2021-08-27,AXSUSDT,True
2021-08-27,KAVAUSDT,True
2021-08-28,AXSUSDT,True
2021-08-28,KAVAUSDT,True
2021-08-29,AXSUSDT,True
2021-08-29,KAVAUSDT,True
2021-08-30,AXSUSDT,True
2021-08-30,KAVAUSDT,True
2021-08-31,AXSUSDT,True
2021-08-31,KAVAUSDT,True
2021-09-01,AXSUSDT,True
2021-09-01,KAVAUSDT,True
2021-09-02,AXSUSDT,True
2021-09-02,KAVAUSDT,True
2021-09-03,AXSUSDT,True
2021-09-03,ETHUSDT,True
2021-09-04,AXSUSDT,True
2021-09-04,ETHUSDT,True
2021-09-05,AXSUSDT,True
2021-09-05,ETHUSDT,True
2021-09-06,AXSUSDT,True
2021-09-06,ETHUSDT,True
2021-09-07,AXSUSDT,True
2021-09-07,ETHUSDT,True
2021-09-08,AXSUSDT,True
2021-09-08,ETHUSDT,True
2021-09-09,AXSUSDT,True
2021-09-09,ETHUSDT,True
2021-09-10,AXSUSDT,True
2021-09-10,ETHUSDT,True
2021-09-11,AXSUSDT,True
2021-09-11,ETHUSDT,True
2021-09-12,AXSUSDT,True
2021-09-12,ETHUSDT,True
2021-09-13,AXSUSDT,True
2021-09-13,ETHUSDT,True
2021-09-14,AXSUSDT,True
2021-09-14,ETHUSDT,True
2021-09-15,AXSUSDT,True
2021-09-15,ETHUSDT,True
2021-09-16,AXSUSDT,True
2021-09-16,ETHUSDT,True
2021-09-17,AXSUSDT,True
2021-09-17,ETHUSDT,True
2021-09-18,AXSUSDT,True
2021-09-18,ETHUSDT,True
2021-09-19,AXSUSDT,True
2021-09-19,ETHUSDT,True
2021-09-20,AXSUSDT,True
2021-09-20,ETHUSDT,True
2021-09-21,AXSUSDT,True
2021-09-21,ETHUSDT,True
2021-09-22,AXSUSDT,True
2021-09-22,ETHUSDT,True
2021-09-23,AXSUSDT,True
2021-09-23,ETHUSDT,True
2021-09-24,AXSUSDT,True
2021-09-24,ETHUSDT,True
2021-09-25,AXSUSDT,True
2021-09-25,ETHUSDT,True
2021-09-26,AXSUSDT,True
2021-09-26,ETHUSDT,True
2021-09-27,AXSUSDT,True
2021-09-27,ETHUSDT,True
2021-09-28,AXSUSDT,True
2021-09-28,ETHUSDT,True
2021-09-29,AXSUSDT,True
2021-09-29,ETHUSDT,True
2021-09-30,AXSUSDT,True
2021-09-30,ETHUSDT,True
2021-10-01,AXSUSDT,True
2021-10-01,ETHUSDT,True
2021-10-02,AXSUSDT,True
2021-10-02,ETHUSDT,True
2021-10-03,AXSUSDT,True
2021-10-03,ETHUSDT,True
2021-10-04,AXSUSDT,True
2021-10-04,ETHUSDT,True
2021-10-05,AXSUSDT,True
2021-10-05,ETHUSDT,True
2021-10-06,AXSUSDT,True
2021-10-06,SOLUSDT,True
2021-10-07,AXSUSDT,True
2021-10-07,SOLUSDT,True
2021-10-08,AXSUSDT,True
2021-10-08,SOLUSDT,True
2021-10-09,AXSUSDT,True
2021-10-09,SOLUSDT,True
2021-10-10,AXSUSDT,True
2021-10-10,SOLUSDT,True
2021-10-11,AXSUSDT,True
2021-10-11,SOLUSDT,True
2021-10-12,AXSUSDT,True
2021-10-12,SOLUSDT,True
2021-10-13,AXSUSDT,True
2021-10-13,SOLUSDT,True
2021-10-14,AXSUSDT,True
2021-10-14,SOLUSDT,True
2021-10-15,AXSUSDT,True
2021-10-15,SOLUSDT,True
2021-10-16,AXSUSDT,True
2021-10-16,SOLUSDT,True
2021-10-17,AXSUSDT,True
2021-10-17,SOLUSDT,True
2021-10-18,AXSUSDT,True
2021-10-18,SOLUSDT,True
2021-10-19,AXSUSDT,True
2021-10-19,SOLUSDT,True
2021-10-20,AXSUSDT,True
2021-10-20,SOLUSDT,True
2021-10-21,AXSUSDT,True
2021-10-21,SOLUSDT,True
2021-10-22,AXSUSDT,True
2021-10-22,SOLUSDT,True
2021-10-23,AXSUSDT,True
2021-10-23,SOLUSDT,True
2021-10-24,AXSUSDT,True
2021-10-24,SOLUSDT,True
2021-10-25,AXSUSDT,True
2021-10-25,SOLUSDT,True
2021-10-26,AXSUSDT,True
2021-10-26,SOLUSDT,True
2021-10-27,AXSUSDT,True
2021-10-27,SOLUSDT,True
2021-10-28,AXSUSDT,True
2021-10-28,SOLUSDT,True
2021-10-29,AXSUSDT,True
2021-10-29,SOLUSDT,True
2021-10-30,AXSUSDT,True
2021-10-30,SOLUSDT,True
2021-10-31,AXSUSDT,True
2021-10-31,SOLUSDT,True
2021-11-01,AXSUSDT,True
2021-11-01,SOLUSDT,True
2021-11-02,AXSUSDT,True
2021-11-02,SOLUSDT,True
2021-11-03,AXSUSDT,True
2021-11-03,SOLUSDT,True
2021-11-04,AXSUSDT,True
2021-11-04,SOLUSDT,True
2021-11-05,AXSUSDT,True
2021-11-05,SOLUSDT,True
2021-11-06,AXSUSDT,True
2021-11-06,SOLUSDT,True
2021-11-07,AXSUSDT,True
2021-11-07,SOLUSDT,True
2021-11-08,AXSUSDT,True
2021-11-08,SOLUSDT,True
2021-11-09,AXSUSDT,True
2021-11-09,SOLUSDT,True
2021-11-10,AXSUSDT,True
2021-11-10,SOLUSDT,True
2021-11-11,AXSUSDT,True
2021-11-11,SOLUSDT,True
2021-11-12,AXSUSDT,True
2021-11-12,SOLUSDT,True
2021-11-13,AXSUSDT,True
2021-11-13,SOLUSDT,True
2021-11-14,AXSUSDT,True
2021-11-14,SOLUSDT,True
2021-11-15,AXSUSDT,True
2021-11-15,SOLUSDT,True
2021-11-16,AXSUSDT,True
2021-11-16,SOLUSDT,True
2021-11-17,AXSUSDT,True
2021-11-17,SOLUSDT,True
2021-11-18,AXSUSDT,True
2021-11-18,SOLUSDT,True
2021-11-19,AXSUSDT,True
2021-11-19,SOLUSDT,True
2021-11-20,AXSUSDT,True
2021-11-20,SOLUSDT,True
2021-11-21,AXSUSDT,True
2021-11-21,SOLUSDT,True
2021-11-22,AXSUSDT,True
2021-11-22,SOLUSDT,True
2021-11-23,AXSUSDT,True
2021-11-23,SOLUSDT,True
2021-11-24,AXSUSDT,True
2021-11-24,SOLUSDT,True
2021-11-25,AXSUSDT,True
2021-11-25,SOLUSDT,True
2021-11-26,AXSUSDT,True
2021-11-26,SOLUSDT,True
2021-11-27,AXSUSDT,True
2021-11-27,SOLUSDT,True
2021-11-28,AXSUSDT,True
2021-11-28,SOLUSDT,True
2021-11-29,AXSUSDT,True
2021-11-29,SOLUSDT,True
2021-11-30,AXSUSDT,True
2021-11-30,SOLUSDT,True
2021-12-01,AXSUSDT,True
2021-12-01,SOLUSDT,True
2021-12-02,AXSUSDT,True
2021-12-02,SOLUSDT,True
2021-12-03,AXSUSDT,True
2021-12-03,SOLUSDT,True
2022-03-19,LUNAUSDT,True
2022-03-19,ZECUSDT,True
2022-03-23,AVAXUSDT,True
2022-03-23,LUNAUSDT,True
2022-03-24,AVAXUSDT,True
2022-03-24,LUNAUSDT,True
2022-03-25,AVAXUSDT,True
2022-03-25,LUNAUSDT,True
2022-03-26,AVAXUSDT,True
2022-03-26,LUNAUSDT,True
2022-03-27,AVAXUSDT,True
2022-03-27,LUNAUSDT,True
2022-03-28,AVAXUSDT,True
2022-03-28,LUNAUSDT,True
2022-03-29,AVAXUSDT,True
2022-03-29,LUNAUSDT,True
2022-03-30,AVAXUSDT,True
2022-03-30,LUNAUSDT,True
2022-03-31,AVAXUSDT,True
2022-03-31,LUNAUSDT,True
2022-04-01,AVAXUSDT,True
2022-04-01,LUNAUSDT,True
2022-04-02,AVAXUSDT,True
2022-04-02,LUNAUSDT,True
2022-04-03,AVAXUSDT,True
2022-04-03,LUNAUSDT,True
2022-04-04,AVAXUSDT,True
2022-04-04,LUNAUSDT,True
2022-04-05,AVAXUSDT,True
2022-04-05,LUNAUSDT,True
2023-01-12,LTCUSDT,True
2023-01-12,XMRUSDT,True
2023-01-13,FTMUSDT,True
2023-01-13,LTCUSDT,True
2023-01-14,FTMUSDT,True
2023-01-14,LTCUSDT,True
2023-01-15,FTMUSDT,True
2023-01-15,LTCUSDT,True
2023-01-16,FTMUSDT,True
2023-01-16,LTCUSDT,True
2023-01-17,FTMUSDT,True
2023-01-17,LTCUSDT,True
2023-01-18,FTMUSDT,True
2023-01-18,LTCUSDT,True
2023-01-19,ETHUSDT,True
2023-01-19,LTCUSDT,True
2023-01-20,ETHUSDT,True
2023-01-20,LTCUSDT,True
2023-01-21,ETHUSDT,True
2023-01-21,LTCUSDT,True
2023-01-22,ETHUSDT,True
2023-01-22,LTCUSDT,True
2023-01-23,ETHUSDT,True
2023-01-23,LTCUSDT,True
2023-01-24,FTMUSDT,True
2023-01-24,LTCUSDT,True
2023-01-25,FTMUSDT,True
2023-01-25,LTCUSDT,True
2023-01-26,FTMUSDT,True
2023-01-26,LTCUSDT,True
2023-01-27,FTMUSDT,True
2023-01-27,LTCUSDT,True
2023-01-28,FTMUSDT,True
2023-01-28,LTCUSDT,True
2023-01-29,FTMUSDT,True
2023-01-29,LTCUSDT,True
2023-01-30,FTMUSDT,True
2023-01-30,LTCUSDT,True
2023-01-31,FTMUSDT,True
2023-01-31,LTCUSDT,True
2023-02-01,FTMUSDT,True
2023-02-01,LTCUSDT,True
2023-02-02,FTMUSDT,True
2023-02-02,LTCUSDT,True
2023-02-03,FTMUSDT,True
2023-02-03,LTCUSDT,True
2023-02-04,FTMUSDT,True
2023-02-04,LTCUSDT,True
2023-02-05,FTMUSDT,True
2023-02-05,LTCUSDT,True
2023-02-06,FTMUSDT,True
2023-02-06,LTCUSDT,True
2023-02-07,FTMUSDT,True
2023-02-07,LTCUSDT,True
2023-02-08,FTMUSDT,True
2023-02-08,LTCUSDT,True
2023-02-09,FTMUSDT,True
2023-02-09,LTCUSDT,True
2023-02-10,FTMUSDT,True
2023-02-10,LTCUSDT,True
2023-02-11,FTMUSDT,True
2023-02-11,LTCUSDT,True
2023-02-12,FTMUSDT,True
2023-02-12,LTCUSDT,True
2023-02-13,FTMUSDT,True
2023-02-13,LTCUSDT,True
2023-02-14,FTMUSDT,True
2023-02-14,LTCUSDT,True
2023-02-15,FTMUSDT,True
2023-02-15,LTCUSDT,True
2023-02-16,FTMUSDT,True
2023-02-16,LTCUSDT,True
2023-02-17,FTMUSDT,True
2023-02-17,LTCUSDT,True
2023-02-18,FTMUSDT,True
2023-02-18,LTCUSDT,True
2023-02-19,FTMUSDT,True
2023-02-19,LTCUSDT,True
2023-02-20,FTMUSDT,True
2023-02-20,LTCUSDT,True
2023-02-21,FTMUSDT,True
2023-02-21,LTCUSDT,True
2023-02-22,FTMUSDT,True
2023-02-22,LTCUSDT,True
2023-02-23,FTMUSDT,True
2023-02-23,LTCUSDT,True
2023-02-24,FTMUSDT,True
2023-02-24,LTCUSDT,True
2023-02-25,FTMUSDT,True
2023-02-25,LTCUSDT,True
2023-02-26,FTMUSDT,True
2023-02-26,LTCUSDT,True
2023-02-27,FTMUSDT,True
2023-02-27,LTCUSDT,True
2023-02-28,FTMUSDT,True
2023-02-28,LTCUSDT,True
2023-03-01,FTMUSDT,True
2023-03-01,LTCUSDT,True
2023-03-02,FTMUSDT,True
2023-03-02,LTCUSDT,True
2023-03-03,FTMUSDT,True
2023-03-03,LTCUSDT,True
2023-03-04,FTMUSDT,True
2023-03-04,LTCUSDT,True
2023-03-05,FTMUSDT,True
2023-03-05,LTCUSDT,True
2023-03-06,FTMUSDT,True
2023-03-06,LTCUSDT,True
2023-03-07,FTMUSDT,True
2023-03-07,LTCUSDT,True
2023-03-08,FTMUSDT,True
2023-03-08,LTCUSDT,True
2023-03-09,FTMUSDT,True
2023-03-09,LTCUSDT,True
2023-03-10,FTMUSDT,True
2023-03-10,OPUSDT,True
2023-03-11,FTMUSDT,True
2023-03-11,OPUSDT,True
2023-03-12,FTMUSDT,True
2023-03-12,OPUSDT,True
2023-03-13,FTMUSDT,True
2023-03-13,OPUSDT,True
2023-03-14,FTMUSDT,True
2023-03-14,OPUSDT,True
2023-03-15,FTMUSDT,True
2023-03-15,OPUSDT,True
2023-03-16,FTMUSDT,True
2023-03-16,OPUSDT,True
2023-03-17,FTMUSDT,True
2023-03-17,OPUSDT,True
2023-03-18,FTMUSDT,True
2023-03-18,OPUSDT,True
2023-03-19,FTMUSDT,True
2023-03-19,OPUSDT,True
2023-03-20,FTMUSDT,True
2023-03-20,OPUSDT,True
2023-03-21,FTMUSDT,True
2023-03-21,OPUSDT,True
2023-03-22,FTMUSDT,True
2023-03-22,OPUSDT,True
2023-03-23,FTMUSDT,True
2023-03-23,OPUSDT,True
2023-03-24,FTMUSDT,True
2023-03-24,OPUSDT,True
2023-03-25,FTMUSDT,True
2023-03-25,OPUSDT,True
2023-03-26,FTMUSDT,True
2023-03-26,STXUSDT,True
2023-03-27,JOEUSDT,True
2023-03-27,STXUSDT,True
2023-03-28,JOEUSDT,True
2023-03-28,STXUSDT,True
2023-03-29,JOEUSDT,True
2023-03-29,STXUSDT,True
2023-03-30,JOEUSDT,True
2023-03-30,STXUSDT,True
2023-03-31,CFXUSDT,True
2023-03-31,JOEUSDT,True
2023-04-01,CFXUSDT,True
2023-04-01,INJUSDT,True
2023-04-02,CFXUSDT,True
2023-04-02,JOEUSDT,True
2023-04-03,CFXUSDT,True
2023-04-03,JOEUSDT,True
2023-04-04,CFXUSDT,True
2023-04-04,INJUSDT,True
2023-04-05,CFXUSDT,True
2023-04-05,ICXUSDT,True
2023-04-06,CFXUSDT,True
2023-04-06,ICXUSDT,True
2023-04-07,CFXUSDT,True
2023-04-07,ICXUSDT,True
2023-04-08,CFXUSDT,True
2023-04-08,XRPUSDT,True
2023-04-09,CFXUSDT,True
2023-04-09,XRPUSDT,True
2023-04-10,CFXUSDT,True
2023-04-10,INJUSDT,True
2023-04-11,CFXUSDT,True
2023-04-11,INJUSDT,True
2023-04-12,CFXUSDT,True
2023-04-12,INJUSDT,True
2023-04-13,CFXUSDT,True
2023-04-13,INJUSDT,True
2023-04-14,CFXUSDT,True
2023-04-14,INJUSDT,True
2023-04-15,CFXUSDT,True
2023-04-15,INJUSDT,True
2023-04-16,CFXUSDT,True
2023-04-16,INJUSDT,True
2023-04-17,CFXUSDT,True
2023-04-17,INJUSDT,True
2023-04-18,CFXUSDT,True
2023-04-18,INJUSDT,True
2023-04-19,CFXUSDT,True
2023-04-19,INJUSDT,True
2023-04-20,CFXUSDT,True
2023-04-20,INJUSDT,True
2023-04-21,CFXUSDT,True
2023-04-21,INJUSDT,True
2023-04-22,CFXUSDT,True
2023-04-22,INJUSDT,True
2023-04-23,CFXUSDT,True
2023-04-23,INJUSDT,True
2023-04-24,CFXUSDT,True
2023-04-24,INJUSDT,True
2023-04-25,CFXUSDT,True
2023-04-25,INJUSDT,True
2023-04-26,CFXUSDT,True
2023-04-26,INJUSDT,True
2023-04-27,CFXUSDT,True
2023-04-27,INJUSDT,True
2023-04-28,CFXUSDT,True
2023-04-28,INJUSDT,True
2023-04-29,CFXUSDT,True
2023-04-29,INJUSDT,True
2023-04-30,CFXUSDT,True
2023-04-30,INJUSDT,True
2023-05-01,CFXUSDT,True
2023-05-01,INJUSDT,True
2023-05-02,INJUSDT,True
2023-05-02,RNDRUSDT,True
2023-05-03,INJUSDT,True
2023-05-03,RNDRUSDT,True
2023-05-04,CFXUSDT,True
2023-05-04,RNDRUSDT,True
2023-05-05,CFXUSDT,True
2023-05-05,RNDRUSDT,True
2023-05-06,CFXUSDT,True
2023-05-06,RADUSDT,True
2023-05-07,RADUSDT,True
2023-05-07,RNDRUSDT,True
2023-05-08,RADUSDT,True
2023-05-08,RNDRUSDT,True
2023-05-09,CFXUSDT,True
2023-05-09,RNDRUSDT,True
2023-05-10,CFXUSDT,True
2023-05-10,RNDRUSDT,True
2023-05-11,CFXUSDT,True
2023-05-11,RNDRUSDT,True
2023-05-12,CFXUSDT,True
2023-05-12,RNDRUSDT,True
2023-05-14,CFXUSDT,True
2023-05-15,CFXUSDT,True
2023-05-16,CFXUSDT,True
2023-05-16,RNDRUSDT,True
2023-05-17,CFXUSDT,True
2023-05-17,RNDRUSDT,True
2023-05-18,CFXUSDT,True
2023-05-18,RNDRUSDT,True
2023-05-19,CFXUSDT,True
2023-05-19,RNDRUSDT,True
2023-05-20,RNDRUSDT,True
2023-05-20,TRXUSDT,True
2023-05-21,RNDRUSDT,True
2023-05-21,TRXUSDT,True
2023-05-22,RNDRUSDT,True
2023-05-22,TRXUSDT,True
2023-05-23,RNDRUSDT,True
2023-05-23,TRXUSDT,True
2023-05-24,RNDRUSDT,True
2023-05-24,TRXUSDT,True
2023-05-25,RNDRUSDT,True
2023-05-25,TRXUSDT,True
2023-05-26,ETHUSDT,True
2023-05-26,RNDRUSDT,True
2023-05-27,ETHUSDT,True
2023-05-27,RNDRUSDT,True
2023-05-28,ETHUSDT,True
2023-05-28,RNDRUSDT,True
2023-05-29,ETHUSDT,True
2023-05-29,RNDRUSDT,True
2023-05-30,ETHUSDT,True
2023-05-30,RNDRUSDT,True
2023-05-31,ETHUSDT,True
2023-05-31,RNDRUSDT,True
2023-06-01,ETHUSDT,True
2023-06-01,RNDRUSDT,True
2023-06-02,ETHUSDT,True
2023-06-02,RNDRUSDT,True
2023-06-03,ETHUSDT,True
2023-06-03,TRXUSDT,True
2023-06-04,ETHUSDT,True
2023-06-04,TRXUSDT,True
2023-06-05,ETHUSDT,True
2023-06-05,TRXUSDT,True
2023-06-06,ETHUSDT,True
2023-06-06,TRXUSDT,True
2023-06-07,ETHUSDT,True
2023-06-07,TRXUSDT,True
2023-06-08,ETHUSDT,True
2023-06-08,XRPUSDT,True
2023-06-09,ETHUSDT,True
2023-06-09,XRPUSDT,True
2023-06-10,ETHUSDT,True
2023-06-10,XRPUSDT,True
2023-06-11,ETHUSDT,True
2023-06-11,XRPUSDT,True
2023-06-12,TOMOUSDT,True
2023-06-12,XRPUSDT,True
2023-06-13,RNDRUSDT,True
2023-06-13,XRPUSDT,True
2023-06-14,TOMOUSDT,True
2023-06-14,XRPUSDT,True
2023-06-16,LINAUSDT,True
2023-06-16,XRPUSDT,True
2023-06-17,LINAUSDT,True
2023-06-17,XRPUSDT,True
2023-06-18,XRPUSDT,True
2023-06-19,XRPUSDT,True
2023-06-20,STXUSDT,True
2023-06-21,INJUSDT,True
2023-06-21,STXUSDT,True
2023-06-22,MTLUSDT,True
2023-06-22,STXUSDT,True
2023-06-23,MTLUSDT,True
2023-06-23,STXUSDT,True
2023-06-24,BCHUSDT,True
2023-06-25,ARPAUSDT,True
2023-06-25,BCHUSDT,True
2023-06-26,BCHUSDT,True
2023-06-26,INJUSDT,True
2023-06-27,BCHUSDT,True
2023-06-27,LINAUSDT,True
2023-06-28,BCHUSDT,True
2023-06-28,LINAUSDT,True
2023-06-29,BCHUSDT,True
2023-06-29,TOMOUSDT,True
2023-06-30,BCHUSDT,True
2023-06-30,TOMOUSDT,True
2023-07-01,BCHUSDT,True
2023-07-01,LTCUSDT,True
2023-07-02,BCHUSDT,True
2023-07-02,LTCUSDT,True
2023-07-03,BCHUSDT,True
2023-07-03,LTCUSDT,True
2023-07-04,BCHUSDT,True
2023-07-04,LTCUSDT,True
2023-07-05,BCHUSDT,True
2023-07-05,LTCUSDT,True
2023-07-06,BCHUSDT,True
2023-07-06,MKRUSDT,True
2023-07-07,BCHUSDT,True
2023-07-07,LTCUSDT,True
2023-07-08,BCHUSDT,True
2023-07-08,LTCUSDT,True
2023-07-09,BCHUSDT,True
2023-07-09,COMPUSDT,True
2023-07-10,BCHUSDT,True
2023-07-10,COMPUSDT,True
2023-07-11,BCHUSDT,True
2023-07-11,COMPUSDT,True
2023-07-12,BCHUSDT,True
2023-07-12,COMPUSDT,True
2023-07-13,BCHUSDT,True
2023-07-13,COMPUSDT,True
2023-07-14,BCHUSDT,True
2023-07-14,COMPUSDT,True
2023-07-15,BCHUSDT,True
2023-07-15,COMPUSDT,True
2023-07-16,BCHUSDT,True
2023-07-16,COMPUSDT,True
2023-07-17,BCHUSDT,True
2023-07-17,COMPUSDT,True
2023-07-18,BCHUSDT,True
2023-07-18,SOLUSDT,True
2023-07-19,BCHUSDT,True
2023-07-19,SOLUSDT,True
2023-07-20,BCHUSDT,True
2023-07-20,SOLUSDT,True
2023-07-21,MKRUSDT,True
2023-07-21,SOLUSDT,True
2023-07-22,SOLUSDT,True
2023-07-22,TRXUSDT,True
2023-07-23,SOLUSDT,True
2023-07-23,TRXUSDT,True
2023-07-24,BCHUSDT,True
2023-07-24,SOLUSDT,True
2023-07-25,SOLUSDT,True
2023-07-25,TRXUSDT,True
2023-07-26,SOLUSDT,True
2023-07-26,TRXUSDT,True
2023-07-27,MKRUSDT,True
2023-07-27,SOLUSDT,True
2023-07-28,SOLUSDT,True
2023-07-28,XLMUSDT,True
2023-07-29,MKRUSDT,True
2023-07-29,SOLUSDT,True
2023-07-30,BCHUSDT,True
2023-07-30,SOLUSDT,True
2023-07-31,BCHUSDT,True
2023-07-31,SOLUSDT,True
2023-08-01,BCHUSDT,True
2023-08-01,SOLUSDT,True
2023-08-02,BCHUSDT,True
2023-08-02,SOLUSDT,True
2023-08-03,COMPUSDT,True
2023-08-03,XRPUSDT,True
2023-08-04,COMPUSDT,True
2023-08-04,XRPUSDT,True
2023-08-05,BNTUSDT,True
2023-08-05,YGGUSDT,True
2023-08-06,SOLUSDT,True
2023-08-06,YGGUSDT,True
2023-08-07,SOLUSDT,True
2023-08-07,YGGUSDT,True
2023-08-08,SOLUSDT,True
2023-08-08,YGGUSDT,True
2023-08-09,SOLUSDT,True
2023-08-09,YGGUSDT,True
2023-08-10,BCHUSDT,True
2023-08-10,SOLUSDT,True
2023-08-11,SHIBUSDT,True
2023-08-11,SOLUSDT,True
2023-08-12,SHIBUSDT,True
2023-08-12,SOLUSDT,True
2023-08-13,SHIBUSDT,True
2023-08-13,SOLUSDT,True
2023-08-14,SHIBUSDT,True
2023-08-14,SOLUSDT,True
2023-08-15,BCHUSDT,True
2023-08-15,SOLUSDT,True
2023-08-16,BCHUSDT,True
2023-08-16,SOLUSDT,True
2023-08-17,BCHUSDT,True
2023-08-17,SOLUSDT,True
2023-08-29,AKROUSDT,True
2023-08-29,RUNEUSDT,True
2023-09-15,BCHUSDT,True
2023-09-15,HIFIUSDT,True
2023-09-16,BCHUSDT,True
2023-09-16,HIFIUSDT,True
2023-09-19,BLZUSDT,True
2023-09-19,FRONTUSDT,True
2023-09-20,BLZUSDT,True
2023-09-20,FRONTUSDT,True
2023-09-21,AUCTIONUSDT,True
2023-09-21,BLZUSDT,True
2023-09-22,FLMUSDT,True
2023-09-22,FRONTUSDT,True
2023-09-23,FLMUSDT,True
2023-09-23,FRONTUSDT,True
2023-09-28,BCHUSDT,True
2023-09-28,LINKUSDT,True
2023-09-29,BCHUSDT,True
2023-09-29,LINKUSDT,True
2023-09-30,LINKUSDT,True
2023-09-30,TRBUSDT,True
2023-10-01,BCHUSDT,True
2023-10-01,LINKUSDT,True
2023-10-02,BCHUSDT,True
2023-10-02,LINKUSDT,True
2023-10-03,BCHUSDT,True
2023-10-03,LINKUSDT,True
2023-10-04,LINKUSDT,True
2023-10-04,RUNEUSDT,True
2023-10-05,LINKUSDT,True
2023-10-05,RUNEUSDT,True
2023-10-06,RUNEUSDT,True
2023-10-06,TRXUSDT,True
2023-10-07,RUNEUSDT,True
2023-10-07,SOLUSDT,True
2023-10-08,LINKUSDT,True
2023-10-08,SOLUSDT,True
2023-10-09,LINKUSDT,True
2023-10-09,SOLUSDT,True
2023-10-10,SOLUSDT,True
2023-10-10,STRAXUSDT,True
2023-10-11,LINKUSDT,True
2023-10-11,SOLUSDT,True
2023-10-12,SOLUSDT,True
2023-10-13,LINKUSDT,True
2023-10-13,SOLUSDT,True
2023-10-14,BONDUSDT,True
2023-10-14,SOLUSDT,True
2023-10-15,BONDUSDT,True
2023-10-15,SOLUSDT,True
2023-10-16,BONDUSDT,True
2023-10-16,SOLUSDT,True
2023-10-17,BONDUSDT,True
2023-10-17,SOLUSDT,True
2023-10-18,BCHUSDT,True
2023-10-18,SOLUSDT,True
2023-10-19,ARDRUSDT,True
2023-10-19,SOLUSDT,True
2023-10-20,SOLUSDT,True
2023-10-20,TRXUSDT,True
2023-10-21,LINKUSDT,True
2023-10-21,SOLUSDT,True
2023-10-22,LINKUSDT,True
2023-10-22,SOLUSDT,True
2023-10-23,LINKUSDT,True
2023-10-23,SOLUSDT,True
2023-10-24,LINKUSDT,True
2023-10-24,SOLUSDT,True
2023-10-25,LINKUSDT,True
2023-10-25,SOLUSDT,True
2023-10-26,LINKUSDT,True
2023-10-26,SOLUSDT,True
2023-10-27,LINKUSDT,True
2023-10-27,SOLUSDT,True
2023-10-28,LINKUSDT,True
2023-10-28,SOLUSDT,True
2023-10-29,LINKUSDT,True
2023-10-29,SOLUSDT,True
2023-10-30,LINKUSDT,True
2023-10-30,SOLUSDT,True
2023-10-31,LINKUSDT,True
2023-10-31,SOLUSDT,True
2023-11-01,LINKUSDT,True
2023-11-01,SOLUSDT,True
2023-11-02,LINKUSDT,True
2023-11-02,SOLUSDT,True
2023-11-03,LINKUSDT,True
2023-11-03,SOLUSDT,True
2023-11-04,LINKUSDT,True
2023-11-04,SOLUSDT,True
2023-11-05,LINKUSDT,True
2023-11-05,SOLUSDT,True
2023-11-06,LINKUSDT,True
2023-11-06,SOLUSDT,True
2023-11-07,LINKUSDT,True
2023-11-07,SOLUSDT,True
2023-11-08,LINKUSDT,True
2023-11-08,SOLUSDT,True
2023-11-09,LINKUSDT,True
2023-11-09,SOLUSDT,True
2023-11-10,LINKUSDT,True
2023-11-10,SOLUSDT,True
2023-11-11,LINKUSDT,True
2023-11-11,SOLUSDT,True
2023-11-12,LINKUSDT,True
2023-11-12,SOLUSDT,True
2023-11-13,LINKUSDT,True
2023-11-13,SOLUSDT,True
2023-11-14,LINKUSDT,True
2023-11-14,SOLUSDT,True
2023-11-15,LINKUSDT,True
2023-11-15,SOLUSDT,True
2023-11-16,LINKUSDT,True
2023-11-16,SOLUSDT,True
2023-11-17,LINKUSDT,True
2023-11-17,SOLUSDT,True
2023-11-18,LINKUSDT,True
2023-11-18,SOLUSDT,True
2023-11-19,LINKUSDT,True
2023-11-19,SOLUSDT,True
2023-11-20,LINKUSDT,True
2023-11-20,SOLUSDT,True
2023-11-21,LINKUSDT,True
2023-11-21,SOLUSDT,True
2023-11-22,LINKUSDT,True
2023-11-22,SOLUSDT,True
2023-11-23,LINKUSDT,True
2023-11-23,SOLUSDT,True
2023-11-24,LINKUSDT,True
2023-11-24,SOLUSDT,True
2023-11-25,LINKUSDT,True
2023-11-25,SOLUSDT,True
2023-11-26,LINKUSDT,True
2023-11-26,SOLUSDT,True
2023-11-27,LINKUSDT,True
2023-11-27,SOLUSDT,True
2023-11-28,LINKUSDT,True
2023-11-28,SOLUSDT,True
2023-11-29,LINKUSDT,True
2023-11-29,SOLUSDT,True
2023-11-30,LINKUSDT,True
2023-11-30,SOLUSDT,True
2023-12-01,LINKUSDT,True
2023-12-01,SOLUSDT,True
2023-12-02,LINKUSDT,True
2023-12-02,SOLUSDT,True
2023-12-03,LINKUSDT,True
2023-12-03,SOLUSDT,True
2023-12-04,LINKUSDT,True
2023-12-04,SOLUSDT,True
2023-12-05,LINKUSDT,True
2023-12-05,SOLUSDT,True
2023-12-06,LINKUSDT,True
2023-12-06,SOLUSDT,True
2023-12-07,LINKUSDT,True
2023-12-07,SOLUSDT,True
2023-12-08,LINKUSDT,True
2023-12-08,SOLUSDT,True
2023-12-09,LINKUSDT,True
2023-12-09,SOLUSDT,True
2023-12-10,LINKUSDT,True
2023-12-10,SOLUSDT,True
2023-12-11,LINKUSDT,True
2023-12-11,SOLUSDT,True
2023-12-12,LINKUSDT,True
2023-12-12,SOLUSDT,True
2023-12-13,LINKUSDT,True
2023-12-13,SOLUSDT,True
2023-12-14,LINKUSDT,True
2023-12-14,SOLUSDT,True
2023-12-15,LINKUSDT,True
2023-12-15,SOLUSDT,True
2023-12-16,LINKUSDT,True
2023-12-16,SOLUSDT,True
2023-12-17,LINKUSDT,True
2023-12-17,SOLUSDT,True
2023-12-18,LINKUSDT,True
2023-12-18,SOLUSDT,True
2023-12-19,LINKUSDT,True
2023-12-19,SOLUSDT,True
2023-12-20,LINKUSDT,True
2023-12-20,SOLUSDT,True
2023-12-21,LINKUSDT,True
2023-12-21,SOLUSDT,True
2023-12-22,LINKUSDT,True
2023-12-22,SOLUSDT,True
2023-12-23,LINKUSDT,True
2023-12-23,SOLUSDT,True
2023-12-24,LINKUSDT,True
2023-12-24,SOLUSDT,True
2023-12-25,LINKUSDT,True
2023-12-25,SOLUSDT,True
2023-12-26,LINKUSDT,True
2023-12-26,SOLUSDT,True
2023-12-27,LINKUSDT,True
2023-12-27,SOLUSDT,True
2023-12-28,LINKUSDT,True
2023-12-28,SOLUSDT,True
2023-12-29,LINKUSDT,True
2023-12-29,SOLUSDT,True
2023-12-30,LINKUSDT,True
2023-12-30,SOLUSDT,True
2023-12-31,LINKUSDT,True
2023-12-31,SOLUSDT,True
2024-01-01,LINKUSDT,True
2024-01-01,SOLUSDT,True
2024-01-02,LINKUSDT,True
2024-01-02,SOLUSDT,True
2024-01-03,LINKUSDT,True
2024-01-03,SOLUSDT,True
2024-01-04,LINKUSDT,True
2024-01-04,SOLUSDT,True
2024-01-05,LINKUSDT,True
2024-01-05,SOLUSDT,True
2024-01-06,LINKUSDT,True
2024-01-06,SOLUSDT,True
2024-01-07,SCUSDT,True
2024-01-07,SOLUSDT,True
2024-01-08,SCUSDT,True
2024-01-08,SOLUSDT,True
2024-01-09,MKRUSDT,True
2024-01-09,SOLUSDT,True
2024-01-10,MKRUSDT,True
2024-01-10,SOLUSDT,True
2024-01-11,MKRUSDT,True
2024-01-11,SOLUSDT,True
2024-01-12,MKRUSDT,True
2024-01-12,SOLUSDT,True
2024-01-13,ETHUSDT,True
2024-01-13,SOLUSDT,True
2024-01-14,ETHUSDT,True
2024-01-14,SOLUSDT,True
2024-01-15,ETHUSDT,True
2024-01-15,SOLUSDT,True
2024-01-16,ETHUSDT,True
2024-01-16,SOLUSDT,True
2024-01-17,ETHUSDT,True
2024-01-17,SOLUSDT,True
2024-01-18,ETHUSDT,True
2024-01-18,SOLUSDT,True
2024-01-19,ETHUSDT,True
2024-01-19,SOLUSDT,True
2024-01-20,ETHUSDT,True
2024-01-20,SOLUSDT,True
2024-01-21,ETHUSDT,True
2024-01-21,SOLUSDT,True
2024-01-22,INJUSDT,True
2024-01-22,SOLUSDT,True
2024-01-23,INJUSDT,True
2024-01-23,SOLUSDT,True
2024-01-24,INJUSDT,True
2024-01-24,SOLUSDT,True
2024-01-25,INJUSDT,True
2024-01-25,SOLUSDT,True
2024-01-26,INJUSDT,True
2024-01-26,SOLUSDT,True
2024-01-27,INJUSDT,True
2024-01-27,SOLUSDT,True
2024-01-28,INJUSDT,True
2024-01-28,SOLUSDT,True
2024-01-29,INJUSDT,True
2024-01-29,SOLUSDT,True
2024-01-30,INJUSDT,True
2024-01-30,SOLUSDT,True
2024-01-31,INJUSDT,True
2024-01-31,SOLUSDT,True
2024-02-01,INJUSDT,True
2024-02-01,SOLUSDT,True
2024-02-02,INJUSDT,True
2024-02-02,SOLUSDT,True
2024-02-03,INJUSDT,True
2024-02-03,SOLUSDT,True
2024-02-04,SOLUSDT,True
2024-02-04,TRXUSDT,True
2024-02-05,SOLUSDT,True
2024-02-05,TRXUSDT,True
2024-02-06,SOLUSDT,True
2024-02-06,TRXUSDT,True
2024-02-07,SOLUSDT,True
2024-02-07,TRXUSDT,True
2024-02-08,SOLUSDT,True
2024-02-08,STXUSDT,True
2024-02-09,SOLUSDT,True
2024-02-09,STXUSDT,True
2024-02-10,SOLUSDT,True
2024-02-10,STXUSDT,True
2024-02-11,SOLUSDT,True
2024-02-11,STXUSDT,True
2024-02-12,SOLUSDT,True
2024-02-12,STXUSDT,True
2024-02-13,SOLUSDT,True
2024-02-13,STXUSDT,True
2024-02-14,SOLUSDT,True
2024-02-14,STXUSDT,True
2024-02-15,SOLUSDT,True
2024-02-15,STXUSDT,True
2024-02-16,SOLUSDT,True
2024-02-16,STXUSDT,True
2024-02-17,SOLUSDT,True
2024-02-17,STXUSDT,True
2024-02-18,SOLUSDT,True
2024-02-18,STXUSDT,True
2024-02-19,SOLUSDT,True
2024-02-19,STXUSDT,True
2024-02-20,SOLUSDT,True
2024-02-20,STXUSDT,True
2024-02-21,SOLUSDT,True
2024-02-21,STXUSDT,True
2024-02-22,SOLUSDT,True
2024-02-22,STXUSDT,True
2024-02-23,SOLUSDT,True
2024-02-23,STXUSDT,True
2024-02-24,SOLUSDT,True
2024-02-24,STXUSDT,True
2024-02-25,ETHUSDT,True
2024-02-25,SOLUSDT,True
2024-02-26,ETHUSDT,True
2024-02-26,SOLUSDT,True
2024-02-27,ETHUSDT,True
2024-02-27,SOLUSDT,True
2024-02-28,RNDRUSDT,True
2024-02-28,SOLUSDT,True
2024-02-29,RNDRUSDT,True
2024-02-29,SOLUSDT,True
2024-03-01,RNDRUSDT,True
2024-03-01,SOLUSDT,True
2024-03-02,RNDRUSDT,True
2024-03-02,SOLUSDT,True
2024-03-03,RNDRUSDT,True
2024-03-03,SOLUSDT,True
2024-03-04,RNDRUSDT,True
2024-03-04,SOLUSDT,True
2024-03-05,RNDRUSDT,True
2024-03-05,SOLUSDT,True
2024-03-06,RNDRUSDT,True
2024-03-06,SOLUSDT,True
2024-03-07,RNDRUSDT,True
2024-03-07,SOLUSDT,True
2024-03-08,RNDRUSDT,True
2024-03-08,SOLUSDT,True
2024-03-09,RNDRUSDT,True
2024-03-09,SOLUSDT,True
2024-03-10,RNDRUSDT,True
2024-03-10,SOLUSDT,True
2024-03-11,RNDRUSDT,True
2024-03-11,SOLUSDT,True
2024-03-12,RNDRUSDT,True
2024-03-12,SOLUSDT,True
2024-03-13,RNDRUSDT,True
2024-03-13,SOLUSDT,True
2024-03-14,RNDRUSDT,True
2024-03-14,SOLUSDT,True
2024-03-15,RNDRUSDT,True
2024-03-15,SOLUSDT,True
2024-03-16,RNDRUSDT,True
2024-03-16,SOLUSDT,True
2024-03-17,RNDRUSDT,True
2024-03-17,SOLUSDT,True
2024-03-18,RNDRUSDT,True
2024-03-18,SOLUSDT,True
2024-03-19,RNDRUSDT,True
2024-03-19,SOLUSDT,True
2024-03-20,RNDRUSDT,True
2024-03-20,SOLUSDT,True
2024-03-21,RNDRUSDT,True
2024-03-21,SOLUSDT,True
2024-03-22,RNDRUSDT,True
2024-03-22,SOLUSDT,True
2024-03-23,RNDRUSDT,True
2024-03-23,SOLUSDT,True
2024-03-24,RNDRUSDT,True
2024-03-24,SOLUSDT,True
2024-03-25,RNDRUSDT,True
2024-03-25,SOLUSDT,True
2024-03-26,RNDRUSDT,True
2024-03-26,SOLUSDT,True
2024-03-27,RNDRUSDT,True
2024-03-27,SOLUSDT,True
2024-03-28,RNDRUSDT,True
2024-03-28,SOLUSDT,True
2024-03-29,RNDRUSDT,True
2024-03-29,SOLUSDT,True
2024-03-30,RNDRUSDT,True
2024-03-30,SOLUSDT,True
2024-03-31,RNDRUSDT,True
2024-03-31,SOLUSDT,True
2024-04-01,RNDRUSDT,True
2024-04-01,SOLUSDT,True
2024-04-02,RNDRUSDT,True
2024-04-02,SOLUSDT,True
2024-04-03,RNDRUSDT,True
2024-04-03,SOLUSDT,True
2024-04-04,RNDRUSDT,True
2024-04-04,SOLUSDT,True
2024-04-05,RNDRUSDT,True
2024-04-05,SOLUSDT,True
2024-04-06,RNDRUSDT,True
2024-04-06,SOLUSDT,True
2024-04-07,RNDRUSDT,True
2024-04-07,SOLUSDT,True
2024-04-08,RNDRUSDT,True
2024-04-08,SOLUSDT,True
2024-04-09,RNDRUSDT,True
2024-04-09,SOLUSDT,True
2024-04-10,RNDRUSDT,True
2024-04-10,SOLUSDT,True
2024-04-11,RNDRUSDT,True
2024-04-11,SOLUSDT,True
2024-04-12,RNDRUSDT,True
2024-04-12,SOLUSDT,True
2024-04-13,RNDRUSDT,True
2024-04-13,SOLUSDT,True
2024-04-14,RNDRUSDT,True
2024-04-14,SOLUSDT,True
2024-04-15,RNDRUSDT,True
2024-04-15,SOLUSDT,True
2024-04-16,RNDRUSDT,True
2024-04-16,SOLUSDT,True
2024-04-17,RNDRUSDT,True
2024-04-17,SOLUSDT,True
2024-04-18,RNDRUSDT,True
2024-04-18,SOLUSDT,True
2024-04-19,RNDRUSDT,True
2024-04-19,SOLUSDT,True
2024-04-20,RNDRUSDT,True
2024-04-20,SOLUSDT,True
2024-04-21,RNDRUSDT,True
2024-04-21,SOLUSDT,True
2024-04-22,RNDRUSDT,True
2024-04-22,SOLUSDT,True
2024-04-23,RNDRUSDT,True
2024-04-23,SOLUSDT,True
2024-04-24,RNDRUSDT,True
2024-04-24,SOLUSDT,True
2024-04-25,RNDRUSDT,True
2024-04-25,SOLUSDT,True
2024-04-26,RNDRUSDT,True
2024-04-26,SOLUSDT,True
2024-04-27,RNDRUSDT,True
2024-04-27,SOLUSDT,True
2024-04-28,RNDRUSDT,True
2024-04-28,SOLUSDT,True
2024-04-29,RNDRUSDT,True
2024-04-29,SOLUSDT,True
2024-04-30,RNDRUSDT,True
2024-04-30,SOLUSDT,True
2024-05-01,RNDRUSDT,True
2024-05-01,SOLUSDT,True
2024-05-02,RNDRUSDT,True
2024-05-02,SOLUSDT,True
2024-05-03,RNDRUSDT,True
2024-05-03,SOLUSDT,True
2024-05-04,RNDRUSDT,True
2024-05-04,SOLUSDT,True
2024-05-05,RNDRUSDT,True
2024-05-05,SOLUSDT,True
2024-05-06,RNDRUSDT,True
2024-05-06,SOLUSDT,True
2024-05-07,RNDRUSDT,True
2024-05-07,SOLUSDT,True
2024-05-08,RNDRUSDT,True
2024-05-08,SOLUSDT,True
2024-05-09,RNDRUSDT,True
2024-05-09,SOLUSDT,True
2024-05-10,RNDRUSDT,True
2024-05-10,SOLUSDT,True
2024-05-11,RNDRUSDT,True
2024-05-11,SOLUSDT,True
2024-05-12,RNDRUSDT,True
2024-05-12,SOLUSDT,True
2024-05-13,RNDRUSDT,True
2024-05-13,SOLUSDT,True
2024-05-14,RNDRUSDT,True
2024-05-14,SOLUSDT,True
2024-05-15,RNDRUSDT,True
2024-05-15,SOLUSDT,True
2024-05-16,RNDRUSDT,True
2024-05-16,SOLUSDT,True
2024-05-17,RNDRUSDT,True
2024-05-17,SOLUSDT,True
2024-05-18,RNDRUSDT,True
2024-05-18,SOLUSDT,True
2024-05-19,RNDRUSDT,True
2024-05-19,SOLUSDT,True
2024-05-20,RNDRUSDT,True
2024-05-20,SOLUSDT,True
2024-05-21,RNDRUSDT,True
2024-05-21,SOLUSDT,True
2024-05-22,RNDRUSDT,True
2024-05-22,SOLUSDT,True
2024-05-23,RNDRUSDT,True
2024-05-23,SOLUSDT,True
2024-05-24,RNDRUSDT,True
2024-05-24,SOLUSDT,True
2024-05-25,RNDRUSDT,True
2024-05-25,SOLUSDT,True
2024-05-26,RNDRUSDT,True
2024-05-26,SOLUSDT,True
2024-05-27,RNDRUSDT,True
2024-05-27,SOLUSDT,True
2024-05-28,RNDRUSDT,True
2024-05-28,SOLUSDT,True
2024-05-29,RNDRUSDT,True
2024-05-29,SOLUSDT,True
2024-05-30,RNDRUSDT,True
2024-05-30,SOLUSDT,True
2024-05-31,RNDRUSDT,True
2024-05-31,SOLUSDT,True
2024-06-01,BNBUSDT,True
2024-06-01,SOLUSDT,True
2024-06-02,BNBUSDT,True
2024-06-02,SOLUSDT,True
2024-06-03,BNBUSDT,True
2024-06-03,SOLUSDT,True
2024-06-04,BNBUSDT,True
2024-06-04,SOLUSDT,True
2024-06-05,BNBUSDT,True
2024-06-05,SOLUSDT,True
2024-06-06,BNBUSDT,True
2024-06-06,SOLUSDT,True
2024-06-07,BNBUSDT,True
2024-06-07,SOLUSDT,True
2024-06-08,BNBUSDT,True
2024-06-08,SOLUSDT,True
2024-06-09,BNBUSDT,True
2024-06-09,SOLUSDT,True
2024-06-10,BNBUSDT,True
2024-06-10,SOLUSDT,True
2024-06-11,BNBUSDT,True
2024-06-11,SOLUSDT,True
2024-06-12,BNBUSDT,True
2024-06-12,SOLUSDT,True
2024-06-13,BNBUSDT,True
2024-06-13,SOLUSDT,True
2024-06-14,BNBUSDT,True
2024-06-14,SOLUSDT,True
2024-06-15,BNBUSDT,True
2024-06-15,SOLUSDT,True
2024-06-16,BNBUSDT,True
2024-06-16,SOLUSDT,True
2024-06-17,BNBUSDT,True
2024-06-17,SOLUSDT,True
2024-06-18,BNBUSDT,True
2024-06-18,SOLUSDT,True
2024-06-19,BNBUSDT,True
2024-06-19,SOLUSDT,True
2024-06-20,BNBUSDT,True
2024-06-20,SOLUSDT,True
2024-06-21,BNBUSDT,True
2024-06-21,SOLUSDT,True
2024-06-22,BNBUSDT,True
2024-06-22,SOLUSDT,True
2024-06-23,BNBUSDT,True
2024-06-23,PEPEUSDT,True
2024-06-24,BNBUSDT,True
2024-06-24,PEPEUSDT,True
2024-06-25,BNBUSDT,True
2024-06-25,PEPEUSDT,True
2024-06-26,BNBUSDT,True
2024-06-26,PEPEUSDT,True
2024-06-27,BNBUSDT,True
2024-06-27,PEPEUSDT,True
2024-06-28,BNBUSDT,True
2024-06-28,PEPEUSDT,True
2024-06-29,BNBUSDT,True
2024-06-29,PEPEUSDT,True
2024-06-30,BNBUSDT,True
2024-06-30,PEPEUSDT,True
2024-07-01,BNBUSDT,True
2024-07-01,PEPEUSDT,True
2024-07-02,BNBUSDT,True
2024-07-02,PEPEUSDT,True
2024-07-14,MKRUSDT,True
2024-07-14,TRXUSDT,True
2024-07-15,MKRUSDT,True
2024-07-15,TRXUSDT,True
2024-07-16,MKRUSDT,True
2024-07-16,TRXUSDT,True
2024-07-17,MKRUSDT,True
2024-07-17,TRXUSDT,True
2024-07-18,BNBUSDT,True
2024-07-18,ETHUSDT,True
2024-07-19,BNBUSDT,True
2024-07-19,TRXUSDT,True
2024-07-20,BNBUSDT,True
2024-07-20,RAYUSDT,True
2024-07-21,BNBUSDT,True
2024-07-21,SOLUSDT,True
2024-07-22,BNBUSDT,True
2024-07-22,SOLUSDT,True
2024-07-23,BNBUSDT,True
2024-07-23,SOLUSDT,True
2024-07-24,BNBUSDT,True
2024-07-24,SOLUSDT,True
2024-07-25,BNBUSDT,True
2024-07-25,SOLUSDT,True
2024-07-26,BNBUSDT,True
2024-07-26,SOLUSDT,True
2024-07-27,BNBUSDT,True
2024-07-27,SOLUSDT,True
2024-07-28,BNBUSDT,True
2024-07-28,SOLUSDT,True
2024-07-29,BNBUSDT,True
2024-07-29,SOLUSDT,True
2024-07-30,BNBUSDT,True
2024-07-30,SOLUSDT,True
2024-07-31,BNBUSDT,True
2024-07-31,SOLUSDT,True
2024-08-01,BNBUSDT,True
2024-08-01,SOLUSDT,True
2024-08-13,AAVEUSDT,True
2024-08-13,TRXUSDT,True
2024-08-21,AAVEUSDT,True
2024-08-21,TRXUSDT,True
2024-08-22,AAVEUSDT,True
2024-08-22,TRXUSDT,True
2024-08-23,AAVEUSDT,True
2024-08-23,TRXUSDT,True
2024-08-24,AAVEUSDT,True
2024-08-24,TRXUSDT,True
2024-08-25,SUNUSDT,True
2024-08-25,TRXUSDT,True
2024-08-26,SUNUSDT,True
2024-08-26,TRXUSDT,True
2024-08-27,SUNUSDT,True
2024-08-27,TRXUSDT,True
2024-08-28,SUNUSDT,True
2024-08-28,TRXUSDT,True
2024-08-29,SUNUSDT,True
2024-08-29,TRXUSDT,True
2024-08-30,SUNUSDT,True
2024-08-30,TRXUSDT,True
2024-08-31,SUNUSDT,True
2024-08-31,TRXUSDT,True
2024-09-02,AAVEUSDT,True
2024-09-02,TRXUSDT,True
2024-09-03,AAVEUSDT,True
2024-09-03,TRXUSDT,True
2024-09-04,AAVEUSDT,True
2024-09-04,TRXUSDT,True
2024-09-09,AAVEUSDT,True
2024-09-09,TRXUSDT,True
2024-09-10,AAVEUSDT,True
2024-09-10,TRXUSDT,True
2024-09-11,AAVEUSDT,True
2024-09-11,TRXUSDT,True
2024-09-18,AAVEUSDT,True
2024-09-18,TRXUSDT,True
2024-09-19,AAVEUSDT,True
2024-09-19,TRXUSDT,True
2024-09-20,AAVEUSDT,True
2024-09-20,TRXUSDT,True
2024-09-21,BNBUSDT,True
2024-09-21,SUIUSDT,True
2024-09-22,BNBUSDT,True
2024-09-22,SUIUSDT,True
2024-09-23,BNBUSDT,True
2024-09-23,SUIUSDT,True
2024-09-24,BNBUSDT,True
2024-09-24,SUIUSDT,True
2024-09-25,BNBUSDT,True
2024-09-25,SUIUSDT,True
2024-09-26,BNBUSDT,True
2024-09-26,SUIUSDT,True
2024-09-27,BNBUSDT,True
2024-09-27,SUIUSDT,True
2024-09-28,BNBUSDT,True
2024-09-28,SUIUSDT,True
2024-09-29,BNBUSDT,True
2024-09-29,SUIUSDT,True
2024-09-30,BNBUSDT,True
2024-09-30,SUIUSDT,True
2024-10-01,BNBUSDT,True
2024-10-01,SUIUSDT,True
2024-10-02,SUIUSDT,True
2024-10-02,TRXUSDT,True
2024-10-03,SUIUSDT,True
2024-10-03,TRXUSDT,True
2024-10-04,SUIUSDT,True
2024-10-04,TRXUSDT,True
2024-10-05,BNBUSDT,True
2024-10-05,SUIUSDT,True
2024-10-06,BNBUSDT,True
2024-10-06,SUIUSDT,True
2024-10-07,BNBUSDT,True
2024-10-07,SUIUSDT,True
2024-10-08,BNBUSDT,True
2024-10-08,SUIUSDT,True
2024-10-11,BNBUSDT,True
2024-10-11,TRXUSDT,True
2024-10-12,BNBUSDT,True
2024-10-12,TRXUSDT,True
2024-10-13,BNBUSDT,True
2024-10-13,TRXUSDT,True
2024-10-14,BNBUSDT,True
2024-10-14,TRXUSDT,True
2024-10-15,BNBUSDT,True
2024-10-15,TRXUSDT,True
2024-10-16,BNBUSDT,True
2024-10-16,TRXUSDT,True
2024-10-17,SUIUSDT,True
2024-10-17,TRXUSDT,True
2024-10-18,DOGEUSDT,True
2024-10-18,SUIUSDT,True
2024-10-19,DOGEUSDT,True
2024-10-19,SUIUSDT,True
2024-10-20,DOGEUSDT,True
2024-10-20,SUIUSDT,True
2024-10-21,DOGEUSDT,True
2024-10-21,SUIUSDT,True
2024-10-22,DOGEUSDT,True
2024-10-22,SUIUSDT,True
2024-10-23,DOGEUSDT,True
2024-10-23,SUIUSDT,True
2024-10-24,DOGEUSDT,True
2024-10-24,SUIUSDT,True
2024-10-25,DOGEUSDT,True
2024-10-25,SUIUSDT,True
2024-10-26,DOGEUSDT,True
2024-10-26,SUIUSDT,True
2024-10-27,DOGEUSDT,True
2024-10-27,SUIUSDT,True
2024-10-28,DOGEUSDT,True
2024-10-28,SUIUSDT,True
2024-10-29,DOGEUSDT,True
2024-10-29,SUIUSDT,True
2024-10-30,DOGEUSDT,True
2024-10-30,SUIUSDT,True
2024-10-31,DOGEUSDT,True
2024-10-31,SUIUSDT,True
2024-11-01,DOGEUSDT,True
2024-11-01,SUIUSDT,True
2024-11-02,DOGEUSDT,True
2024-11-02,SUIUSDT,True
2024-11-03,DOGEUSDT,True
2024-11-03,SUIUSDT,True
2024-11-04,DOGEUSDT,True
2024-11-04,SUIUSDT,True
2024-11-05,DOGEUSDT,True
2024-11-05,SUIUSDT,True
2024-11-06,DOGEUSDT,True
2024-11-06,SUIUSDT,True
2024-11-07,DOGEUSDT,True
2024-11-07,SUIUSDT,True
2024-11-08,DOGEUSDT,True
2024-11-08,SUIUSDT,True
2024-11-09,DOGEUSDT,True
2024-11-09,SUIUSDT,True
2024-11-10,DOGEUSDT,True
2024-11-10,SUIUSDT,True
2024-11-11,DOGEUSDT,True
2024-11-11,SUIUSDT,True
2024-11-12,DOGEUSDT,True
2024-11-12,SUIUSDT,True
2024-11-13,DOGEUSDT,True
2024-11-13,SUIUSDT,True
2024-11-14,DOGEUSDT,True
2024-11-14,SUIUSDT,True
2024-11-15,DOGEUSDT,True
2024-11-15,SUIUSDT,True
2024-11-16,DOGEUSDT,True
2024-11-16,SUIUSDT,True
2024-11-17,DOGEUSDT,True
2024-11-17,SUIUSDT,True
2024-11-18,DOGEUSDT,True
2024-11-18,SUIUSDT,True
2024-11-19,DOGEUSDT,True
2024-11-19,SUIUSDT,True
2024-11-20,DOGEUSDT,True
2024-11-20,SUIUSDT,True
2024-11-21,DOGEUSDT,True
2024-11-21,SUIUSDT,True
2024-11-22,DOGEUSDT,True
2024-11-22,SUIUSDT,True
2024-11-23,DOGEUSDT,True
2024-11-23,SUIUSDT,True
2024-11-24,DOGEUSDT,True
2024-11-24,SUIUSDT,True
2024-11-25,DOGEUSDT,True
2024-11-25,SUIUSDT,True
2024-11-26,DOGEUSDT,True
2024-11-26,SUIUSDT,True
2024-11-27,DOGEUSDT,True
2024-11-27,SUIUSDT,True
2024-11-28,DOGEUSDT,True
2024-11-28,SUIUSDT,True
2024-11-29,DOGEUSDT,True
2024-11-29,SUIUSDT,True
2024-11-30,DOGEUSDT,True
2024-11-30,SUIUSDT,True
2024-12-01,DOGEUSDT,True
2024-12-01,SUIUSDT,True
2024-12-02,DOGEUSDT,True
2024-12-02,SUIUSDT,True
2024-12-03,DOGEUSDT,True
2024-12-03,SUIUSDT,True
2024-12-04,DOGEUSDT,True
2024-12-04,SUIUSDT,True
2024-12-05,DOGEUSDT,True
2024-12-05,SUIUSDT,True
2024-12-06,DOGEUSDT,True
2024-12-06,SUIUSDT,True
2024-12-07,DOGEUSDT,True
2024-12-07,SUIUSDT,True
2024-12-08,DOGEUSDT,True
2024-12-08,SUIUSDT,True
2024-12-09,DOGEUSDT,True
2024-12-09,SUIUSDT,True
2024-12-10,DOGEUSDT,True
2024-12-10,SUIUSDT,True
2024-12-11,DOGEUSDT,True
2024-12-11,SUIUSDT,True
2024-12-12,DOGEUSDT,True
2024-12-12,SUIUSDT,True
2024-12-13,DOGEUSDT,True
2024-12-13,SUIUSDT,True
2024-12-14,DOGEUSDT,True
2024-12-14,SUIUSDT,True
2024-12-15,DOGEUSDT,True
2024-12-15,SUIUSDT,True
2024-12-16,DOGEUSDT,True
2024-12-16,SUIUSDT,True
2024-12-17,DOGEUSDT,True
2024-12-17,SUIUSDT,True
2024-12-18,DOGEUSDT,True
2024-12-18,SUIUSDT,True
2024-12-19,DOGEUSDT,True
2024-12-19,SUIUSDT,True
2024-12-20,DOGEUSDT,True
2024-12-20,SUIUSDT,True
2024-12-21,DOGEUSDT,True
2024-12-21,SUIUSDT,True
2024-12-22,DOGEUSDT,True
2024-12-22,SUIUSDT,True
2024-12-23,DOGEUSDT,True
2024-12-23,SUIUSDT,True
2024-12-24,DOGEUSDT,True
2024-12-24,SUIUSDT,True
2024-12-25,DOGEUSDT,True
2024-12-25,SUIUSDT,True
2024-12-26,DOGEUSDT,True
2024-12-26,SUIUSDT,True
2024-12-27,DOGEUSDT,True
2024-12-27,SUIUSDT,True
2024-12-28,DOGEUSDT,True
2024-12-28,SUIUSDT,True
2024-12-29,DOGEUSDT,True
2024-12-29,SUIUSDT,True
2024-12-30,DOGEUSDT,True
2024-12-30,SUIUSDT,True
2024-12-31,DOGEUSDT,True
2024-12-31,SUIUSDT,True
2025-01-01,DOGEUSDT,True
2025-01-01,SUIUSDT,True
2025-01-02,DOGEUSDT,True
2025-01-02,SUIUSDT,True
2025-01-03,DOGEUSDT,True
2025-01-03,SUIUSDT,True
2025-01-04,DOGEUSDT,True
2025-01-04,SUIUSDT,True
2025-01-05,DOGEUSDT,True
2025-01-05,SUIUSDT,True
2025-01-06,DOGEUSDT,True
2025-01-06,SUIUSDT,True
2025-01-07,DOGEUSDT,True
2025-01-07,SUIUSDT,True
2025-01-08,DOGEUSDT,True
2025-01-08,SUIUSDT,True
2025-01-09,DOGEUSDT,True
2025-01-09,SUIUSDT,True
2025-01-10,DOGEUSDT,True
2025-01-10,SUIUSDT,True
2025-01-11,DOGEUSDT,True
2025-01-11,SUIUSDT,True
2025-01-12,DOGEUSDT,True
2025-01-12,SUIUSDT,True
2025-01-13,DOGEUSDT,True
2025-01-13,SUIUSDT,True
2025-01-14,DOGEUSDT,True
2025-01-14,SUIUSDT,True
2025-01-15,DOGEUSDT,True
2025-01-15,SUIUSDT,True
2025-01-16,DOGEUSDT,True
2025-01-16,SUIUSDT,True
2025-01-17,DOGEUSDT,True
2025-01-17,SUIUSDT,True
2025-01-18,DOGEUSDT,True
2025-01-18,SUIUSDT,True
2025-01-19,DOGEUSDT,True
2025-01-19,SUIUSDT,True
2025-01-20,DOGEUSDT,True
2025-01-20,SUIUSDT,True
2025-01-21,DOGEUSDT,True
2025-01-21,SUIUSDT,True
2025-01-22,DOGEUSDT,True
2025-01-22,SUIUSDT,True
2025-01-23,DOGEUSDT,True
2025-01-23,SUIUSDT,True
2025-01-24,DOGEUSDT,True
2025-01-24,SUIUSDT,True
2025-01-25,DOGEUSDT,True
2025-01-25,SUIUSDT,True
2025-01-26,DOGEUSDT,True
2025-01-26,SUIUSDT,True
2025-01-27,DOGEUSDT,True
2025-01-27,SUIUSDT,True
2025-01-28,DOGEUSDT,True
2025-01-28,SUIUSDT,True
2025-01-29,DOGEUSDT,True
2025-01-29,SUIUSDT,True
2025-01-30,DOGEUSDT,True
2025-01-30,SUIUSDT,True
2025-01-31,DOGEUSDT,True
2025-01-31,SUIUSDT,True
2025-02-01,DOGEUSDT,True
2025-02-01,SUIUSDT,True
2025-02-02,OMUSDT,True
2025-02-02,SUIUSDT,True
2025-02-03,OMUSDT,True
2025-02-03,SUIUSDT,True
2025-02-04,OMUSDT,True
2025-02-04,SUIUSDT,True
2025-02-05,OMUSDT,True
2025-02-05,SUIUSDT,True
2025-02-06,OMUSDT,True
2025-02-06,XRPUSDT,True
2025-02-07,OMUSDT,True
2025-02-07,XRPUSDT,True
2025-02-08,OMUSDT,True
2025-02-08,XRPUSDT,True
2025-02-09,OMUSDT,True
2025-02-09,XRPUSDT,True
2025-02-10,OMUSDT,True
2025-02-10,XRPUSDT,True
2025-02-11,OMUSDT,True
2025-02-11,XRPUSDT,True
2025-02-12,OMUSDT,True
2025-02-12,XRPUSDT,True
2025-02-13,OMUSDT,True
2025-02-13,XRPUSDT,True
2025-02-14,OMUSDT,True
2025-02-14,XRPUSDT,True
2025-02-15,OMUSDT,True
2025-02-15,XRPUSDT,True
2025-02-16,OMUSDT,True
2025-02-16,XRPUSDT,True
2025-02-17,OMUSDT,True
2025-02-17,XRPUSDT,True
2025-02-18,OMUSDT,True
2025-02-18,XRPUSDT,True
2025-02-19,OMUSDT,True
2025-02-19,XRPUSDT,True
2025-02-20,OMUSDT,True
2025-02-20,XRPUSDT,True
2025-02-21,OMUSDT,True
2025-02-21,XRPUSDT,True
2025-02-22,OMUSDT,True
2025-02-22,XRPUSDT,True
2025-02-23,OMUSDT,True
2025-02-23,XRPUSDT,True
2025-02-24,OMUSDT,True
2025-02-24,XRPUSDT,True
2025-02-25,OMUSDT,True
2025-02-25,XRPUSDT,True
2025-02-26,OMUSDT,True
2025-02-26,XRPUSDT,True
2025-02-27,OMUSDT,True
2025-02-27,XRPUSDT,True
2025-02-28,OMUSDT,True
2025-02-28,XRPUSDT,True
2025-03-01,LTCUSDT,True
2025-03-01,XRPUSDT,True
2025-03-02,LTCUSDT,True
2025-03-02,XRPUSDT,True
2025-03-03,LTCUSDT,True
2025-03-03,XRPUSDT,True
2025-03-04,LTCUSDT,True
2025-03-04,XRPUSDT,True
2025-03-05,LTCUSDT,True
2025-03-05,XRPUSDT,True
2025-03-06,LTCUSDT,True
2025-03-06,XRPUSDT,True
2025-03-07,LTCUSDT,True
2025-03-07,XRPUSDT,True
2025-03-08,LTCUSDT,True
2025-03-08,XRPUSDT,True
2025-04-21,PAXGUSDT,True
2025-04-21,TRXUSDT,True
2025-04-22,PAXGUSDT,True
2025-04-22,TRXUSDT,True
2025-04-23,PAXGUSDT,True
2025-04-23,XRPUSDT,True
2025-04-24,SUIUSDT,True
2025-04-24,XRPUSDT,True
2025-04-25,SUIUSDT,True
2025-04-25,XRPUSDT,True
2025-04-26,SUIUSDT,True
2025-04-26,XRPUSDT,True
2025-04-27,SUIUSDT,True
2025-04-27,XRPUSDT,True
2025-04-28,SUIUSDT,True
2025-04-28,XRPUSDT,True
2025-04-29,SUIUSDT,True
2025-04-29,XRPUSDT,True
2025-04-30,SUIUSDT,True
2025-04-30,XRPUSDT,True
2025-05-01,CRVUSDT,True
2025-05-01,SUIUSDT,True
2025-05-02,PUNDIXUSDT,True
2025-05-02,SUIUSDT,True
2025-05-03,PUNDIXUSDT,True
2025-05-03,SUIUSDT,True
2025-05-04,SUIUSDT,True
2025-05-05,CRVUSDT,True
2025-05-05,SUIUSDT,True
2025-05-06,CRVUSDT,True
2025-05-06,SUIUSDT,True
2025-05-07,EOSUSDT,True
2025-05-07,SUIUSDT,True
2025-05-08,EOSUSDT,True
2025-05-08,SUIUSDT,True
2025-05-09,EOSUSDT,True
2025-05-09,SUIUSDT,True
2025-05-10,EOSUSDT,True
2025-05-10,SUIUSDT,True
2025-05-11,EOSUSDT,True
2025-05-11,SUIUSDT,True
2025-05-12,EOSUSDT,True
2025-05-12,SUIUSDT,True
2025-05-13,SUIUSDT,True
2025-05-13,TRXUSDT,True
2025-05-14,SUIUSDT,True
2025-05-14,TRXUSDT,True
2025-05-15,SUIUSDT,True
2025-05-15,TRXUSDT,True
2025-05-16,SUIUSDT,True
2025-05-16,TRXUSDT,True
2025-05-17,SUIUSDT,True
2025-05-17,TRXUSDT,True
2025-05-18,PEPEUSDT,True
2025-05-18,SUIUSDT,True
2025-05-19,PEPEUSDT,True
2025-05-19,SUIUSDT,True
2025-05-20,PEPEUSDT,True
2025-05-20,SUIUSDT,True
2025-05-21,PEPEUSDT,True
2025-05-21,SUIUSDT,True
2025-05-22,PEPEUSDT,True
2025-05-22,SUIUSDT,True
2025-05-23,PEPEUSDT,True
2025-05-23,SUIUSDT,True
2025-05-24,PEPEUSDT,True
2025-05-24,SUIUSDT,True
2025-05-25,AAVEUSDT,True
2025-05-25,PEPEUSDT,True
2025-05-26,AAVEUSDT,True
2025-05-26,PEPEUSDT,True
2025-05-27,AAVEUSDT,True
2025-05-27,PEPEUSDT,True
2025-05-28,AAVEUSDT,True
2025-05-28,PEPEUSDT,True
2025-05-29,AAVEUSDT,True
2025-05-29,PEPEUSDT,True
2025-05-30,AAVEUSDT,True
2025-05-30,LPTUSDT,True
2025-05-31,AAVEUSDT,True
2025-06-01,AAVEUSDT,True
2025-06-01,MASKUSDT,True
2025-06-02,AAVEUSDT,True
2025-06-02,MASKUSDT,True
2025-06-03,AAVEUSDT,True
2025-06-03,MASKUSDT,True
2025-06-04,AAVEUSDT,True
2025-06-04,TRXUSDT,True
2025-06-05,AAVEUSDT,True
2025-06-05,TRXUSDT,True
2025-06-06,AAVEUSDT,True
2025-06-06,TRXUSDT,True
2025-06-07,SUIUSDT,True
2025-06-07,TRXUSDT,True
2025-06-08,TRBUSDT,True
2025-06-08,TRXUSDT,True
2025-06-09,AAVEUSDT,True
2025-06-09,TRBUSDT,True
2025-06-10,AAVEUSDT,True
2025-06-10,TRBUSDT,True
2025-06-11,AAVEUSDT,True
2025-06-11,ETHUSDT,True
2025-06-12,AAVEUSDT,True
2025-06-12,RVNUSDT,True
2025-06-13,AAVEUSDT,True
2025-06-13,BCHUSDT,True
2025-06-14,AAVEUSDT,True
2025-06-15,AAVEUSDT,True
2025-06-15,BCHUSDT,True
2025-06-16,AAVEUSDT,True
2025-06-16,BCHUSDT,True
2025-06-17,AAVEUSDT,True
2025-06-17,BCHUSDT,True
2025-06-18,AAVEUSDT,True
2025-06-19,AAVEUSDT,True
2025-06-19,BCHUSDT,True
2025-06-20,AAVEUSDT,True
2025-06-20,BCHUSDT,True
2025-06-21,AAVEUSDT,True
2025-06-21,TRXUSDT,True
2025-06-22,AAVEUSDT,True
2025-06-22,TRXUSDT,True
2025-06-23,AAVEUSDT,True
2025-06-23,TRXUSDT,True
2025-06-24,AAVEUSDT,True
2025-06-24,FUNUSDT,True
2025-06-25,AAVEUSDT,True
2025-06-25,FUNUSDT,True
2025-06-26,AAVEUSDT,True
2025-06-26,BCHUSDT,True
2025-06-27,AAVEUSDT,True
2025-06-27,BCHUSDT,True
2025-06-29,AAVEUSDT,True
2025-06-30,AAVEUSDT,True
2025-06-30,BCHUSDT,True
2025-07-01,AAVEUSDT,True
2025-07-01,BCHUSDT,True
2025-07-02,AAVEUSDT,True
2025-07-02,TRXUSDT,True
2025-07-03,AAVEUSDT,True
2025-07-03,TRXUSDT,True
2025-07-04,AAVEUSDT,True
2025-07-04,TRXUSDT,True
2025-07-05,FUNUSDT,True
2025-07-05,TRXUSDT,True
2025-07-06,AAVEUSDT,True
2025-07-06,TRXUSDT,True
2025-07-07,AAVEUSDT,True
2025-07-07,TRXUSDT,True
2025-07-08,AAVEUSDT,True
2025-07-08,TRXUSDT,True
2025-07-09,AAVEUSDT,True
2025-07-09,TRXUSDT,True
2025-07-10,AAVEUSDT,True
2025-07-10,XRPUSDT,True
2025-07-11,AAVEUSDT,True
2025-07-11,XRPUSDT,True
2025-07-12,AAVEUSDT,True
2025-07-12,XRPUSDT,True
2025-07-13,AAVEUSDT,True
2025-07-13,XRPUSDT,True
2025-07-14,AAVEUSDT,True
2025-07-14,XRPUSDT,True
2025-07-15,AAVEUSDT,True
2025-07-15,XRPUSDT,True
2025-07-16,AAVEUSDT,True
2025-07-16,XRPUSDT,True
2025-07-17,AAVEUSDT,True
2025-07-17,XRPUSDT,True
2025-07-18,AAVEUSDT,True
2025-07-18,XRPUSDT,True
2025-07-19,AAVEUSDT,True
2025-07-19,XRPUSDT,True
2025-07-20,AAVEUSDT,True
2025-07-20,XRPUSDT,True
2025-07-21,AAVEUSDT,True
2025-07-21,XRPUSDT,True
2025-07-22,AAVEUSDT,True
2025-07-22,XRPUSDT,True
2025-07-23,AAVEUSDT,True
2025-07-23,XRPUSDT,True
2025-07-24,AAVEUSDT,True
2025-07-24,XRPUSDT,True
2025-07-25,AAVEUSDT,True
2025-07-25,XRPUSDT,True
2025-07-26,TRXUSDT,True
2025-07-26,XRPUSDT,True
2025-07-27,TRXUSDT,True
2025-07-27,XRPUSDT,True
2025-07-28,TRXUSDT,True
2025-07-28,XRPUSDT,True
2025-07-29,TRXUSDT,True
2025-07-29,XRPUSDT,True
2025-07-30,TRXUSDT,True
2025-07-30,XRPUSDT,True
2025-07-31,TRXUSDT,True
2025-07-31,XRPUSDT,True
2025-08-01,TRXUSDT,True
2025-08-01,XRPUSDT,True
2025-08-02,TRXUSDT,True
2025-08-02,XRPUSDT,True
2025-08-03,TRXUSDT,True
2025-08-03,XRPUSDT,True
2025-08-04,TRXUSDT,True
2025-08-04,XRPUSDT,True
2025-08-05,TRXUSDT,True
2025-08-05,XRPUSDT,True
2025-08-06,TRXUSDT,True
2025-08-06,XRPUSDT,True
2025-08-07,TRXUSDT,True
2025-08-07,XRPUSDT,True
2025-08-08,TRXUSDT,True
2025-08-08,XRPUSDT,True
2025-08-09,TRXUSDT,True
2025-08-09,XRPUSDT,True
2025-08-10,TRXUSDT,True
2025-08-10,XRPUSDT,True
2025-08-11,TRXUSDT,True
2025-08-11,XRPUSDT,True
2025-08-12,TRXUSDT,True
2025-08-12,XRPUSDT,True
2025-08-13,TRXUSDT,True
2025-08-13,XRPUSDT,True
2025-08-14,TRXUSDT,True
2025-08-14,XRPUSDT,True
2025-08-15,TRXUSDT,True
2025-08-15,XRPUSDT,True
2025-08-16,TRXUSDT,True
2025-08-16,XRPUSDT,True
2025-08-17,TRXUSDT,True
2025-08-17,XRPUSDT,True
2025-08-18,TRXUSDT,True
2025-08-18,XRPUSDT,True
2025-08-19,TRXUSDT,True
2025-08-19,XRPUSDT,True
2025-08-20,TRXUSDT,True
2025-08-20,XRPUSDT,True
2025-08-21,TRXUSDT,True
2025-08-21,XRPUSDT,True
2025-08-22,TRXUSDT,True
2025-08-22,XRPUSDT,True
2025-08-23,TRXUSDT,True
2025-08-23,XRPUSDT,True
2025-08-24,TRXUSDT,True
2025-08-24,XRPUSDT,True
2025-08-25,TRXUSDT,True
2025-08-25,XRPUSDT,True
2025-08-26,TRXUSDT,True
2025-08-26,XRPUSDT,True
2025-08-27,TRXUSDT,True
2025-08-27,XRPUSDT,True
2025-08-28,TRXUSDT,True
2025-08-28,XRPUSDT,True
2025-08-29,TRXUSDT,True
2025-08-29,XRPUSDT,True
2025-08-30,TRXUSDT,True
2025-08-30,XRPUSDT,True
2025-08-31,TRXUSDT,True
2025-08-31,XRPUSDT,True
2025-09-01,TRXUSDT,True
2025-09-01,XRPUSDT,True
2025-09-02,TRXUSDT,True
2025-09-02,XRPUSDT,True
2025-09-03,TRXUSDT,True
2025-09-03,XRPUSDT,True
2025-09-04,TRXUSDT,True
2025-09-04,XRPUSDT,True
2025-09-05,TRXUSDT,True
2025-09-05,XRPUSDT,True
2025-09-06,TRXUSDT,True
2025-09-06,XRPUSDT,True
2025-09-07,TRXUSDT,True
2025-09-07,XRPUSDT,True
2025-09-08,TRXUSDT,True
2025-09-08,XRPUSDT,True
2025-09-09,TRXUSDT,True
2025-09-09,XRPUSDT,True
2025-09-10,TRXUSDT,True
2025-09-10,XRPUSDT,True
2025-09-11,TRXUSDT,True
2025-09-11,XRPUSDT,True
2025-09-12,TRXUSDT,True
2025-09-12,XRPUSDT,True
2025-09-13,TRXUSDT,True
2025-09-13,XRPUSDT,True
2025-09-14,TRXUSDT,True
2025-09-14,XRPUSDT,True
2025-09-15,BNBUSDT,True
2025-09-15,TRXUSDT,True
2025-09-16,BNBUSDT,True
2025-09-16,TRXUSDT,True
2025-09-17,BNBUSDT,True
2025-09-17,TRXUSDT,True
2025-09-18,BNBUSDT,True
2025-09-18,TRXUSDT,True
2025-09-19,BNBUSDT,True
2025-09-19,TRXUSDT,True
2025-09-20,BNBUSDT,True
2025-09-20,TRXUSDT,True
2025-09-21,BNBUSDT,True
2025-09-21,TRXUSDT,True
2025-09-22,BNBUSDT,True
2025-09-22,TRXUSDT,True
2025-09-23,BNBUSDT,True
2025-09-23,TRXUSDT,True
2025-09-24,BNBUSDT,True
2025-09-24,TRXUSDT,True
2025-09-28,BNBUSDT,True
2025-09-28,TRXUSDT,True
2025-09-29,BNBUSDT,True
2025-09-29,TRXUSDT,True
2025-09-30,BNBUSDT,True
2025-09-30,TRXUSDT,True
2025-10-01,BNBUSDT,True
2025-10-01,TRXUSDT,True
2025-10-02,BNBUSDT,True
2025-10-02,TRXUSDT,True
2025-10-03,BNBUSDT,True
2025-10-03,ETHUSDT,True
2025-10-04,BNBUSDT,True
2025-10-04,ETHUSDT,True
2025-10-05,BNBUSDT,True
2025-10-05,ETHUSDT,True
2025-10-06,BNBUSDT,True
2025-10-06,ETHUSDT,True
2025-10-07,BNBUSDT,True
2025-10-07,ETHUSDT,True
2025-10-08,BNBUSDT,True
2025-10-08,ETHUSDT,True
2025-10-09,BNBUSDT,True
2025-10-09,ETHUSDT,True
2025-10-10,BNBUSDT,True
2025-10-10,ETHUSDT,True
2025-10-11,BNBUSDT,True
2025-10-11,ETHUSDT,True
2025-10-12,BNBUSDT,True
2025-10-12,ETHUSDT,True
2025-10-13,BNBUSDT,True
2025-10-13,ETHUSDT,True
2025-10-14,BNBUSDT,True
2025-10-14,ETHUSDT,True
2025-10-15,BNBUSDT,True
2025-10-15,ETHUSDT,True
2025-10-16,BNBUSDT,True
2025-10-16,ETHUSDT,True
2025-10-19,BNBUSDT,True
2025-10-19,PAXGUSDT,True
2025-10-20,BNBUSDT,True
2025-10-20,PAXGUSDT,True
2025-10-23,BNBUSDT,True
2025-10-23,PAXGUSDT,True
2025-10-24,BNBUSDT,True
2025-10-24,PAXGUSDT,True
2025-10-25,BNBUSDT,True
2025-10-25,ZECUSDT,True
2025-10-26,BNBUSDT,True
2025-10-26,ZECUSDT,True
2025-10-27,BNBUSDT,True
2025-10-27,ZECUSDT,True
2025-10-28,BNBUSDT,True
2025-10-28,ZECUSDT,True
2025-10-29,BNBUSDT,True
2025-10-29,ZECUSDT,True
2025-10-30,BNBUSDT,True
2025-10-30,ZECUSDT,True
2025-10-31,BNBUSDT,True
2025-10-31,ZECUSDT,True
2025-11-01,BNBUSDT,True
2025-11-01,ZECUSDT,True
2025-11-02,BNBUSDT,True
2025-11-02,ZECUSDT,True
2026-05-06,TRXUSDT,True
2026-05-06,ZECUSDT,True
2026-05-10,TRXUSDT,True
2026-05-10,ZECUSDT,True
