symbol,spell_number,start,end,duration_days,mean_weight,max_weight,arithmetic_gross_contribution,asset_compound_return_during_spell,positive_contribution
AAVEUSDT,1,2024-08-14,2024-08-14,1,0.0935929449,0.0935929449,0.0078871535,0.0842708120,True
AAVEUSDT,2,2024-08-22,2024-08-25,4,0.1739788611,0.1739788611,-0.0053980300,-0.0334617580,False
AAVEUSDT,3,2024-09-03,2024-09-05,3,0.1528346092,0.1731068992,-0.0075315330,-0.0440326168,False
AAVEUSDT,4,2024-09-10,2024-09-12,3,0.1912934531,0.1912934531,0.0073833964,0.0360077159,True
AAVEUSDT,5,2024-09-19,2024-09-21,3,0.1879305875,0.2254491295,0.0183966883,0.0903639955,True
AAVEUSDT,6,2025-05-26,2025-06-07,13,0.2656909422,0.3500000000,-0.0142640731,-0.0439691028,False
AAVEUSDT,7,2025-06-10,2025-06-28,19,0.2345576165,0.3500000000,-0.0237777709,-0.0825597402,False
AAVEUSDT,8,2025-06-30,2025-07-05,6,0.1738373548,0.3500000000,-0.0056640332,-0.0181256954,False
AAVEUSDT,9,2025-07-07,2025-07-26,20,0.2106455522,0.2676695686,0.0049202234,0.0263441796,True
ADAUSDT,1,2021-05-01,2021-05-19,19,0.2902352843,0.2966676402,0.0492196438,0.0848623853,True
ADAUSDT,2,2021-05-23,2021-05-23,1,0.2556973032,0.2556973032,-0.0260434057,-0.1018524848,False
ADAUSDT,3,2021-05-25,2021-05-28,4,0.2605207831,0.2605207831,-0.0020491497,-0.0236774194,False
ADAUSDT,4,2021-06-01,2021-06-04,4,0.2681775018,0.2681775018,-0.0034547812,-0.0170379324,False
AKROUSDT,1,2023-08-30,2023-08-30,1,0.2437090770,0.2437090770,-0.0099183927,-0.0406976744,False
ARDRUSDT,1,2023-10-20,2023-10-20,1,0.2222609017,0.2222609017,0.0056877790,0.0255905512,True
ARPAUSDT,1,2023-06-26,2023-06-26,1,0.1606030827,0.1606030827,-0.0089844071,-0.0559416850,False
AUCTIONUSDT,1,2023-09-22,2023-09-22,1,0.1820977794,0.1820977794,-0.0153681247,-0.0843949045,False
AVAXUSDT,1,2022-03-24,2022-04-06,14,0.2470768339,0.2868446133,-0.0087634244,-0.0355813953,False
AXSUSDT,1,2021-07-27,2021-12-04,131,0.2371379962,0.3500000000,0.4052025317,1.8871821347,True
BCHUSDT,1,2023-06-25,2023-07-21,27,0.3054862118,0.3500000000,0.0699078119,0.1570286789,True
BCHUSDT,2,2023-07-25,2023-07-25,1,0.2814310303,0.2814310303,-0.0015346491,-0.0054530201,False
BCHUSDT,3,2023-07-31,2023-08-03,4,0.3500000000,0.3500000000,-0.0398144570,-0.1098814229,False
BCHUSDT,4,2023-08-11,2023-08-11,1,0.3500000000,0.3500000000,-0.0042259595,-0.0120741699,False
BCHUSDT,5,2023-08-16,2023-08-18,3,0.3321773152,0.3500000000,-0.0666847359,-0.1808650066,False
BCHUSDT,6,2023-09-16,2023-09-17,2,0.2736814819,0.2736814819,-0.0092700695,-0.0336095764,False
BCHUSDT,7,2023-09-29,2023-09-30,2,0.3018875823,0.3018875823,-0.0060925380,-0.0201089233,False
BCHUSDT,8,2023-10-02,2023-10-04,3,0.3341690975,0.3500000000,-0.0134457137,-0.0379694593,False
BCHUSDT,9,2023-10-19,2023-10-19,1,0.3467100590,0.3467100590,0.0007643520,0.0022045855,True
BCHUSDT,10,2025-06-14,2025-06-14,1,0.2602680117,0.2602680117,-0.0103248732,-0.0396701582,False
BCHUSDT,11,2025-06-16,2025-06-18,3,0.2977860536,0.2977860536,-0.0004387752,-0.0015204170,False
BCHUSDT,12,2025-06-20,2025-06-21,2,0.3451764550,0.3451764550,-0.0209120614,-0.0599476966,False
BCHUSDT,13,2025-06-27,2025-06-28,2,0.3500000000,0.3500000000,0.0015929335,0.0036794767,True
BCHUSDT,14,2025-07-01,2025-07-02,2,0.3500000000,0.3500000000,0.0036804005,0.0102827763,True
BLZUSDT,1,2023-09-20,2023-09-22,3,0.2958933316,0.3179022206,-0.0476542926,-0.1555869873,False
BNBUSDT,1,2024-06-02,2024-07-03,32,0.3163744592,0.3500000000,-0.0216607570,-0.0750955308,False
BNBUSDT,2,2024-07-19,2024-08-02,15,0.2382202653,0.2798873061,-0.0147819468,-0.0507081658,False
BNBUSDT,3,2024-09-22,2024-10-02,11,0.3061218533,0.3363263650,-0.0195414151,-0.0783214407,False
BNBUSDT,4,2024-10-06,2024-10-09,4,0.2622160029,0.3219848578,0.0019329760,0.0136767318,True
BNBUSDT,5,2024-10-12,2024-10-17,6,0.0847398344,0.1030616956,0.0015641813,0.0336471409,True
BNBUSDT,6,2025-09-16,2025-09-25,10,0.2988247804,0.3153339697,0.0075702291,0.0285099165,True
BNBUSDT,7,2025-09-29,2025-10-17,19,0.3153122122,0.3500000000,0.0316236809,0.0786900434,True
BNBUSDT,8,2025-10-20,2025-10-21,2,0.0997758179,0.0997758179,-0.0047734846,-0.0475006307,False
BNBUSDT,9,2025-10-24,2025-11-03,11,0.2950982956,0.3404927207,-0.0370384911,-0.1182015053,False
BNTUSDT,1,2023-08-06,2023-08-06,1,0.2014519978,0.2014519978,-0.0202371870,-0.1004566210,False
BONDUSDT,1,2023-10-15,2023-10-18,4,0.0787537747,0.1387714587,-0.0412928029,-0.4434717825,False
CFXUSDT,1,2023-04-01,2023-05-02,32,0.1975405610,0.2499651032,-0.0455667545,-0.2474576271,False
CFXUSDT,2,2023-05-05,2023-05-07,3,0.2645893959,0.3331052781,-0.0245023559,-0.1019147622,False
CFXUSDT,3,2023-05-10,2023-05-13,4,0.2471065230,0.2591830280,-0.0057823064,-0.0236709352,False
CFXUSDT,4,2023-05-15,2023-05-20,6,0.2532403025,0.3500000000,0.0304789066,0.0722460658,True
COMPUSDT,1,2023-07-10,2023-07-18,9,0.1973662287,0.2251983590,0.0300411398,0.1782997023,True
COMPUSDT,2,2023-08-04,2023-08-05,2,0.3500000000,0.3500000000,-0.0141119605,-0.0400467212,False
CRVUSDT,1,2025-05-02,2025-05-02,1,0.2071862483,0.2071862483,0.0075196817,0.0362943087,True
CRVUSDT,2,2025-05-06,2025-05-07,2,0.2168465088,0.2395393234,-0.0077706819,-0.0347826087,False
DOGEUSDT,1,2021-06-15,2021-06-16,2,0.2293958226,0.2293958226,-0.0141480325,-0.0607928709,False
DOGEUSDT,2,2024-10-19,2025-02-02,107,0.2442496230,0.3213758981,0.2621632125,0.9545056868,True
EOSUSDT,1,2025-05-08,2025-05-13,6,0.2498335004,0.2669938916,0.0193961159,0.0812789846,True
ETHUSDT,1,2021-05-21,2021-05-23,3,0.2502125487,0.2531674747,-0.0661785703,-0.2428032738,False
ETHUSDT,2,2021-05-25,2021-05-28,4,0.2394792169,0.2394792169,-0.0196314066,-0.0892339990,False
ETHUSDT,3,2021-06-01,2021-06-04,4,0.2318224982,0.2318224982,-0.0004991372,-0.0061489570,False
ETHUSDT,4,2021-09-04,2021-10-06,33,0.2207541418,0.3005246386,-0.0570496560,-0.0922320606,False
ETHUSDT,5,2023-01-20,2023-01-24,5,0.2302399843,0.2302399843,0.0015159994,0.0031461746,True
ETHUSDT,6,2023-05-27,2023-06-12,17,0.2431897423,0.3094530004,-0.0115943596,-0.0466246122,False
ETHUSDT,7,2024-01-14,2024-01-22,9,0.2584061132,0.2790146165,-0.0258491723,-0.1023935397,False
ETHUSDT,8,2024-02-26,2024-02-28,3,0.3363115005,0.3363115005,0.0284764946,0.0869083304,True
ETHUSDT,9,2024-07-19,2024-07-19,1,0.2378075465,0.2378075465,0.0053460719,0.0224806654,True
ETHUSDT,10,2025-06-12,2025-06-12,1,0.1460767033,0.1460767033,-0.0067967902,-0.0465289128,False
ETHUSDT,11,2025-10-04,2025-10-17,14,0.1644475326,0.2200482733,-0.0378187928,-0.1509682309,False
FLMUSDT,1,2023-09-23,2023-09-24,2,0.1620251368,0.2325292609,-0.0906208489,-0.4011339476,False
FRONTUSDT,1,2023-09-20,2023-09-21,2,0.2151111130,0.2151111130,-0.0278330285,-0.1476418319,False
FRONTUSDT,2,2023-09-23,2023-09-24,2,0.3087353696,0.3500000000,0.0179579949,0.0097202466,True
FTMUSDT,1,2023-01-14,2023-01-19,6,0.1625337680,0.1677772216,0.0089813004,0.0378710338,True
FTMUSDT,2,2023-01-25,2023-03-27,62,0.1946032620,0.2882521473,0.0585740973,0.0923363491,True
FTTUSDT,1,2021-05-21,2021-05-22,2,0.2468325253,0.2468325253,-0.0471766816,-0.1823678325,False
FUNUSDT,1,2025-06-25,2025-06-26,2,0.2425376487,0.2425376487,0.0090782260,0.0374559037,True
FUNUSDT,2,2025-07-06,2025-07-06,1,0.1551514135,0.1551514135,-0.0031507529,-0.0203076004,False
HIFIUSDT,1,2023-09-16,2023-09-17,2,0.2263185181,0.2263185181,-0.0391696442,-0.4407629900,False
ICXUSDT,1,2023-04-06,2023-04-08,3,0.2645688793,0.2645688793,-0.0501546018,-0.1827141774,False
INJUSDT,1,2023-04-02,2023-04-02,1,0.2923894807,0.2923894807,-0.0015789596,-0.0054001929,False
INJUSDT,2,2023-04-05,2023-04-05,1,0.2945885305,0.2945885305,0.0029076550,0.0098702248,True
INJUSDT,3,2023-04-11,2023-05-04,24,0.3113621074,0.3500000000,0.0836533367,0.1708941027,True
INJUSDT,4,2023-06-22,2023-06-22,1,0.2450016642,0.2450016642,-0.0065429695,-0.0267058166,False
INJUSDT,5,2023-06-27,2023-06-27,1,0.1705230880,0.1705230880,0.0050181055,0.0294277190,True
INJUSDT,6,2024-01-23,2024-02-04,13,0.2205883628,0.2405744600,-0.0096660326,-0.0451593861,False
JOEUSDT,1,2023-03-28,2023-04-01,5,0.2467388957,0.2597338500,0.0388695482,0.1548739180,True
JOEUSDT,2,2023-04-03,2023-04-04,2,0.2665787600,0.2665787600,0.0037447440,0.0128670406,True
KAVAUSDT,1,2021-07-27,2021-09-03,39,0.2890032162,0.3439852012,0.1498523069,0.5977469705,True
LINAUSDT,1,2023-06-17,2023-06-18,2,0.2628808863,0.2628808863,-0.0178799077,-0.0686281562,False
LINAUSDT,2,2023-06-28,2023-06-29,2,0.0867716508,0.0867716508,-0.0060576952,-0.0687887061,False
LINKUSDT,1,2023-09-29,2023-10-06,8,0.2083651580,0.3500000000,-0.0060322097,-0.0215191495,False
LINKUSDT,2,2023-10-09,2023-10-10,2,0.2466207244,0.2466207244,-0.0133363401,-0.0539554281,False
LINKUSDT,3,2023-10-12,2023-10-12,1,0.2830705742,0.2830705742,-0.0074300760,-0.0262481396,False
LINKUSDT,4,2023-10-14,2023-10-14,1,0.2688830769,0.2688830769,0.0027792490,0.0103362734,True
LINKUSDT,5,2023-10-22,2024-01-07,78,0.2390998885,0.2635816444,0.1073579154,0.4753197218,True
LPTUSDT,1,2025-05-31,2025-05-31,1,0.1148711234,0.1148711234,-0.0201293313,-0.1752340426,False
LTCUSDT,1,2023-01-13,2023-03-10,57,0.3114108322,0.3500000000,-0.0500871379,-0.1709838541,False
LTCUSDT,2,2023-07-02,2023-07-06,5,0.1838637541,0.1838637541,-0.0203485152,-0.1106442577,False
LTCUSDT,3,2023-07-08,2023-07-09,2,0.1745298536,0.1745298536,-0.0056184176,-0.0320675965,False
LTCUSDT,4,2025-03-02,2025-03-09,8,0.1674676511,0.2277897282,-0.0512001189,-0.2388383879,False
LUNAUSDT,1,2022-03-20,2022-03-20,1,0.2725399337,0.2725399337,-0.0044086907,-0.0161763109,False
LUNAUSDT,2,2022-03-24,2022-04-06,14,0.2529231661,0.2683354702,0.0358887094,0.1387307611,True
MASKUSDT,1,2025-06-02,2025-06-04,3,0.2239166524,0.2676492476,0.0141590032,0.0784170026,True
MKRUSDT,1,2023-07-07,2023-07-07,1,0.1857645652,0.1857645652,-0.0044183919,-0.0237849018,False
MKRUSDT,2,2023-07-22,2023-07-22,1,0.2811102771,0.2811102771,0.0041150635,0.0146386093,True
MKRUSDT,3,2023-07-28,2023-07-28,1,0.2996098811,0.2996098811,0.0041148138,0.0137339056,True
MKRUSDT,4,2023-07-30,2023-07-30,1,0.2991760168,0.2991760168,-0.0074619116,-0.0249415433,False
MKRUSDT,5,2024-01-10,2024-01-13,4,0.3002834662,0.3002834662,0.0365778033,0.1207363292,True
MKRUSDT,6,2024-07-15,2024-07-18,4,0.0929734370,0.1308981715,-0.0013284545,0.0118577075,False
MTLUSDT,1,2023-06-23,2023-06-24,2,0.2388265669,0.2715852961,-0.0142527522,-0.0504840941,False
OMUSDT,1,2025-02-03,2025-03-01,27,0.2630441064,0.3500000000,0.1489783294,0.5361940600,True
OPUSDT,1,2023-03-11,2023-03-26,16,0.2745506221,0.3308590197,0.0473223221,0.0599531616,True
PAXGUSDT,1,2025-04-22,2025-04-24,3,0.3500000000,0.3500000000,-0.0097387299,-0.0280184864,False
PAXGUSDT,2,2025-10-20,2025-10-21,2,0.3500000000,0.3500000000,-0.0112811645,-0.0339779279,False
PAXGUSDT,3,2025-10-24,2025-10-25,2,0.3500000000,0.3500000000,-0.0006061062,-0.0017316501,False
PEPEUSDT,1,2024-06-24,2024-07-03,10,0.2553792779,0.2729671111,-0.0037775875,-0.0613553114,False
PEPEUSDT,2,2025-05-19,2025-05-30,12,0.2082289578,0.2538962886,-0.0359428909,-0.1617328520,False
PUNDIXUSDT,1,2025-05-03,2025-05-04,2,0.1967417897,0.1967417897,-0.0133011975,-0.0674214262,False
RADUSDT,1,2023-05-07,2023-05-09,3,0.1241238870,0.1668947219,-0.0314529248,-0.2100499376,False
RAYUSDT,1,2024-07-21,2024-07-21,1,0.2778432384,0.2778432384,0.0294999998,0.1061749783,True
RNDRUSDT,1,2023-05-03,2023-05-06,4,0.2565665441,0.2696685452,0.0015371661,0.0062923524,True
RNDRUSDT,2,2023-05-08,2023-05-13,6,0.2852623180,0.3500000000,-0.0516170450,-0.1363422661,False
RNDRUSDT,3,2023-05-17,2023-06-03,18,0.2142162173,0.3326155897,0.0677225579,0.3537662338,True
RNDRUSDT,4,2023-06-14,2023-06-14,1,0.1179840195,0.1179840195,-0.0074619235,-0.0632452048,False
RNDRUSDT,5,2024-02-29,2024-06-01,94,0.2206854930,0.3129679960,0.1124915775,0.2558110472,True
RUNEUSDT,1,2023-08-30,2023-08-30,1,0.2562909230,0.2562909230,-0.0123781375,-0.0482972136,False
RUNEUSDT,2,2023-10-05,2023-10-08,4,0.2068930275,0.2752526226,-0.0408849668,-0.1541463415,False
RVNUSDT,1,2025-06-13,2025-06-13,1,0.1472531672,0.1472531672,-0.0179960887,-0.1222118959,False
SCUSDT,1,2024-01-08,2024-01-09,2,0.2939725992,0.2939725992,-0.0240714915,-0.0882065748,False
SHIBUSDT,1,2023-08-12,2023-08-15,4,0.1714689535,0.2260884505,-0.0083979443,-0.0560836502,False
SOLUSDT,1,2021-10-07,2021-12-04,59,0.2669363723,0.3500000000,0.1084611120,0.3041528563,True
SOLUSDT,2,2023-07-19,2023-08-03,16,0.1864111477,0.3236080953,-0.0186635500,-0.1131558340,False
SOLUSDT,3,2023-08-07,2023-08-18,12,0.2587748557,0.3500000000,-0.0069322268,-0.0801724138,False
SOLUSDT,4,2023-10-08,2024-06-23,260,0.2525056343,0.3500000000,0.5345085567,4.5231759657,True
SOLUSDT,5,2024-07-22,2024-08-02,12,0.2553805203,0.2953099458,-0.0413245817,-0.1719334381,False
STRAXUSDT,1,2023-10-11,2023-10-11,1,0.2541032218,0.2541032218,-0.0106152782,-0.0417754569,False
STXUSDT,1,2023-03-27,2023-03-31,5,0.2751350943,0.3496360999,-0.0266788968,-0.0747589224,False
STXUSDT,2,2023-06-21,2023-06-24,4,0.2818363005,0.3500000000,0.0065006491,-0.0178881324,True
STXUSDT,3,2024-02-09,2024-02-25,17,0.2439595728,0.3045686105,0.0946227011,0.4511956096,True
SUIUSDT,1,2024-09-22,2024-10-09,18,0.1856158317,0.3310950828,0.0660683434,0.2658612311,True
SUIUSDT,2,2024-10-18,2025-02-06,112,0.2490430907,0.3221878385,0.1127355218,0.5486196849,True
SUIUSDT,3,2025-04-25,2025-05-25,31,0.2425213774,0.3500000000,0.0327099183,0.0768011484,True
SUIUSDT,4,2025-06-08,2025-06-08,1,0.0591593706,0.0591593706,-0.0003557553,-0.0060135073,False
SUNUSDT,1,2024-08-26,2024-09-01,7,0.1188324288,0.1188324288,-0.0061670864,-0.0856117095,False
TFUELUSDT,1,2021-06-15,2021-06-16,2,0.2706041774,0.2706041774,-0.0224369173,-0.0839528163,False
THETAUSDT,1,2021-05-01,2021-05-19,19,0.2097647157,0.2405779281,-0.1045284711,-0.4911623857,False
TOMOUSDT,1,2023-06-13,2023-06-13,1,0.2198067548,0.2198067548,-0.0074424102,-0.0338588783,False
TOMOUSDT,2,2023-06-15,2023-06-15,1,0.3414282952,0.3414282952,0.0061414256,0.0179874536,True
TOMOUSDT,3,2023-06-30,2023-07-01,2,0.1740461529,0.1740461529,-0.0049855305,-0.0295019848,False
TRBUSDT,1,2023-10-01,2023-10-01,1,0.1185738540,0.1185738540,0.0011455326,0.0096609206,True
TRBUSDT,2,2025-06-09,2025-06-11,3,0.0660614040,0.0983581821,-0.0085117300,-0.0653409091,False
TRXUSDT,1,2023-05-21,2023-05-26,6,0.3500000000,0.3500000000,0.0139015499,0.0387212347,True
TRXUSDT,2,2023-06-04,2023-06-08,5,0.2808879509,0.2970621461,-0.0155878029,-0.0533202886,False
TRXUSDT,3,2023-07-23,2023-07-24,2,0.3500000000,0.3500000000,-0.0101454743,-0.0288438617,False
TRXUSDT,4,2023-07-26,2023-07-27,2,0.3500000000,0.3500000000,0.0031989269,0.0091575092,True
TRXUSDT,5,2023-10-07,2023-10-07,1,0.3500000000,0.3500000000,0.0035726574,0.0102075926,True
TRXUSDT,6,2023-10-21,2023-10-21,1,0.3500000000,0.3500000000,0.0033171699,0.0094776284,True
TRXUSDT,7,2024-02-05,2024-02-08,4,0.2970663819,0.2970663819,0.0086963281,0.0292155704,True
TRXUSDT,8,2024-07-15,2024-07-18,4,0.3500000000,0.3500000000,-0.0079144561,-0.0226727709,False
TRXUSDT,9,2024-07-20,2024-07-20,1,0.3464789916,0.3464789916,0.0000514598,0.0001485222,True
TRXUSDT,10,2024-08-14,2024-08-14,1,0.3500000000,0.3500000000,0.0046231546,0.0132090132,True
TRXUSDT,11,2024-08-22,2024-09-01,11,0.3412804141,0.3500000000,0.0027267306,0.0110461339,True
TRXUSDT,12,2024-09-03,2024-09-05,3,0.3422977003,0.3500000000,-0.0094329938,-0.0285343709,False
TRXUSDT,13,2024-09-10,2024-09-12,3,0.3087065469,0.3087065469,-0.0052077007,-0.0168175938,False
TRXUSDT,14,2024-09-19,2024-09-21,3,0.3120694125,0.3308286836,0.0045787867,0.0160427807,True
TRXUSDT,15,2024-10-03,2024-10-05,3,0.3500000000,0.3500000000,-0.0018919799,-0.0058290155,False
TRXUSDT,16,2024-10-12,2024-10-18,7,0.3500000000,0.3500000000,-0.0027400208,-0.0081351690,False
TRXUSDT,17,2025-04-22,2025-04-23,2,0.1050332470,0.1050332470,-0.0000354311,-0.0004060089,False
TRXUSDT,18,2025-05-14,2025-05-18,5,0.3500000000,0.3500000000,-0.0038377870,-0.0110741971,False
TRXUSDT,19,2025-06-05,2025-06-09,5,0.3500000000,0.3500000000,0.0161815834,0.0459183673,True
TRXUSDT,20,2025-06-22,2025-06-24,3,0.3478421681,0.3500000000,0.0039194625,0.0103321033,True
TRXUSDT,21,2025-07-03,2025-07-10,8,0.3484332143,0.3500000000,0.0115204401,0.0334036568,True
TRXUSDT,22,2025-07-27,2025-09-25,61,0.3229702940,0.3500000000,0.0223960108,0.0368634802,True
TRXUSDT,23,2025-09-29,2025-10-03,5,0.2133529002,0.2316438351,0.0043285404,0.0184688710,True
TRXUSDT,24,2026-05-07,2026-05-07,1,0.3500000000,0.3500000000,0.0027288478,0.0077967081,True
TRXUSDT,25,2026-05-11,2026-05-11,1,0.3500000000,0.3500000000,0.0004991443,0.0014261266,True
XLMUSDT,1,2023-07-29,2023-07-29,1,0.2007931065,0.2007931065,-0.0018847914,-0.0093867334,False
XMRUSDT,1,2023-01-13,2023-01-13,1,0.2903714651,0.2903714651,0.0069717038,0.0240096038,True
XRPUSDT,1,2023-04-09,2023-04-10,2,0.2500348968,0.2500348968,0.0063328551,0.0253565769,True
XRPUSDT,2,2023-06-09,2023-06-15,7,0.2703587579,0.3500000000,-0.0257696179,-0.0830786860,False
XRPUSDT,3,2023-06-17,2023-06-20,4,0.2935595568,0.3500000000,0.0097967690,0.0357217903,True
XRPUSDT,4,2023-08-04,2023-08-05,2,0.1440662499,0.1440662499,-0.0074951695,-0.0515837104,False
XRPUSDT,5,2025-02-07,2025-03-09,31,0.2698206433,0.3500000000,-0.0191354557,-0.0801290323,False
XRPUSDT,6,2025-04-24,2025-05-01,8,0.2234451740,0.2792920461,-0.0011572217,-0.0027497295,False
XRPUSDT,7,2025-07-11,2025-09-15,67,0.1515188766,0.3125446638,0.0428741311,0.1765929881,True
YGGUSDT,1,2023-08-06,2023-08-10,5,0.2138599924,0.2985480022,-0.0584542241,-0.2860875245,False
ZECUSDT,1,2022-03-20,2022-03-20,1,0.2274600663,0.2274600663,-0.0077126537,-0.0339077265,False
ZECUSDT,2,2025-10-26,2025-11-03,9,0.1679486063,0.1848312604,0.0800388862,0.5713457917,True
ZECUSDT,3,2026-05-07,2026-05-07,1,0.0676646676,0.0676646676,0.0024978693,0.0369154157,True
ZECUSDT,4,2026-05-11,2026-05-11,1,0.0975689060,0.0975689060,-0.0059153618,-0.0606275304,False
