row,event,asset_index,signal_date,symbol
240,risk_on,,2019-08-29,
266,risk_off,,2019-09-24,
267,risk_on,,2019-09-25,
268,risk_off,,2019-09-26,
286,risk_on,,2019-10-14,
287,risk_off,,2019-10-15,
297,entry,322.0,2019-10-25,LINKUSDT
297,risk_on,,2019-10-25,
299,exit,322.0,2019-10-27,LINKUSDT
302,entry,90.0,2019-10-30,BCHABCUSDT
304,exit,90.0,2019-11-01,BCHABCUSDT
305,entry,90.0,2019-11-02,BCHABCUSDT
308,entry,621.0,2019-11-05,XLMUSDT
309,exit,621.0,2019-11-06,XLMUSDT
312,exit,90.0,2019-11-09,BCHABCUSDT
313,entry,90.0,2019-11-10,BCHABCUSDT
314,exit,90.0,2019-11-11,BCHABCUSDT
318,risk_off,,2019-11-15,
378,entry,202.0,2020-01-14,ETCUSDT
378,entry,162.0,2020-01-14,DASHUSDT
378,risk_on,,2020-01-14,
385,exit,162.0,2020-01-21,DASHUSDT
388,entry,194.0,2020-01-24,EOSUSDT
389,exit,202.0,2020-01-25,ETCUSDT
389,exit,194.0,2020-01-25,EOSUSDT
390,entry,202.0,2020-01-26,ETCUSDT
390,entry,162.0,2020-01-26,DASHUSDT
392,exit,162.0,2020-01-28,DASHUSDT
392,entry,194.0,2020-01-28,EOSUSDT
417,exit,202.0,2020-02-22,ETCUSDT
417,entry,322.0,2020-02-22,LINKUSDT
418,exit,322.0,2020-02-23,LINKUSDT
418,entry,204.0,2020-02-23,ETHUSDT
421,exit,194.0,2020-02-26,EOSUSDT
421,exit,204.0,2020-02-26,ETHUSDT
421,risk_off,,2020-02-26,
484,entry,621.0,2020-04-29,XLMUSDT
484,entry,17.0,2020-04-29,ADAUSDT
484,risk_on,,2020-04-29,
485,exit,621.0,2020-04-30,XLMUSDT
485,entry,322.0,2020-04-30,LINKUSDT
486,exit,17.0,2020-05-01,ADAUSDT
486,entry,204.0,2020-05-01,ETHUSDT
487,exit,322.0,2020-05-02,LINKUSDT
487,entry,202.0,2020-05-02,ETCUSDT
490,exit,202.0,2020-05-05,ETCUSDT
492,entry,322.0,2020-05-07,LINKUSDT
498,exit,204.0,2020-05-13,ETHUSDT
498,exit,322.0,2020-05-13,LINKUSDT
499,entry,322.0,2020-05-14,LINKUSDT
500,exit,322.0,2020-05-15,LINKUSDT
503,entry,204.0,2020-05-18,ETHUSDT
505,entry,322.0,2020-05-20,LINKUSDT
508,exit,322.0,2020-05-23,LINKUSDT
509,entry,552.0,2020-05-24,TFUELUSDT
513,exit,552.0,2020-05-28,TFUELUSDT
513,entry,17.0,2020-05-28,ADAUSDT
522,exit,17.0,2020-06-06,ADAUSDT
523,entry,17.0,2020-06-07,ADAUSDT
524,exit,17.0,2020-06-08,ADAUSDT
526,entry,592.0,2020-06-10,VETUSDT
529,exit,592.0,2020-06-13,VETUSDT
529,entry,552.0,2020-06-13,TFUELUSDT
530,exit,552.0,2020-06-14,TFUELUSDT
530,entry,592.0,2020-06-14,VETUSDT
533,exit,592.0,2020-06-17,VETUSDT
533,entry,17.0,2020-06-17,ADAUSDT
535,exit,204.0,2020-06-19,ETHUSDT
535,exit,17.0,2020-06-19,ADAUSDT
538,entry,204.0,2020-06-22,ETHUSDT
539,entry,322.0,2020-06-23,LINKUSDT
543,exit,204.0,2020-06-27,ETHUSDT
544,exit,322.0,2020-06-28,LINKUSDT
544,risk_off,,2020-06-28,
545,entry,17.0,2020-06-29,ADAUSDT
545,entry,204.0,2020-06-29,ETHUSDT
545,risk_on,,2020-06-29,
546,exit,17.0,2020-06-30,ADAUSDT
546,exit,204.0,2020-06-30,ETHUSDT
546,risk_off,,2020-06-30,
547,entry,17.0,2020-07-01,ADAUSDT
547,entry,204.0,2020-07-01,ETHUSDT
547,risk_on,,2020-07-01,
548,exit,17.0,2020-07-02,ADAUSDT
548,exit,204.0,2020-07-02,ETHUSDT
548,risk_off,,2020-07-02,
554,entry,17.0,2020-07-08,ADAUSDT
554,entry,204.0,2020-07-08,ETHUSDT
554,risk_on,,2020-07-08,
565,exit,17.0,2020-07-19,ADAUSDT
565,entry,322.0,2020-07-19,LINKUSDT
644,exit,204.0,2020-10-06,ETHUSDT
644,exit,322.0,2020-10-06,LINKUSDT
644,risk_off,,2020-10-06,
646,entry,107.0,2020-10-08,BNBUSDT
646,entry,570.0,2020-10-08,TRXUSDT
646,risk_on,,2020-10-08,
649,exit,570.0,2020-10-11,TRXUSDT
649,entry,204.0,2020-10-11,ETHUSDT
666,exit,204.0,2020-10-28,ETHUSDT
666,entry,322.0,2020-10-28,LINKUSDT
668,exit,107.0,2020-10-30,BNBUSDT
669,exit,322.0,2020-10-31,LINKUSDT
670,entry,322.0,2020-11-01,LINKUSDT
672,exit,322.0,2020-11-03,LINKUSDT
676,entry,204.0,2020-11-07,ETHUSDT
677,entry,322.0,2020-11-08,LINKUSDT
678,exit,204.0,2020-11-09,ETHUSDT
678,entry,157.0,2020-11-09,CVCUSDT
680,exit,322.0,2020-11-11,LINKUSDT
680,entry,204.0,2020-11-11,ETHUSDT
681,exit,204.0,2020-11-12,ETHUSDT
682,entry,204.0,2020-11-13,ETHUSDT
683,exit,157.0,2020-11-14,CVCUSDT
685,exit,204.0,2020-11-16,ETHUSDT
686,entry,322.0,2020-11-17,LINKUSDT
689,entry,603.0,2020-11-20,WAVESUSDT
690,exit,603.0,2020-11-21,WAVESUSDT
690,entry,204.0,2020-11-21,ETHUSDT
699,exit,322.0,2020-11-30,LINKUSDT
699,entry,625.0,2020-11-30,XRPUSDT
710,exit,204.0,2020-12-11,ETHUSDT
710,entry,621.0,2020-12-11,XLMUSDT
713,exit,625.0,2020-12-14,XRPUSDT
714,entry,109.0,2020-12-15,BNTUSDT
715,exit,109.0,2020-12-16,BNTUSDT
715,entry,625.0,2020-12-16,XRPUSDT
716,exit,621.0,2020-12-17,XLMUSDT
716,exit,625.0,2020-12-17,XRPUSDT
717,entry,639.0,2020-12-18,ZILUSDT
718,entry,332.0,2020-12-19,LTCUSDT
720,exit,332.0,2020-12-21,LTCUSDT
721,entry,553.0,2020-12-22,THETAUSDT
739,exit,639.0,2021-01-09,ZILUSDT
739,entry,204.0,2021-01-09,ETHUSDT
750,exit,553.0,2021-01-20,THETAUSDT
750,entry,17.0,2021-01-20,ADAUSDT
809,exit,204.0,2021-03-20,ETHUSDT
809,entry,553.0,2021-03-20,THETAUSDT
869,exit,17.0,2021-05-19,ADAUSDT
869,exit,553.0,2021-05-19,THETAUSDT
869,risk_off,,2021-05-19,
870,entry,204.0,2021-05-20,ETHUSDT
870,entry,228.0,2021-05-20,FTTUSDT
870,risk_on,,2021-05-20,
872,exit,228.0,2021-05-22,FTTUSDT
872,entry,17.0,2021-05-22,ADAUSDT
873,exit,204.0,2021-05-23,ETHUSDT
873,exit,17.0,2021-05-23,ADAUSDT
873,risk_off,,2021-05-23,
874,entry,17.0,2021-05-24,ADAUSDT
874,entry,204.0,2021-05-24,ETHUSDT
874,risk_on,,2021-05-24,
878,exit,17.0,2021-05-28,ADAUSDT
878,exit,204.0,2021-05-28,ETHUSDT
878,risk_off,,2021-05-28,
881,entry,17.0,2021-05-31,ADAUSDT
881,entry,204.0,2021-05-31,ETHUSDT
881,risk_on,,2021-05-31,
885,exit,17.0,2021-06-04,ADAUSDT
885,exit,204.0,2021-06-04,ETHUSDT
885,risk_off,,2021-06-04,
895,entry,552.0,2021-06-14,TFUELUSDT
895,entry,175.0,2021-06-14,DOGEUSDT
895,risk_on,,2021-06-14,
897,exit,552.0,2021-06-16,TFUELUSDT
897,exit,175.0,2021-06-16,DOGEUSDT
897,risk_off,,2021-06-16,
937,entry,75.0,2021-07-26,AXSUSDT
937,entry,300.0,2021-07-26,KAVAUSDT
937,risk_on,,2021-07-26,
976,exit,300.0,2021-09-03,KAVAUSDT
976,entry,204.0,2021-09-03,ETHUSDT
1009,exit,204.0,2021-10-06,ETHUSDT
1009,entry,518.0,2021-10-06,SOLUSDT
1068,exit,75.0,2021-12-04,AXSUSDT
1068,exit,518.0,2021-12-04,SOLUSDT
1068,risk_off,,2021-12-04,
1173,entry,335.0,2022-03-19,LUNAUSDT
1173,entry,637.0,2022-03-19,ZECUSDT
1173,risk_on,,2022-03-19,
1174,exit,335.0,2022-03-20,LUNAUSDT
1174,exit,637.0,2022-03-20,ZECUSDT
1174,risk_off,,2022-03-20,
1177,entry,335.0,2022-03-23,LUNAUSDT
1177,entry,70.0,2022-03-23,AVAXUSDT
1177,risk_on,,2022-03-23,
1191,exit,335.0,2022-04-06,LUNAUSDT
1191,exit,70.0,2022-04-06,AVAXUSDT
1191,risk_off,,2022-04-06,
1472,entry,622.0,2023-01-12,XMRUSDT
1472,entry,332.0,2023-01-12,LTCUSDT
1472,risk_on,,2023-01-12,
1473,exit,622.0,2023-01-13,XMRUSDT
1473,entry,227.0,2023-01-13,FTMUSDT
1479,exit,227.0,2023-01-19,FTMUSDT
1479,entry,204.0,2023-01-19,ETHUSDT
1484,exit,204.0,2023-01-24,ETHUSDT
1484,entry,227.0,2023-01-24,FTMUSDT
1529,exit,332.0,2023-03-10,LTCUSDT
1529,entry,417.0,2023-03-10,OPUSDT
1545,exit,417.0,2023-03-26,OPUSDT
1545,entry,540.0,2023-03-26,STXUSDT
1546,exit,227.0,2023-03-27,FTMUSDT
1546,entry,293.0,2023-03-27,JOEUSDT
1550,exit,540.0,2023-03-31,STXUSDT
1550,entry,132.0,2023-03-31,CFXUSDT
1551,exit,293.0,2023-04-01,JOEUSDT
1551,entry,283.0,2023-04-01,INJUSDT
1552,exit,283.0,2023-04-02,INJUSDT
1552,entry,293.0,2023-04-02,JOEUSDT
1554,exit,293.0,2023-04-04,JOEUSDT
1554,entry,283.0,2023-04-04,INJUSDT
1555,exit,283.0,2023-04-05,INJUSDT
1555,entry,277.0,2023-04-05,ICXUSDT
1558,exit,277.0,2023-04-08,ICXUSDT
1558,entry,625.0,2023-04-08,XRPUSDT
1560,exit,625.0,2023-04-10,XRPUSDT
1560,entry,283.0,2023-04-10,INJUSDT
1582,exit,132.0,2023-05-02,CFXUSDT
1582,entry,486.0,2023-05-02,RNDRUSDT
1584,exit,283.0,2023-05-04,INJUSDT
1584,entry,132.0,2023-05-04,CFXUSDT
1586,exit,486.0,2023-05-06,RNDRUSDT
1586,entry,467.0,2023-05-06,RADUSDT
1587,exit,132.0,2023-05-07,CFXUSDT
1587,entry,486.0,2023-05-07,RNDRUSDT
1589,exit,467.0,2023-05-09,RADUSDT
1589,entry,132.0,2023-05-09,CFXUSDT
1593,exit,486.0,2023-05-13,RNDRUSDT
1593,exit,132.0,2023-05-13,CFXUSDT
1594,entry,132.0,2023-05-14,CFXUSDT
1596,entry,486.0,2023-05-16,RNDRUSDT
1600,exit,132.0,2023-05-20,CFXUSDT
1600,entry,570.0,2023-05-20,TRXUSDT
1606,exit,570.0,2023-05-26,TRXUSDT
1606,entry,204.0,2023-05-26,ETHUSDT
1614,exit,486.0,2023-06-03,RNDRUSDT
1614,entry,570.0,2023-06-03,TRXUSDT
1619,exit,570.0,2023-06-08,TRXUSDT
1619,entry,625.0,2023-06-08,XRPUSDT
1623,exit,204.0,2023-06-12,ETHUSDT
1623,entry,559.0,2023-06-12,TOMOUSDT
1624,exit,559.0,2023-06-13,TOMOUSDT
1624,entry,486.0,2023-06-13,RNDRUSDT
1625,exit,486.0,2023-06-14,RNDRUSDT
1625,entry,559.0,2023-06-14,TOMOUSDT
1626,exit,625.0,2023-06-15,XRPUSDT
1626,exit,559.0,2023-06-15,TOMOUSDT
1626,risk_off,,2023-06-15,
1627,entry,320.0,2023-06-16,LINAUSDT
1627,entry,625.0,2023-06-16,XRPUSDT
1627,risk_on,,2023-06-16,
1629,exit,320.0,2023-06-18,LINAUSDT
1631,exit,625.0,2023-06-20,XRPUSDT
1631,entry,540.0,2023-06-20,STXUSDT
1632,entry,283.0,2023-06-21,INJUSDT
1633,exit,283.0,2023-06-22,INJUSDT
1633,entry,372.0,2023-06-22,MTLUSDT
1635,exit,540.0,2023-06-24,STXUSDT
1635,exit,372.0,2023-06-24,MTLUSDT
1635,entry,92.0,2023-06-24,BCHUSDT
1636,entry,55.0,2023-06-25,ARPAUSDT
1637,exit,55.0,2023-06-26,ARPAUSDT
1637,entry,283.0,2023-06-26,INJUSDT
1638,exit,283.0,2023-06-27,INJUSDT
1638,entry,320.0,2023-06-27,LINAUSDT
1640,exit,320.0,2023-06-29,LINAUSDT
1640,entry,559.0,2023-06-29,TOMOUSDT
1642,exit,559.0,2023-07-01,TOMOUSDT
1642,entry,332.0,2023-07-01,LTCUSDT
1647,exit,332.0,2023-07-06,LTCUSDT
1647,entry,362.0,2023-07-06,MKRUSDT
1648,exit,362.0,2023-07-07,MKRUSDT
1648,entry,332.0,2023-07-07,LTCUSDT
1650,exit,332.0,2023-07-09,LTCUSDT
1650,entry,144.0,2023-07-09,COMPUSDT
1659,exit,144.0,2023-07-18,COMPUSDT
1659,entry,518.0,2023-07-18,SOLUSDT
1662,exit,92.0,2023-07-21,BCHUSDT
1662,entry,362.0,2023-07-21,MKRUSDT
1663,exit,362.0,2023-07-22,MKRUSDT
1663,entry,570.0,2023-07-22,TRXUSDT
1665,exit,570.0,2023-07-24,TRXUSDT
1665,entry,92.0,2023-07-24,BCHUSDT
1666,exit,92.0,2023-07-25,BCHUSDT
1666,entry,570.0,2023-07-25,TRXUSDT
1668,exit,570.0,2023-07-27,TRXUSDT
1668,entry,362.0,2023-07-27,MKRUSDT
1669,exit,362.0,2023-07-28,MKRUSDT
1669,entry,621.0,2023-07-28,XLMUSDT
1670,exit,621.0,2023-07-29,XLMUSDT
1670,entry,362.0,2023-07-29,MKRUSDT
1671,exit,362.0,2023-07-30,MKRUSDT
1671,entry,92.0,2023-07-30,BCHUSDT
1675,exit,518.0,2023-08-03,SOLUSDT
1675,exit,92.0,2023-08-03,BCHUSDT
1675,entry,144.0,2023-08-03,COMPUSDT
1675,entry,625.0,2023-08-03,XRPUSDT
1677,exit,144.0,2023-08-05,COMPUSDT
1677,exit,625.0,2023-08-05,XRPUSDT
1677,entry,634.0,2023-08-05,YGGUSDT
1677,entry,109.0,2023-08-05,BNTUSDT
1678,exit,109.0,2023-08-06,BNTUSDT
1678,entry,518.0,2023-08-06,SOLUSDT
1682,exit,634.0,2023-08-10,YGGUSDT
1682,entry,92.0,2023-08-10,BCHUSDT
1683,exit,92.0,2023-08-11,BCHUSDT
1683,entry,506.0,2023-08-11,SHIBUSDT
1687,exit,506.0,2023-08-15,SHIBUSDT
1687,entry,92.0,2023-08-15,BCHUSDT
1690,exit,518.0,2023-08-18,SOLUSDT
1690,exit,92.0,2023-08-18,BCHUSDT
1690,risk_off,,2023-08-18,
1701,entry,492.0,2023-08-29,RUNEUSDT
1701,entry,28.0,2023-08-29,AKROUSDT
1701,risk_on,,2023-08-29,
1702,exit,492.0,2023-08-30,RUNEUSDT
1702,exit,28.0,2023-08-30,AKROUSDT
1702,risk_off,,2023-08-30,
1718,entry,92.0,2023-09-15,BCHUSDT
1718,entry,263.0,2023-09-15,HIFIUSDT
1718,risk_on,,2023-09-15,
1720,exit,92.0,2023-09-17,BCHUSDT
1720,exit,263.0,2023-09-17,HIFIUSDT
1720,risk_off,,2023-09-17,
1722,entry,105.0,2023-09-19,BLZUSDT
1722,entry,226.0,2023-09-19,FRONTUSDT
1722,risk_on,,2023-09-19,
1724,exit,226.0,2023-09-21,FRONTUSDT
1724,entry,65.0,2023-09-21,AUCTIONUSDT
1725,exit,105.0,2023-09-22,BLZUSDT
1725,exit,65.0,2023-09-22,AUCTIONUSDT
1725,entry,226.0,2023-09-22,FRONTUSDT
1725,entry,216.0,2023-09-22,FLMUSDT
1727,exit,226.0,2023-09-24,FRONTUSDT
1727,exit,216.0,2023-09-24,FLMUSDT
1727,risk_off,,2023-09-24,
1731,entry,92.0,2023-09-28,BCHUSDT
1731,entry,322.0,2023-09-28,LINKUSDT
1731,risk_on,,2023-09-28,
1733,exit,92.0,2023-09-30,BCHUSDT
1733,entry,564.0,2023-09-30,TRBUSDT
1734,exit,564.0,2023-10-01,TRBUSDT
1734,entry,92.0,2023-10-01,BCHUSDT
1737,exit,92.0,2023-10-04,BCHUSDT
1737,entry,492.0,2023-10-04,RUNEUSDT
1739,exit,322.0,2023-10-06,LINKUSDT
1739,entry,570.0,2023-10-06,TRXUSDT
1740,exit,570.0,2023-10-07,TRXUSDT
1740,entry,518.0,2023-10-07,SOLUSDT
1741,exit,492.0,2023-10-08,RUNEUSDT
1741,entry,322.0,2023-10-08,LINKUSDT
1743,exit,322.0,2023-10-10,LINKUSDT
1743,entry,538.0,2023-10-10,STRAXUSDT
1744,exit,538.0,2023-10-11,STRAXUSDT
1744,entry,322.0,2023-10-11,LINKUSDT
1745,exit,322.0,2023-10-12,LINKUSDT
1746,entry,322.0,2023-10-13,LINKUSDT
1747,exit,322.0,2023-10-14,LINKUSDT
1747,entry,112.0,2023-10-14,BONDUSDT
1751,exit,112.0,2023-10-18,BONDUSDT
1751,entry,92.0,2023-10-18,BCHUSDT
1752,exit,92.0,2023-10-19,BCHUSDT
1752,entry,51.0,2023-10-19,ARDRUSDT
1753,exit,51.0,2023-10-20,ARDRUSDT
1753,entry,570.0,2023-10-20,TRXUSDT
1754,exit,570.0,2023-10-21,TRXUSDT
1754,entry,322.0,2023-10-21,LINKUSDT
1832,exit,322.0,2024-01-07,LINKUSDT
1832,entry,501.0,2024-01-07,SCUSDT
1834,exit,501.0,2024-01-09,SCUSDT
1834,entry,362.0,2024-01-09,MKRUSDT
1838,exit,362.0,2024-01-13,MKRUSDT
1838,entry,204.0,2024-01-13,ETHUSDT
1847,exit,204.0,2024-01-22,ETHUSDT
1847,entry,283.0,2024-01-22,INJUSDT
1860,exit,283.0,2024-02-04,INJUSDT
1860,entry,570.0,2024-02-04,TRXUSDT
1864,exit,570.0,2024-02-08,TRXUSDT
1864,entry,540.0,2024-02-08,STXUSDT
1881,exit,540.0,2024-02-25,STXUSDT
1881,entry,204.0,2024-02-25,ETHUSDT
1884,exit,204.0,2024-02-28,ETHUSDT
1884,entry,486.0,2024-02-28,RNDRUSDT
1978,exit,486.0,2024-06-01,RNDRUSDT
1978,entry,107.0,2024-06-01,BNBUSDT
2000,exit,518.0,2024-06-23,SOLUSDT
2000,entry,430.0,2024-06-23,PEPEUSDT
2010,exit,107.0,2024-07-03,BNBUSDT
2010,exit,430.0,2024-07-03,PEPEUSDT
2010,risk_off,,2024-07-03,
2021,entry,570.0,2024-07-14,TRXUSDT
2021,entry,362.0,2024-07-14,MKRUSDT
2021,risk_on,,2024-07-14,
2025,exit,570.0,2024-07-18,TRXUSDT
2025,exit,362.0,2024-07-18,MKRUSDT
2025,entry,107.0,2024-07-18,BNBUSDT
2025,entry,204.0,2024-07-18,ETHUSDT
2026,exit,204.0,2024-07-19,ETHUSDT
2026,entry,570.0,2024-07-19,TRXUSDT
2027,exit,570.0,2024-07-20,TRXUSDT
2027,entry,470.0,2024-07-20,RAYUSDT
2028,exit,470.0,2024-07-21,RAYUSDT
2028,entry,518.0,2024-07-21,SOLUSDT
2040,exit,107.0,2024-08-02,BNBUSDT
2040,exit,518.0,2024-08-02,SOLUSDT
2040,risk_off,,2024-08-02,
2051,entry,570.0,2024-08-13,TRXUSDT
2051,entry,10.0,2024-08-13,AAVEUSDT
2051,risk_on,,2024-08-13,
2052,exit,570.0,2024-08-14,TRXUSDT
2052,exit,10.0,2024-08-14,AAVEUSDT
2052,risk_off,,2024-08-14,
2059,entry,570.0,2024-08-21,TRXUSDT
2059,entry,10.0,2024-08-21,AAVEUSDT
2059,risk_on,,2024-08-21,
2063,exit,10.0,2024-08-25,AAVEUSDT
2063,entry,542.0,2024-08-25,SUNUSDT
2070,exit,570.0,2024-09-01,TRXUSDT
2070,exit,542.0,2024-09-01,SUNUSDT
2070,risk_off,,2024-09-01,
2071,entry,570.0,2024-09-02,TRXUSDT
2071,entry,10.0,2024-09-02,AAVEUSDT
2071,risk_on,,2024-09-02,
2074,exit,570.0,2024-09-05,TRXUSDT
2074,exit,10.0,2024-09-05,AAVEUSDT
2074,risk_off,,2024-09-05,
2078,entry,570.0,2024-09-09,TRXUSDT
2078,entry,10.0,2024-09-09,AAVEUSDT
2078,risk_on,,2024-09-09,
2081,exit,570.0,2024-09-12,TRXUSDT
2081,exit,10.0,2024-09-12,AAVEUSDT
2081,risk_off,,2024-09-12,
2087,entry,570.0,2024-09-18,TRXUSDT
2087,entry,10.0,2024-09-18,AAVEUSDT
2087,risk_on,,2024-09-18,
2090,exit,570.0,2024-09-21,TRXUSDT
2090,exit,10.0,2024-09-21,AAVEUSDT
2090,entry,107.0,2024-09-21,BNBUSDT
2090,entry,541.0,2024-09-21,SUIUSDT
2101,exit,107.0,2024-10-02,BNBUSDT
2101,entry,570.0,2024-10-02,TRXUSDT
2104,exit,570.0,2024-10-05,TRXUSDT
2104,entry,107.0,2024-10-05,BNBUSDT
2108,exit,541.0,2024-10-09,SUIUSDT
2108,exit,107.0,2024-10-09,BNBUSDT
2108,risk_off,,2024-10-09,
2110,entry,570.0,2024-10-11,TRXUSDT
2110,entry,107.0,2024-10-11,BNBUSDT
2110,risk_on,,2024-10-11,
2116,exit,107.0,2024-10-17,BNBUSDT
2116,entry,541.0,2024-10-17,SUIUSDT
2117,exit,570.0,2024-10-18,TRXUSDT
2117,entry,175.0,2024-10-18,DOGEUSDT
2224,exit,175.0,2025-02-02,DOGEUSDT
2224,entry,408.0,2025-02-02,OMUSDT
2228,exit,541.0,2025-02-06,SUIUSDT
2228,entry,625.0,2025-02-06,XRPUSDT
2251,exit,408.0,2025-03-01,OMUSDT
2251,entry,332.0,2025-03-01,LTCUSDT
2259,exit,625.0,2025-03-09,XRPUSDT
2259,exit,332.0,2025-03-09,LTCUSDT
2259,risk_off,,2025-03-09,
2302,entry,425.0,2025-04-21,PAXGUSDT
2302,entry,570.0,2025-04-21,TRXUSDT
2302,risk_on,,2025-04-21,
2304,exit,570.0,2025-04-23,TRXUSDT
2304,entry,625.0,2025-04-23,XRPUSDT
2305,exit,425.0,2025-04-24,PAXGUSDT
2305,entry,541.0,2025-04-24,SUIUSDT
2312,exit,625.0,2025-05-01,XRPUSDT
2312,entry,151.0,2025-05-01,CRVUSDT
2313,exit,151.0,2025-05-02,CRVUSDT
2313,entry,455.0,2025-05-02,PUNDIXUSDT
2315,exit,455.0,2025-05-04,PUNDIXUSDT
2316,entry,151.0,2025-05-05,CRVUSDT
2318,exit,151.0,2025-05-07,CRVUSDT
2318,entry,194.0,2025-05-07,EOSUSDT
2324,exit,194.0,2025-05-13,EOSUSDT
2324,entry,570.0,2025-05-13,TRXUSDT
2329,exit,570.0,2025-05-18,TRXUSDT
2329,entry,430.0,2025-05-18,PEPEUSDT
2336,exit,541.0,2025-05-25,SUIUSDT
2336,entry,10.0,2025-05-25,AAVEUSDT
2341,exit,430.0,2025-05-30,PEPEUSDT
2341,entry,328.0,2025-05-30,LPTUSDT
2342,exit,328.0,2025-05-31,LPTUSDT
2343,entry,341.0,2025-06-01,MASKUSDT
2346,exit,341.0,2025-06-04,MASKUSDT
2346,entry,570.0,2025-06-04,TRXUSDT
2349,exit,10.0,2025-06-07,AAVEUSDT
2349,entry,541.0,2025-06-07,SUIUSDT
2350,exit,541.0,2025-06-08,SUIUSDT
2350,entry,564.0,2025-06-08,TRBUSDT
2351,exit,570.0,2025-06-09,TRXUSDT
2351,entry,10.0,2025-06-09,AAVEUSDT
2353,exit,564.0,2025-06-11,TRBUSDT
2353,entry,204.0,2025-06-11,ETHUSDT
2354,exit,204.0,2025-06-12,ETHUSDT
2354,entry,493.0,2025-06-12,RVNUSDT
2355,exit,493.0,2025-06-13,RVNUSDT
2355,entry,92.0,2025-06-13,BCHUSDT
2356,exit,92.0,2025-06-14,BCHUSDT
2357,entry,92.0,2025-06-15,BCHUSDT
2360,exit,92.0,2025-06-18,BCHUSDT
2361,entry,92.0,2025-06-19,BCHUSDT
2363,exit,92.0,2025-06-21,BCHUSDT
2363,entry,570.0,2025-06-21,TRXUSDT
2366,exit,570.0,2025-06-24,TRXUSDT
2366,entry,229.0,2025-06-24,FUNUSDT
2368,exit,229.0,2025-06-26,FUNUSDT
2368,entry,92.0,2025-06-26,BCHUSDT
2370,exit,10.0,2025-06-28,AAVEUSDT
2370,exit,92.0,2025-06-28,BCHUSDT
2371,entry,10.0,2025-06-29,AAVEUSDT
2372,entry,92.0,2025-06-30,BCHUSDT
2374,exit,92.0,2025-07-02,BCHUSDT
2374,entry,570.0,2025-07-02,TRXUSDT
2377,exit,10.0,2025-07-05,AAVEUSDT
2377,entry,229.0,2025-07-05,FUNUSDT
2378,exit,229.0,2025-07-06,FUNUSDT
2378,entry,10.0,2025-07-06,AAVEUSDT
2382,exit,570.0,2025-07-10,TRXUSDT
2382,entry,625.0,2025-07-10,XRPUSDT
2398,exit,10.0,2025-07-26,AAVEUSDT
2398,entry,570.0,2025-07-26,TRXUSDT
2449,exit,625.0,2025-09-15,XRPUSDT
2449,entry,107.0,2025-09-15,BNBUSDT
2459,exit,570.0,2025-09-25,TRXUSDT
2459,exit,107.0,2025-09-25,BNBUSDT
2459,risk_off,,2025-09-25,
2462,entry,107.0,2025-09-28,BNBUSDT
2462,entry,570.0,2025-09-28,TRXUSDT
2462,risk_on,,2025-09-28,
2467,exit,570.0,2025-10-03,TRXUSDT
2467,entry,204.0,2025-10-03,ETHUSDT
2481,exit,107.0,2025-10-17,BNBUSDT
2481,exit,204.0,2025-10-17,ETHUSDT
2481,risk_off,,2025-10-17,
2483,entry,425.0,2025-10-19,PAXGUSDT
2483,entry,107.0,2025-10-19,BNBUSDT
2483,risk_on,,2025-10-19,
2485,exit,425.0,2025-10-21,PAXGUSDT
2485,exit,107.0,2025-10-21,BNBUSDT
2485,risk_off,,2025-10-21,
2487,entry,425.0,2025-10-23,PAXGUSDT
2487,entry,107.0,2025-10-23,BNBUSDT
2487,risk_on,,2025-10-23,
2489,exit,425.0,2025-10-25,PAXGUSDT
2489,entry,637.0,2025-10-25,ZECUSDT
2498,exit,107.0,2025-11-03,BNBUSDT
2498,exit,637.0,2025-11-03,ZECUSDT
2498,risk_off,,2025-11-03,
2682,entry,570.0,2026-05-06,TRXUSDT
2682,entry,637.0,2026-05-06,ZECUSDT
2682,risk_on,,2026-05-06,
2683,exit,570.0,2026-05-07,TRXUSDT
2683,exit,637.0,2026-05-07,ZECUSDT
2683,risk_off,,2026-05-07,
2686,entry,570.0,2026-05-10,TRXUSDT
2686,entry,637.0,2026-05-10,ZECUSDT
2686,risk_on,,2026-05-10,
2687,exit,570.0,2026-05-11,TRXUSDT
2687,exit,637.0,2026-05-11,ZECUSDT
2687,risk_off,,2026-05-11,
