event_id,event_class,terminal_label,anchor_date,profile,bucket,bucket_start,bucket_end,total_rows,data_insufficient_rows,classified_rows,normal_bull_count,normal_bull_fraction,btc_leadership_maturing_count,btc_leadership_maturing_fraction,late_bull_rotation_count,late_bull_rotation_fraction,exhaustion_watch_count,exhaustion_watch_fraction,de_risk_1_count,de_risk_1_fraction,de_risk_2_count,de_risk_2_fraction,flat_count,flat_fraction,de_risk_1_or_worse_fraction,de_risk_2_or_worse_fraction
P5E-2021-SPRING-MAJOR-TOP,LOCAL_MAJOR_TOP_NONTERMINAL,False,2021-04-13,EARLY,early_warning,2021-03-16,2021-03-29,14,0,14,0,0,0,0,0,0,0,0,0,0,0,0,14,1,1,1
P5E-2021-SPRING-MAJOR-TOP,LOCAL_MAJOR_TOP_NONTERMINAL,False,2021-04-13,EARLY,target_lead,2021-03-30,2021-04-06,8,0,8,0,0,0,0,0,0,0,0,0,0,0,0,8,1,1,1
P5E-2021-SPRING-MAJOR-TOP,LOCAL_MAJOR_TOP_NONTERMINAL,False,2021-04-13,EARLY,near_event,2021-04-07,2021-04-13,7,0,7,0,0,0,0,0,0,0,0,0,0,0,0,7,1,1,1
P5E-2021-SPRING-MAJOR-TOP,LOCAL_MAJOR_TOP_NONTERMINAL,False,2021-04-13,EARLY,immediate_after,2021-04-14,2021-05-11,28,0,28,0,0,0,0,0,0,0,0,0,0,0,0,28,1,1,1
P5E-2021-SPRING-MAJOR-TOP,LOCAL_MAJOR_TOP_NONTERMINAL,False,2021-04-13,EARLY,medium_after,2021-05-12,2021-07-12,62,0,62,0,0,0,0,0,0,0,0,0,0,0,0,62,1,1,1
P5E-2021-SPRING-MAJOR-TOP,LOCAL_MAJOR_TOP_NONTERMINAL,False,2021-04-13,BALANCED,early_warning,2021-03-16,2021-03-29,14,0,14,0,0,0,0,0,0,0,0,0,0,0,0,14,1,1,1
P5E-2021-SPRING-MAJOR-TOP,LOCAL_MAJOR_TOP_NONTERMINAL,False,2021-04-13,BALANCED,target_lead,2021-03-30,2021-04-06,8,0,8,0,0,0,0,0,0,0,0,0,0,0,0,8,1,1,1
P5E-2021-SPRING-MAJOR-TOP,LOCAL_MAJOR_TOP_NONTERMINAL,False,2021-04-13,BALANCED,near_event,2021-04-07,2021-04-13,7,0,7,0,0,0,0,0,0,0,0,0,0,0,0,7,1,1,1
P5E-2021-SPRING-MAJOR-TOP,LOCAL_MAJOR_TOP_NONTERMINAL,False,2021-04-13,BALANCED,immediate_after,2021-04-14,2021-05-11,28,0,28,0,0,0,0,0,0,0,0,0,0,0,0,28,1,1,1
P5E-2021-SPRING-MAJOR-TOP,LOCAL_MAJOR_TOP_NONTERMINAL,False,2021-04-13,BALANCED,medium_after,2021-05-12,2021-07-12,62,0,62,0,0,0,0,0,0,0,0,0,0,0,0,62,1,1,1
P5E-2021-SPRING-MAJOR-TOP,LOCAL_MAJOR_TOP_NONTERMINAL,False,2021-04-13,CONSERVATIVE,early_warning,2021-03-16,2021-03-29,14,0,14,0,0,0,0,0,0,0,0,0,0,0,0,14,1,1,1
P5E-2021-SPRING-MAJOR-TOP,LOCAL_MAJOR_TOP_NONTERMINAL,False,2021-04-13,CONSERVATIVE,target_lead,2021-03-30,2021-04-06,8,0,8,0,0,0,0,0,0,0,0,0,0,0,0,8,1,1,1
P5E-2021-SPRING-MAJOR-TOP,LOCAL_MAJOR_TOP_NONTERMINAL,False,2021-04-13,CONSERVATIVE,near_event,2021-04-07,2021-04-13,7,0,7,0,0,0,0,0,0,0,0,0,0,0,0,7,1,1,1
P5E-2021-SPRING-MAJOR-TOP,LOCAL_MAJOR_TOP_NONTERMINAL,False,2021-04-13,CONSERVATIVE,immediate_after,2021-04-14,2021-05-11,28,0,28,0,0,0,0,0,0,0,0,0,0,0,0,28,1,1,1
P5E-2021-SPRING-MAJOR-TOP,LOCAL_MAJOR_TOP_NONTERMINAL,False,2021-04-13,CONSERVATIVE,medium_after,2021-05-12,2021-07-12,62,0,62,0,0,0,0,0,0,0,0,0,0,0,0,62,1,1,1
P5E-2021-SUMMER-SECOND-WIND,SECOND_WIND_TRANSITION,False,2021-07-20,EARLY,early_warning,2021-06-22,2021-07-05,14,0,14,0,0,0,0,0,0,0,0,0,0,0,0,14,1,1,1
P5E-2021-SUMMER-SECOND-WIND,SECOND_WIND_TRANSITION,False,2021-07-20,EARLY,target_lead,2021-07-06,2021-07-13,8,0,8,0,0,0,0,0,0,0,0,0,0,0,0,8,1,1,1
P5E-2021-SUMMER-SECOND-WIND,SECOND_WIND_TRANSITION,False,2021-07-20,EARLY,near_event,2021-07-14,2021-07-20,7,0,7,0,0,0,0,0,0,0,0,0,0,0,0,7,1,1,1
P5E-2021-SUMMER-SECOND-WIND,SECOND_WIND_TRANSITION,False,2021-07-20,EARLY,immediate_after,2021-07-21,2021-08-17,28,0,28,0,0,0,0,0,0,0,0,0,0,0,0,28,1,1,1
P5E-2021-SUMMER-SECOND-WIND,SECOND_WIND_TRANSITION,False,2021-07-20,EARLY,medium_after,2021-08-18,2021-10-18,62,0,62,0,0,0,0,0,0,0,0,0,0,0,0,62,1,1,1
P5E-2021-SUMMER-SECOND-WIND,SECOND_WIND_TRANSITION,False,2021-07-20,BALANCED,early_warning,2021-06-22,2021-07-05,14,0,14,0,0,0,0,0,0,0,0,0,0,0,0,14,1,1,1
P5E-2021-SUMMER-SECOND-WIND,SECOND_WIND_TRANSITION,False,2021-07-20,BALANCED,target_lead,2021-07-06,2021-07-13,8,0,8,0,0,0,0,0,0,0,0,0,0,0,0,8,1,1,1
P5E-2021-SUMMER-SECOND-WIND,SECOND_WIND_TRANSITION,False,2021-07-20,BALANCED,near_event,2021-07-14,2021-07-20,7,0,7,0,0,0,0,0,0,0,0,0,0,0,0,7,1,1,1
P5E-2021-SUMMER-SECOND-WIND,SECOND_WIND_TRANSITION,False,2021-07-20,BALANCED,immediate_after,2021-07-21,2021-08-17,28,0,28,0,0,0,0,0,0,0,0,0,0,0,0,28,1,1,1
P5E-2021-SUMMER-SECOND-WIND,SECOND_WIND_TRANSITION,False,2021-07-20,BALANCED,medium_after,2021-08-18,2021-10-18,62,0,62,0,0,0,0,0,0,0,0,0,0,0,0,62,1,1,1
P5E-2021-SUMMER-SECOND-WIND,SECOND_WIND_TRANSITION,False,2021-07-20,CONSERVATIVE,early_warning,2021-06-22,2021-07-05,14,0,14,0,0,0,0,0,0,0,0,0,0,0,0,14,1,1,1
P5E-2021-SUMMER-SECOND-WIND,SECOND_WIND_TRANSITION,False,2021-07-20,CONSERVATIVE,target_lead,2021-07-06,2021-07-13,8,0,8,0,0,0,0,0,0,0,0,0,0,0,0,8,1,1,1
P5E-2021-SUMMER-SECOND-WIND,SECOND_WIND_TRANSITION,False,2021-07-20,CONSERVATIVE,near_event,2021-07-14,2021-07-20,7,0,7,0,0,0,0,0,0,0,0,0,0,0,0,7,1,1,1
P5E-2021-SUMMER-SECOND-WIND,SECOND_WIND_TRANSITION,False,2021-07-20,CONSERVATIVE,immediate_after,2021-07-21,2021-08-17,28,0,28,0,0,0,0,0,0,0,0,0,0,0,0,28,1,1,1
P5E-2021-SUMMER-SECOND-WIND,SECOND_WIND_TRANSITION,False,2021-07-20,CONSERVATIVE,medium_after,2021-08-18,2021-10-18,62,0,62,0,0,0,0,0,0,0,0,0,0,0,0,62,1,1,1
P5E-2021-NOV-TERMINAL-TOP,TERMINAL_TOP_BEAR_TRANSITION,True,2021-11-08,EARLY,early_warning,2021-10-11,2021-10-24,14,0,14,0,0,0,0,0,0,0,0,0,0,0,0,14,1,1,1
P5E-2021-NOV-TERMINAL-TOP,TERMINAL_TOP_BEAR_TRANSITION,True,2021-11-08,EARLY,target_lead,2021-10-25,2021-11-01,8,0,8,0,0,0,0,0,0,0,0,0,0,0,0,8,1,1,1
P5E-2021-NOV-TERMINAL-TOP,TERMINAL_TOP_BEAR_TRANSITION,True,2021-11-08,EARLY,near_event,2021-11-02,2021-11-08,7,0,7,0,0,0,0,0,0,0,0,0,0,0,0,7,1,1,1
P5E-2021-NOV-TERMINAL-TOP,TERMINAL_TOP_BEAR_TRANSITION,True,2021-11-08,EARLY,immediate_after,2021-11-09,2021-12-06,28,0,28,0,0,0,0,0,0,0,0,0,0,0,0,28,1,1,1
P5E-2021-NOV-TERMINAL-TOP,TERMINAL_TOP_BEAR_TRANSITION,True,2021-11-08,EARLY,medium_after,2021-12-07,2022-02-06,62,0,62,0,0,0,0,0,0,0,0,0,0,0,0,62,1,1,1
P5E-2021-NOV-TERMINAL-TOP,TERMINAL_TOP_BEAR_TRANSITION,True,2021-11-08,BALANCED,early_warning,2021-10-11,2021-10-24,14,0,14,0,0,0,0,0,0,0,0,0,0,0,0,14,1,1,1
P5E-2021-NOV-TERMINAL-TOP,TERMINAL_TOP_BEAR_TRANSITION,True,2021-11-08,BALANCED,target_lead,2021-10-25,2021-11-01,8,0,8,0,0,0,0,0,0,0,0,0,0,0,0,8,1,1,1
P5E-2021-NOV-TERMINAL-TOP,TERMINAL_TOP_BEAR_TRANSITION,True,2021-11-08,BALANCED,near_event,2021-11-02,2021-11-08,7,0,7,0,0,0,0,0,0,0,0,0,0,0,0,7,1,1,1
P5E-2021-NOV-TERMINAL-TOP,TERMINAL_TOP_BEAR_TRANSITION,True,2021-11-08,BALANCED,immediate_after,2021-11-09,2021-12-06,28,0,28,0,0,0,0,0,0,0,0,0,0,0,0,28,1,1,1
P5E-2021-NOV-TERMINAL-TOP,TERMINAL_TOP_BEAR_TRANSITION,True,2021-11-08,BALANCED,medium_after,2021-12-07,2022-02-06,62,0,62,0,0,0,0,0,0,0,0,0,0,0,0,62,1,1,1
P5E-2021-NOV-TERMINAL-TOP,TERMINAL_TOP_BEAR_TRANSITION,True,2021-11-08,CONSERVATIVE,early_warning,2021-10-11,2021-10-24,14,0,14,0,0,0,0,0,0,0,0,0,0,0,0,14,1,1,1
P5E-2021-NOV-TERMINAL-TOP,TERMINAL_TOP_BEAR_TRANSITION,True,2021-11-08,CONSERVATIVE,target_lead,2021-10-25,2021-11-01,8,0,8,0,0,0,0,0,0,0,0,0,0,0,0,8,1,1,1
P5E-2021-NOV-TERMINAL-TOP,TERMINAL_TOP_BEAR_TRANSITION,True,2021-11-08,CONSERVATIVE,near_event,2021-11-02,2021-11-08,7,0,7,0,0,0,0,0,0,0,0,0,0,0,0,7,1,1,1
P5E-2021-NOV-TERMINAL-TOP,TERMINAL_TOP_BEAR_TRANSITION,True,2021-11-08,CONSERVATIVE,immediate_after,2021-11-09,2021-12-06,28,0,28,0,0,0,0,0,0,0,0,0,0,0,0,28,1,1,1
P5E-2021-NOV-TERMINAL-TOP,TERMINAL_TOP_BEAR_TRANSITION,True,2021-11-08,CONSERVATIVE,medium_after,2021-12-07,2022-02-06,62,0,62,0,0,0,0,0,0,0,0,0,0,0,0,62,1,1,1
P5E-2025-JUNE-NEW-HIGH,TEMPORARY_NEW_HIGH_PHASE,False,2025-05-22,EARLY,early_warning,2025-04-24,2025-05-07,14,0,14,0,0,0,0,0,0,0,0,0,0,0,0,14,1,1,1
P5E-2025-JUNE-NEW-HIGH,TEMPORARY_NEW_HIGH_PHASE,False,2025-05-22,EARLY,target_lead,2025-05-08,2025-05-15,8,0,8,0,0,0,0,0,0,0,0,0,0,0,0,8,1,1,1
P5E-2025-JUNE-NEW-HIGH,TEMPORARY_NEW_HIGH_PHASE,False,2025-05-22,EARLY,near_event,2025-05-16,2025-05-22,7,0,7,0,0,0,0,0,0,0,0,0,0,0,0,7,1,1,1
P5E-2025-JUNE-NEW-HIGH,TEMPORARY_NEW_HIGH_PHASE,False,2025-05-22,EARLY,immediate_after,2025-05-23,2025-06-19,28,0,28,0,0,0,0,0,0,0,0,0,0,0,0,28,1,1,1
P5E-2025-JUNE-NEW-HIGH,TEMPORARY_NEW_HIGH_PHASE,False,2025-05-22,EARLY,medium_after,2025-06-20,2025-08-20,62,0,62,0,0,0,0,0,0,0,0,0,0,0,0,62,1,1,1
P5E-2025-JUNE-NEW-HIGH,TEMPORARY_NEW_HIGH_PHASE,False,2025-05-22,BALANCED,early_warning,2025-04-24,2025-05-07,14,0,14,0,0,0,0,0,0,0,0,0,0,0,0,14,1,1,1
P5E-2025-JUNE-NEW-HIGH,TEMPORARY_NEW_HIGH_PHASE,False,2025-05-22,BALANCED,target_lead,2025-05-08,2025-05-15,8,0,8,0,0,0,0,0,0,0,0,0,0,0,0,8,1,1,1
P5E-2025-JUNE-NEW-HIGH,TEMPORARY_NEW_HIGH_PHASE,False,2025-05-22,BALANCED,near_event,2025-05-16,2025-05-22,7,0,7,0,0,0,0,0,0,0,0,0,0,0,0,7,1,1,1
P5E-2025-JUNE-NEW-HIGH,TEMPORARY_NEW_HIGH_PHASE,False,2025-05-22,BALANCED,immediate_after,2025-05-23,2025-06-19,28,0,28,0,0,0,0,0,0,0,0,0,0,0,0,28,1,1,1
P5E-2025-JUNE-NEW-HIGH,TEMPORARY_NEW_HIGH_PHASE,False,2025-05-22,BALANCED,medium_after,2025-06-20,2025-08-20,62,0,62,0,0,0,0,0,0,0,0,0,0,0,0,62,1,1,1
P5E-2025-JUNE-NEW-HIGH,TEMPORARY_NEW_HIGH_PHASE,False,2025-05-22,CONSERVATIVE,early_warning,2025-04-24,2025-05-07,14,0,14,0,0,0,0,0,0,0,0,0,0,0,0,14,1,1,1
P5E-2025-JUNE-NEW-HIGH,TEMPORARY_NEW_HIGH_PHASE,False,2025-05-22,CONSERVATIVE,target_lead,2025-05-08,2025-05-15,8,0,8,0,0,0,0,0,0,0,0,0,0,0,0,8,1,1,1
P5E-2025-JUNE-NEW-HIGH,TEMPORARY_NEW_HIGH_PHASE,False,2025-05-22,CONSERVATIVE,near_event,2025-05-16,2025-05-22,7,0,7,0,0,0,0,0,0,0,0,0,0,0,0,7,1,1,1
P5E-2025-JUNE-NEW-HIGH,TEMPORARY_NEW_HIGH_PHASE,False,2025-05-22,CONSERVATIVE,immediate_after,2025-05-23,2025-06-19,28,0,28,0,0,0,0,0,0,0,0,0,0,0,0,28,1,1,1
P5E-2025-JUNE-NEW-HIGH,TEMPORARY_NEW_HIGH_PHASE,False,2025-05-22,CONSERVATIVE,medium_after,2025-06-20,2025-08-20,62,0,62,0,0,0,0,0,0,0,0,0,0,0,0,62,1,1,1
P5E-2025-AUG-NEW-HIGH,SECOND_WIND_NEW_HIGH_PHASE,False,2025-08-13,EARLY,early_warning,2025-07-16,2025-07-29,14,0,14,0,0,0,0,0,0,0,0,0,0,0,0,14,1,1,1
P5E-2025-AUG-NEW-HIGH,SECOND_WIND_NEW_HIGH_PHASE,False,2025-08-13,EARLY,target_lead,2025-07-30,2025-08-06,8,0,8,0,0,0,0,0,0,0,0,0,0,0,0,8,1,1,1
P5E-2025-AUG-NEW-HIGH,SECOND_WIND_NEW_HIGH_PHASE,False,2025-08-13,EARLY,near_event,2025-08-07,2025-08-13,7,0,7,0,0,0,0,0,0,0,0,0,0,0,0,7,1,1,1
P5E-2025-AUG-NEW-HIGH,SECOND_WIND_NEW_HIGH_PHASE,False,2025-08-13,EARLY,immediate_after,2025-08-14,2025-09-10,28,0,28,0,0,0,0,0,0,0,0,0,0,0,0,28,1,1,1
P5E-2025-AUG-NEW-HIGH,SECOND_WIND_NEW_HIGH_PHASE,False,2025-08-13,EARLY,medium_after,2025-09-11,2025-11-11,62,0,62,0,0,0,0,0,0,0,0,0,0,0,0,62,1,1,1
P5E-2025-AUG-NEW-HIGH,SECOND_WIND_NEW_HIGH_PHASE,False,2025-08-13,BALANCED,early_warning,2025-07-16,2025-07-29,14,0,14,0,0,0,0,0,0,0,0,0,0,0,0,14,1,1,1
P5E-2025-AUG-NEW-HIGH,SECOND_WIND_NEW_HIGH_PHASE,False,2025-08-13,BALANCED,target_lead,2025-07-30,2025-08-06,8,0,8,0,0,0,0,0,0,0,0,0,0,0,0,8,1,1,1
P5E-2025-AUG-NEW-HIGH,SECOND_WIND_NEW_HIGH_PHASE,False,2025-08-13,BALANCED,near_event,2025-08-07,2025-08-13,7,0,7,0,0,0,0,0,0,0,0,0,0,0,0,7,1,1,1
P5E-2025-AUG-NEW-HIGH,SECOND_WIND_NEW_HIGH_PHASE,False,2025-08-13,BALANCED,immediate_after,2025-08-14,2025-09-10,28,0,28,0,0,0,0,0,0,0,0,0,0,0,0,28,1,1,1
P5E-2025-AUG-NEW-HIGH,SECOND_WIND_NEW_HIGH_PHASE,False,2025-08-13,BALANCED,medium_after,2025-09-11,2025-11-11,62,0,62,0,0,0,0,0,0,0,0,0,0,0,0,62,1,1,1
P5E-2025-AUG-NEW-HIGH,SECOND_WIND_NEW_HIGH_PHASE,False,2025-08-13,CONSERVATIVE,early_warning,2025-07-16,2025-07-29,14,0,14,0,0,0,0,0,0,0,0,0,0,0,0,14,1,1,1
P5E-2025-AUG-NEW-HIGH,SECOND_WIND_NEW_HIGH_PHASE,False,2025-08-13,CONSERVATIVE,target_lead,2025-07-30,2025-08-06,8,0,8,0,0,0,0,0,0,0,0,0,0,0,0,8,1,1,1
P5E-2025-AUG-NEW-HIGH,SECOND_WIND_NEW_HIGH_PHASE,False,2025-08-13,CONSERVATIVE,near_event,2025-08-07,2025-08-13,7,0,7,0,0,0,0,0,0,0,0,0,0,0,0,7,1,1,1
P5E-2025-AUG-NEW-HIGH,SECOND_WIND_NEW_HIGH_PHASE,False,2025-08-13,CONSERVATIVE,immediate_after,2025-08-14,2025-09-10,28,0,28,0,0,0,0,0,0,0,0,0,0,0,0,28,1,1,1
P5E-2025-AUG-NEW-HIGH,SECOND_WIND_NEW_HIGH_PHASE,False,2025-08-13,CONSERVATIVE,medium_after,2025-09-11,2025-11-11,62,0,62,0,0,0,0,0,0,0,0,0,0,0,0,62,1,1,1
P5E-2025-OCT-NEW-HIGH-DELEVERAGING,NEW_HIGH_DELEVERAGING_PHASE,False,2025-10-06,EARLY,early_warning,2025-09-08,2025-09-21,14,0,14,0,0,0,0,0,0,0,0,0,0,0,0,14,1,1,1
P5E-2025-OCT-NEW-HIGH-DELEVERAGING,NEW_HIGH_DELEVERAGING_PHASE,False,2025-10-06,EARLY,target_lead,2025-09-22,2025-09-29,8,0,8,0,0,0,0,0,0,0,0,0,0,0,0,8,1,1,1
P5E-2025-OCT-NEW-HIGH-DELEVERAGING,NEW_HIGH_DELEVERAGING_PHASE,False,2025-10-06,EARLY,near_event,2025-09-30,2025-10-06,7,0,7,0,0,0,0,0,0,0,0,0,0,0,0,7,1,1,1
P5E-2025-OCT-NEW-HIGH-DELEVERAGING,NEW_HIGH_DELEVERAGING_PHASE,False,2025-10-06,EARLY,immediate_after,2025-10-07,2025-11-03,28,0,28,0,0,0,0,0,0,0,0,0,0,0,0,28,1,1,1
P5E-2025-OCT-NEW-HIGH-DELEVERAGING,NEW_HIGH_DELEVERAGING_PHASE,False,2025-10-06,EARLY,medium_after,2025-11-04,2026-01-04,62,0,62,0,0,0,0,0,0,0,0,0,0,0,0,62,1,1,1
P5E-2025-OCT-NEW-HIGH-DELEVERAGING,NEW_HIGH_DELEVERAGING_PHASE,False,2025-10-06,BALANCED,early_warning,2025-09-08,2025-09-21,14,0,14,0,0,0,0,0,0,0,0,0,0,0,0,14,1,1,1
P5E-2025-OCT-NEW-HIGH-DELEVERAGING,NEW_HIGH_DELEVERAGING_PHASE,False,2025-10-06,BALANCED,target_lead,2025-09-22,2025-09-29,8,0,8,0,0,0,0,0,0,0,0,0,0,0,0,8,1,1,1
P5E-2025-OCT-NEW-HIGH-DELEVERAGING,NEW_HIGH_DELEVERAGING_PHASE,False,2025-10-06,BALANCED,near_event,2025-09-30,2025-10-06,7,0,7,0,0,0,0,0,0,0,0,0,0,0,0,7,1,1,1
P5E-2025-OCT-NEW-HIGH-DELEVERAGING,NEW_HIGH_DELEVERAGING_PHASE,False,2025-10-06,BALANCED,immediate_after,2025-10-07,2025-11-03,28,0,28,0,0,0,0,0,0,0,0,0,0,0,0,28,1,1,1
P5E-2025-OCT-NEW-HIGH-DELEVERAGING,NEW_HIGH_DELEVERAGING_PHASE,False,2025-10-06,BALANCED,medium_after,2025-11-04,2026-01-04,62,0,62,0,0,0,0,0,0,0,0,0,0,0,0,62,1,1,1
P5E-2025-OCT-NEW-HIGH-DELEVERAGING,NEW_HIGH_DELEVERAGING_PHASE,False,2025-10-06,CONSERVATIVE,early_warning,2025-09-08,2025-09-21,14,0,14,0,0,0,0,0,0,0,0,0,0,0,0,14,1,1,1
P5E-2025-OCT-NEW-HIGH-DELEVERAGING,NEW_HIGH_DELEVERAGING_PHASE,False,2025-10-06,CONSERVATIVE,target_lead,2025-09-22,2025-09-29,8,0,8,0,0,0,0,0,0,0,0,0,0,0,0,8,1,1,1
P5E-2025-OCT-NEW-HIGH-DELEVERAGING,NEW_HIGH_DELEVERAGING_PHASE,False,2025-10-06,CONSERVATIVE,near_event,2025-09-30,2025-10-06,7,0,7,0,0,0,0,0,0,0,0,0,0,0,0,7,1,1,1
P5E-2025-OCT-NEW-HIGH-DELEVERAGING,NEW_HIGH_DELEVERAGING_PHASE,False,2025-10-06,CONSERVATIVE,immediate_after,2025-10-07,2025-11-03,28,0,28,0,0,0,0,0,0,0,0,0,0,0,0,28,1,1,1
P5E-2025-OCT-NEW-HIGH-DELEVERAGING,NEW_HIGH_DELEVERAGING_PHASE,False,2025-10-06,CONSERVATIVE,medium_after,2025-11-04,2026-01-04,62,0,62,0,0,0,0,0,0,0,0,0,0,0,0,62,1,1,1
P5E-2025-LATE-DETERIORATION,POST_DELEVERAGING_DETERIORATION,False,2025-10-06,EARLY,early_warning,2025-09-08,2025-09-21,14,0,14,0,0,0,0,0,0,0,0,0,0,0,0,14,1,1,1
P5E-2025-LATE-DETERIORATION,POST_DELEVERAGING_DETERIORATION,False,2025-10-06,EARLY,target_lead,2025-09-22,2025-09-29,8,0,8,0,0,0,0,0,0,0,0,0,0,0,0,8,1,1,1
P5E-2025-LATE-DETERIORATION,POST_DELEVERAGING_DETERIORATION,False,2025-10-06,EARLY,near_event,2025-09-30,2025-10-06,7,0,7,0,0,0,0,0,0,0,0,0,0,0,0,7,1,1,1
P5E-2025-LATE-DETERIORATION,POST_DELEVERAGING_DETERIORATION,False,2025-10-06,EARLY,immediate_after,2025-10-07,2025-11-03,28,0,28,0,0,0,0,0,0,0,0,0,0,0,0,28,1,1,1
P5E-2025-LATE-DETERIORATION,POST_DELEVERAGING_DETERIORATION,False,2025-10-06,EARLY,medium_after,2025-11-04,2026-01-04,62,0,62,0,0,0,0,0,0,0,0,0,0,0,0,62,1,1,1
P5E-2025-LATE-DETERIORATION,POST_DELEVERAGING_DETERIORATION,False,2025-10-06,BALANCED,early_warning,2025-09-08,2025-09-21,14,0,14,0,0,0,0,0,0,0,0,0,0,0,0,14,1,1,1
P5E-2025-LATE-DETERIORATION,POST_DELEVERAGING_DETERIORATION,False,2025-10-06,BALANCED,target_lead,2025-09-22,2025-09-29,8,0,8,0,0,0,0,0,0,0,0,0,0,0,0,8,1,1,1
P5E-2025-LATE-DETERIORATION,POST_DELEVERAGING_DETERIORATION,False,2025-10-06,BALANCED,near_event,2025-09-30,2025-10-06,7,0,7,0,0,0,0,0,0,0,0,0,0,0,0,7,1,1,1
P5E-2025-LATE-DETERIORATION,POST_DELEVERAGING_DETERIORATION,False,2025-10-06,BALANCED,immediate_after,2025-10-07,2025-11-03,28,0,28,0,0,0,0,0,0,0,0,0,0,0,0,28,1,1,1
P5E-2025-LATE-DETERIORATION,POST_DELEVERAGING_DETERIORATION,False,2025-10-06,BALANCED,medium_after,2025-11-04,2026-01-04,62,0,62,0,0,0,0,0,0,0,0,0,0,0,0,62,1,1,1
P5E-2025-LATE-DETERIORATION,POST_DELEVERAGING_DETERIORATION,False,2025-10-06,CONSERVATIVE,early_warning,2025-09-08,2025-09-21,14,0,14,0,0,0,0,0,0,0,0,0,0,0,0,14,1,1,1
P5E-2025-LATE-DETERIORATION,POST_DELEVERAGING_DETERIORATION,False,2025-10-06,CONSERVATIVE,target_lead,2025-09-22,2025-09-29,8,0,8,0,0,0,0,0,0,0,0,0,0,0,0,8,1,1,1
P5E-2025-LATE-DETERIORATION,POST_DELEVERAGING_DETERIORATION,False,2025-10-06,CONSERVATIVE,near_event,2025-09-30,2025-10-06,7,0,7,0,0,0,0,0,0,0,0,0,0,0,0,7,1,1,1
P5E-2025-LATE-DETERIORATION,POST_DELEVERAGING_DETERIORATION,False,2025-10-06,CONSERVATIVE,immediate_after,2025-10-07,2025-11-03,28,0,28,0,0,0,0,0,0,0,0,0,0,0,0,28,1,1,1
P5E-2025-LATE-DETERIORATION,POST_DELEVERAGING_DETERIORATION,False,2025-10-06,CONSERVATIVE,medium_after,2025-11-04,2026-01-04,62,0,62,0,0,0,0,0,0,0,0,0,0,0,0,62,1,1,1
P5C-2021-JAN-FEB-HIGH-VOL,HIGH_VOLATILITY_NON_TOP_CONTROL,False,2021-02-28,EARLY,early_warning,2021-01-31,2021-02-13,14,0,14,3,0.214285714286,6,0.428571428571,5,0.357142857143,0,0,0,0,0,0,0,0,0,0
P5C-2021-JAN-FEB-HIGH-VOL,HIGH_VOLATILITY_NON_TOP_CONTROL,False,2021-02-28,EARLY,target_lead,2021-02-14,2021-02-21,8,0,8,0,0,5,0.625,0,0,3,0.375,0,0,0,0,0,0,0,0
P5C-2021-JAN-FEB-HIGH-VOL,HIGH_VOLATILITY_NON_TOP_CONTROL,False,2021-02-28,EARLY,near_event,2021-02-22,2021-02-28,7,0,7,0,0,0,0,0,0,1,0.142857142857,0,0,0,0,6,0.857142857143,0.857142857143,0.857142857143
P5C-2021-JAN-FEB-HIGH-VOL,HIGH_VOLATILITY_NON_TOP_CONTROL,False,2021-02-28,EARLY,immediate_after,2021-03-01,2021-03-28,28,0,28,0,0,0,0,0,0,0,0,0,0,0,0,28,1,1,1
P5C-2021-JAN-FEB-HIGH-VOL,HIGH_VOLATILITY_NON_TOP_CONTROL,False,2021-02-28,EARLY,medium_after,2021-03-29,2021-05-29,62,0,62,0,0,0,0,0,0,0,0,0,0,0,0,62,1,1,1
P5C-2021-JAN-FEB-HIGH-VOL,HIGH_VOLATILITY_NON_TOP_CONTROL,False,2021-02-28,BALANCED,early_warning,2021-01-31,2021-02-13,14,0,14,13,0.928571428571,1,0.0714285714286,0,0,0,0,0,0,0,0,0,0,0,0
P5C-2021-JAN-FEB-HIGH-VOL,HIGH_VOLATILITY_NON_TOP_CONTROL,False,2021-02-28,BALANCED,target_lead,2021-02-14,2021-02-21,8,0,8,0,0,8,1,0,0,0,0,0,0,0,0,0,0,0,0
P5C-2021-JAN-FEB-HIGH-VOL,HIGH_VOLATILITY_NON_TOP_CONTROL,False,2021-02-28,BALANCED,near_event,2021-02-22,2021-02-28,7,0,7,0,0,0,0,0,0,1,0.142857142857,0,0,0,0,6,0.857142857143,0.857142857143,0.857142857143
P5C-2021-JAN-FEB-HIGH-VOL,HIGH_VOLATILITY_NON_TOP_CONTROL,False,2021-02-28,BALANCED,immediate_after,2021-03-01,2021-03-28,28,0,28,0,0,0,0,0,0,0,0,0,0,0,0,28,1,1,1
P5C-2021-JAN-FEB-HIGH-VOL,HIGH_VOLATILITY_NON_TOP_CONTROL,False,2021-02-28,BALANCED,medium_after,2021-03-29,2021-05-29,62,0,62,0,0,0,0,0,0,0,0,0,0,0,0,62,1,1,1
P5C-2021-JAN-FEB-HIGH-VOL,HIGH_VOLATILITY_NON_TOP_CONTROL,False,2021-02-28,CONSERVATIVE,early_warning,2021-01-31,2021-02-13,14,0,14,14,1,0,0,0,0,0,0,0,0,0,0,0,0,0,0
P5C-2021-JAN-FEB-HIGH-VOL,HIGH_VOLATILITY_NON_TOP_CONTROL,False,2021-02-28,CONSERVATIVE,target_lead,2021-02-14,2021-02-21,8,0,8,4,0.5,4,0.5,0,0,0,0,0,0,0,0,0,0,0,0
P5C-2021-JAN-FEB-HIGH-VOL,HIGH_VOLATILITY_NON_TOP_CONTROL,False,2021-02-28,CONSERVATIVE,near_event,2021-02-22,2021-02-28,7,0,7,0,0,1,0.142857142857,0,0,0,0,0,0,0,0,6,0.857142857143,0.857142857143,0.857142857143
P5C-2021-JAN-FEB-HIGH-VOL,HIGH_VOLATILITY_NON_TOP_CONTROL,False,2021-02-28,CONSERVATIVE,immediate_after,2021-03-01,2021-03-28,28,0,28,0,0,0,0,0,0,0,0,0,0,0,0,28,1,1,1
P5C-2021-JAN-FEB-HIGH-VOL,HIGH_VOLATILITY_NON_TOP_CONTROL,False,2021-02-28,CONSERVATIVE,medium_after,2021-03-29,2021-05-29,62,0,62,0,0,0,0,0,0,0,0,0,0,0,0,62,1,1,1
P5C-2021-SEP-HIGH-VOL,HIGH_VOLATILITY_NON_TOP_CONTROL,False,2021-09-21,EARLY,early_warning,2021-08-24,2021-09-06,14,0,14,0,0,0,0,0,0,0,0,0,0,0,0,14,1,1,1
P5C-2021-SEP-HIGH-VOL,HIGH_VOLATILITY_NON_TOP_CONTROL,False,2021-09-21,EARLY,target_lead,2021-09-07,2021-09-14,8,0,8,0,0,0,0,0,0,0,0,0,0,0,0,8,1,1,1
P5C-2021-SEP-HIGH-VOL,HIGH_VOLATILITY_NON_TOP_CONTROL,False,2021-09-21,EARLY,near_event,2021-09-15,2021-09-21,7,0,7,0,0,0,0,0,0,0,0,0,0,0,0,7,1,1,1
P5C-2021-SEP-HIGH-VOL,HIGH_VOLATILITY_NON_TOP_CONTROL,False,2021-09-21,EARLY,immediate_after,2021-09-22,2021-10-19,28,0,28,0,0,0,0,0,0,0,0,0,0,0,0,28,1,1,1
P5C-2021-SEP-HIGH-VOL,HIGH_VOLATILITY_NON_TOP_CONTROL,False,2021-09-21,EARLY,medium_after,2021-10-20,2021-12-20,62,0,62,0,0,0,0,0,0,0,0,0,0,0,0,62,1,1,1
P5C-2021-SEP-HIGH-VOL,HIGH_VOLATILITY_NON_TOP_CONTROL,False,2021-09-21,BALANCED,early_warning,2021-08-24,2021-09-06,14,0,14,0,0,0,0,0,0,0,0,0,0,0,0,14,1,1,1
P5C-2021-SEP-HIGH-VOL,HIGH_VOLATILITY_NON_TOP_CONTROL,False,2021-09-21,BALANCED,target_lead,2021-09-07,2021-09-14,8,0,8,0,0,0,0,0,0,0,0,0,0,0,0,8,1,1,1
P5C-2021-SEP-HIGH-VOL,HIGH_VOLATILITY_NON_TOP_CONTROL,False,2021-09-21,BALANCED,near_event,2021-09-15,2021-09-21,7,0,7,0,0,0,0,0,0,0,0,0,0,0,0,7,1,1,1
P5C-2021-SEP-HIGH-VOL,HIGH_VOLATILITY_NON_TOP_CONTROL,False,2021-09-21,BALANCED,immediate_after,2021-09-22,2021-10-19,28,0,28,0,0,0,0,0,0,0,0,0,0,0,0,28,1,1,1
P5C-2021-SEP-HIGH-VOL,HIGH_VOLATILITY_NON_TOP_CONTROL,False,2021-09-21,BALANCED,medium_after,2021-10-20,2021-12-20,62,0,62,0,0,0,0,0,0,0,0,0,0,0,0,62,1,1,1
P5C-2021-SEP-HIGH-VOL,HIGH_VOLATILITY_NON_TOP_CONTROL,False,2021-09-21,CONSERVATIVE,early_warning,2021-08-24,2021-09-06,14,0,14,0,0,0,0,0,0,0,0,0,0,0,0,14,1,1,1
P5C-2021-SEP-HIGH-VOL,HIGH_VOLATILITY_NON_TOP_CONTROL,False,2021-09-21,CONSERVATIVE,target_lead,2021-09-07,2021-09-14,8,0,8,0,0,0,0,0,0,0,0,0,0,0,0,8,1,1,1
P5C-2021-SEP-HIGH-VOL,HIGH_VOLATILITY_NON_TOP_CONTROL,False,2021-09-21,CONSERVATIVE,near_event,2021-09-15,2021-09-21,7,0,7,0,0,0,0,0,0,0,0,0,0,0,0,7,1,1,1
P5C-2021-SEP-HIGH-VOL,HIGH_VOLATILITY_NON_TOP_CONTROL,False,2021-09-21,CONSERVATIVE,immediate_after,2021-09-22,2021-10-19,28,0,28,0,0,0,0,0,0,0,0,0,0,0,0,28,1,1,1
P5C-2021-SEP-HIGH-VOL,HIGH_VOLATILITY_NON_TOP_CONTROL,False,2021-09-21,CONSERVATIVE,medium_after,2021-10-20,2021-12-20,62,0,62,0,0,0,0,0,0,0,0,0,0,0,0,62,1,1,1
P5C-2024-MAR-MAY-MASKING,HIGH_VOLATILITY_NON_TOP_CONTROL,False,2024-03-19,EARLY,early_warning,2024-02-20,2024-03-04,14,0,14,0,0,0,0,0,0,0,0,0,0,0,0,14,1,1,1
P5C-2024-MAR-MAY-MASKING,HIGH_VOLATILITY_NON_TOP_CONTROL,False,2024-03-19,EARLY,target_lead,2024-03-05,2024-03-12,8,0,8,0,0,0,0,0,0,0,0,0,0,0,0,8,1,1,1
P5C-2024-MAR-MAY-MASKING,HIGH_VOLATILITY_NON_TOP_CONTROL,False,2024-03-19,EARLY,near_event,2024-03-13,2024-03-19,7,0,7,0,0,0,0,0,0,0,0,0,0,0,0,7,1,1,1
P5C-2024-MAR-MAY-MASKING,HIGH_VOLATILITY_NON_TOP_CONTROL,False,2024-03-19,EARLY,immediate_after,2024-03-20,2024-04-16,28,0,28,0,0,0,0,0,0,0,0,0,0,0,0,28,1,1,1
P5C-2024-MAR-MAY-MASKING,HIGH_VOLATILITY_NON_TOP_CONTROL,False,2024-03-19,EARLY,medium_after,2024-04-17,2024-06-17,62,0,62,0,0,0,0,0,0,0,0,0,0,0,0,62,1,1,1
P5C-2024-MAR-MAY-MASKING,HIGH_VOLATILITY_NON_TOP_CONTROL,False,2024-03-19,BALANCED,early_warning,2024-02-20,2024-03-04,14,0,14,0,0,0,0,0,0,0,0,0,0,0,0,14,1,1,1
P5C-2024-MAR-MAY-MASKING,HIGH_VOLATILITY_NON_TOP_CONTROL,False,2024-03-19,BALANCED,target_lead,2024-03-05,2024-03-12,8,0,8,0,0,0,0,0,0,0,0,0,0,0,0,8,1,1,1
P5C-2024-MAR-MAY-MASKING,HIGH_VOLATILITY_NON_TOP_CONTROL,False,2024-03-19,BALANCED,near_event,2024-03-13,2024-03-19,7,0,7,0,0,0,0,0,0,0,0,0,0,0,0,7,1,1,1
P5C-2024-MAR-MAY-MASKING,HIGH_VOLATILITY_NON_TOP_CONTROL,False,2024-03-19,BALANCED,immediate_after,2024-03-20,2024-04-16,28,0,28,0,0,0,0,0,0,0,0,0,0,0,0,28,1,1,1
P5C-2024-MAR-MAY-MASKING,HIGH_VOLATILITY_NON_TOP_CONTROL,False,2024-03-19,BALANCED,medium_after,2024-04-17,2024-06-17,62,0,62,0,0,0,0,0,0,0,0,0,0,0,0,62,1,1,1
P5C-2024-MAR-MAY-MASKING,HIGH_VOLATILITY_NON_TOP_CONTROL,False,2024-03-19,CONSERVATIVE,early_warning,2024-02-20,2024-03-04,14,0,14,0,0,0,0,0,0,0,0,0,0,0,0,14,1,1,1
P5C-2024-MAR-MAY-MASKING,HIGH_VOLATILITY_NON_TOP_CONTROL,False,2024-03-19,CONSERVATIVE,target_lead,2024-03-05,2024-03-12,8,0,8,0,0,0,0,0,0,0,0,0,0,0,0,8,1,1,1
P5C-2024-MAR-MAY-MASKING,HIGH_VOLATILITY_NON_TOP_CONTROL,False,2024-03-19,CONSERVATIVE,near_event,2024-03-13,2024-03-19,7,0,7,0,0,0,0,0,0,0,0,0,0,0,0,7,1,1,1
P5C-2024-MAR-MAY-MASKING,HIGH_VOLATILITY_NON_TOP_CONTROL,False,2024-03-19,CONSERVATIVE,immediate_after,2024-03-20,2024-04-16,28,0,28,0,0,0,0,0,0,0,0,0,0,0,0,28,1,1,1
P5C-2024-MAR-MAY-MASKING,HIGH_VOLATILITY_NON_TOP_CONTROL,False,2024-03-19,CONSERVATIVE,medium_after,2024-04-17,2024-06-17,62,0,62,0,0,0,0,0,0,0,0,0,0,0,0,62,1,1,1
P5C-2025-PRE-JUNE-HIGH-VOL,HIGH_VOLATILITY_NON_TOP_CONTROL,False,2025-03-10,EARLY,early_warning,2025-02-10,2025-02-23,14,0,14,0,0,0,0,0,0,0,0,0,0,0,0,14,1,1,1
P5C-2025-PRE-JUNE-HIGH-VOL,HIGH_VOLATILITY_NON_TOP_CONTROL,False,2025-03-10,EARLY,target_lead,2025-02-24,2025-03-03,8,0,8,0,0,0,0,0,0,0,0,0,0,0,0,8,1,1,1
P5C-2025-PRE-JUNE-HIGH-VOL,HIGH_VOLATILITY_NON_TOP_CONTROL,False,2025-03-10,EARLY,near_event,2025-03-04,2025-03-10,7,0,7,0,0,0,0,0,0,0,0,0,0,0,0,7,1,1,1
P5C-2025-PRE-JUNE-HIGH-VOL,HIGH_VOLATILITY_NON_TOP_CONTROL,False,2025-03-10,EARLY,immediate_after,2025-03-11,2025-04-07,28,0,28,0,0,0,0,0,0,0,0,0,0,0,0,28,1,1,1
P5C-2025-PRE-JUNE-HIGH-VOL,HIGH_VOLATILITY_NON_TOP_CONTROL,False,2025-03-10,EARLY,medium_after,2025-04-08,2025-06-08,62,0,62,0,0,0,0,0,0,0,0,0,0,0,0,62,1,1,1
P5C-2025-PRE-JUNE-HIGH-VOL,HIGH_VOLATILITY_NON_TOP_CONTROL,False,2025-03-10,BALANCED,early_warning,2025-02-10,2025-02-23,14,0,14,0,0,0,0,0,0,0,0,0,0,0,0,14,1,1,1
P5C-2025-PRE-JUNE-HIGH-VOL,HIGH_VOLATILITY_NON_TOP_CONTROL,False,2025-03-10,BALANCED,target_lead,2025-02-24,2025-03-03,8,0,8,0,0,0,0,0,0,0,0,0,0,0,0,8,1,1,1
P5C-2025-PRE-JUNE-HIGH-VOL,HIGH_VOLATILITY_NON_TOP_CONTROL,False,2025-03-10,BALANCED,near_event,2025-03-04,2025-03-10,7,0,7,0,0,0,0,0,0,0,0,0,0,0,0,7,1,1,1
P5C-2025-PRE-JUNE-HIGH-VOL,HIGH_VOLATILITY_NON_TOP_CONTROL,False,2025-03-10,BALANCED,immediate_after,2025-03-11,2025-04-07,28,0,28,0,0,0,0,0,0,0,0,0,0,0,0,28,1,1,1
P5C-2025-PRE-JUNE-HIGH-VOL,HIGH_VOLATILITY_NON_TOP_CONTROL,False,2025-03-10,BALANCED,medium_after,2025-04-08,2025-06-08,62,0,62,0,0,0,0,0,0,0,0,0,0,0,0,62,1,1,1
P5C-2025-PRE-JUNE-HIGH-VOL,HIGH_VOLATILITY_NON_TOP_CONTROL,False,2025-03-10,CONSERVATIVE,early_warning,2025-02-10,2025-02-23,14,0,14,0,0,0,0,0,0,0,0,0,0,0,0,14,1,1,1
P5C-2025-PRE-JUNE-HIGH-VOL,HIGH_VOLATILITY_NON_TOP_CONTROL,False,2025-03-10,CONSERVATIVE,target_lead,2025-02-24,2025-03-03,8,0,8,0,0,0,0,0,0,0,0,0,0,0,0,8,1,1,1
P5C-2025-PRE-JUNE-HIGH-VOL,HIGH_VOLATILITY_NON_TOP_CONTROL,False,2025-03-10,CONSERVATIVE,near_event,2025-03-04,2025-03-10,7,0,7,0,0,0,0,0,0,0,0,0,0,0,0,7,1,1,1
P5C-2025-PRE-JUNE-HIGH-VOL,HIGH_VOLATILITY_NON_TOP_CONTROL,False,2025-03-10,CONSERVATIVE,immediate_after,2025-03-11,2025-04-07,28,0,28,0,0,0,0,0,0,0,0,0,0,0,0,28,1,1,1
P5C-2025-PRE-JUNE-HIGH-VOL,HIGH_VOLATILITY_NON_TOP_CONTROL,False,2025-03-10,CONSERVATIVE,medium_after,2025-04-08,2025-06-08,62,0,62,0,0,0,0,0,0,0,0,0,0,0,0,62,1,1,1
