date,liquid_age_eligible_count,positive_trend_eligible_count
2021-05-01,76,72
2021-05-02,66,64
2021-05-03,78,75
2021-05-04,91,87
2021-05-05,78,76
2021-05-06,83,78
2021-05-07,91,85
2021-05-08,80,76
2021-05-09,71,70
2021-05-10,88,84
2021-05-11,69,68
2021-05-12,83,80
2021-05-13,85,83
2021-05-14,68,66
2021-05-15,71,70
2021-05-16,75,74
2021-05-17,71,68
2021-05-18,66,64
2021-05-19,91,78
2021-05-20,80,73
2021-05-21,81,71
2021-05-22,63,56
2021-05-23,75,52
2021-05-24,70,62
2021-05-25,69,61
2021-05-26,70,62
2021-05-27,63,56
2021-05-28,67,58
2021-05-29,52,45
2021-05-30,48,43
2021-05-31,48,43
2021-06-01,52,42
2021-06-02,56,51
2021-06-03,60,56
2021-06-04,59,55
2021-06-05,53,48
2021-06-06,45,38
2021-06-07,48,39
2021-06-08,57,49
2021-06-09,56,45
2021-06-10,51,39
2021-06-11,47,37
2021-06-12,39,30
2021-06-13,39,23
2021-06-14,47,28
2021-06-15,43,25
2021-06-16,47,29
2021-06-17,41,26
2021-06-18,41,28
2021-06-19,29,22
2021-06-20,37,21
2021-06-21,53,17
2021-06-22,57,16
2021-06-23,44,19
2021-06-24,37,19
2021-06-25,37,15
2021-06-26,35,16
2021-06-27,30,15
2021-06-28,35,15
2021-06-29,45,20
2021-06-30,46,24
2021-07-01,38,20
2021-07-02,31,16
2021-07-03,27,15
2021-07-04,34,17
2021-07-05,39,18
2021-07-06,42,24
2021-07-07,39,22
2021-07-08,45,21
2021-07-09,37,24
2021-07-10,31,18
2021-07-11,30,24
2021-07-12,32,24
2021-07-13,32,21
2021-07-14,36,18
2021-07-15,39,19
2021-07-16,35,13
2021-07-17,31,10
2021-07-18,27,13
2021-07-19,32,9
2021-07-20,38,10
2021-07-21,39,16
2021-07-22,36,19
2021-07-23,35,19
2021-07-24,41,22
2021-07-25,37,21
2021-07-26,63,19
2021-07-27,46,18
2021-07-28,42,18
2021-07-29,38,17
2021-07-30,37,13
2021-07-31,45,18
2021-08-01,49,20
2021-08-02,38,22
2021-08-03,32,17
2021-08-04,38,20
2021-08-05,43,22
2021-08-06,52,22
2021-08-07,67,30
2021-08-08,49,24
2021-08-09,56,29
2021-08-10,61,39
2021-08-11,76,50
2021-08-12,66,43
2021-08-13,58,36
2021-08-14,65,46
2021-08-15,58,50
2021-08-16,77,63
2021-08-17,78,59
2021-08-18,62,49
2021-08-19,63,52
2021-08-20,62,58
2021-08-21,70,63
2021-08-22,83,75
2021-08-23,78,73
2021-08-24,80,68
2021-08-25,73,61
2021-08-26,64,52
2021-08-27,65,55
2021-08-28,54,46
2021-08-29,62,51
2021-08-30,66,56
2021-08-31,72,61
2021-09-01,71,57
2021-09-02,75,62
2021-09-03,72,57
2021-09-04,76,60
2021-09-05,82,69
2021-09-06,90,77
2021-09-07,102,71
2021-09-08,82,58
2021-09-09,72,54
2021-09-10,70,51
2021-09-11,55,41
2021-09-12,64,49
2021-09-13,68,46
2021-09-14,56,40
2021-09-15,63,47
2021-09-16,70,56
2021-09-17,64,51
2021-09-18,54,46
2021-09-19,51,42
2021-09-20,75,50
2021-09-21,69,44
2021-09-22,57,41
2021-09-23,54,36
2021-09-24,68,43
2021-09-25,49,33
2021-09-26,62,39
2021-09-27,53,32
2021-09-28,49,31
2021-09-29,50,31
2021-09-30,47,31
2021-10-01,60,33
2021-10-02,58,35
2021-10-03,63,39
2021-10-04,62,33
2021-10-05,64,36
2021-10-06,76,36
2021-10-07,67,39
2021-10-08,62,37
2021-10-09,63,39
2021-10-10,56,27
2021-10-11,51,24
2021-10-12,54,25
2021-10-13,57,25
2021-10-14,59,26
2021-10-15,75,29
2021-10-16,62,24
2021-10-17,58,22
2021-10-18,55,19
2021-10-19,59,24
2021-10-20,65,29
2021-10-21,73,28
2021-10-22,65,24
2021-10-23,50,23
2021-10-24,59,27
2021-10-25,57,27
2021-10-26,67,34
2021-10-27,80,32
2021-10-28,67,29
2021-10-29,64,33
2021-10-30,71,38
2021-10-31,91,45
2021-11-01,87,47
2021-11-02,83,47
2021-11-03,91,47
2021-11-04,77,50
2021-11-05,70,46
2021-11-06,63,41
2021-11-07,60,40
2021-11-08,80,44
2021-11-09,82,45
2021-11-10,91,43
2021-11-11,76,47
2021-11-12,78,48
2021-11-13,68,47
2021-11-14,65,43
2021-11-15,74,44
2021-11-16,85,48
2021-11-17,70,41
2021-11-18,81,41
2021-11-19,67,40
2021-11-20,76,49
2021-11-21,79,49
2021-11-22,82,53
2021-11-23,75,48
2021-11-24,74,45
2021-11-25,80,52
2021-11-26,91,49
2021-11-27,78,56
2021-11-28,76,44
2021-11-29,69,42
2021-11-30,80,44
2021-12-01,78,43
2021-12-02,80,48
2021-12-03,98,55
2021-12-04,112,45
2021-12-05,68,32
2021-12-06,79,35
2021-12-07,66,32
2021-12-08,70,33
2021-12-09,68,27
2021-12-10,63,26
2021-12-11,52,22
2021-12-12,45,25
2021-12-13,58,21
2021-12-14,56,25
2021-12-15,58,24
2021-12-16,66,29
2021-12-17,68,29
2021-12-18,50,24
2021-12-19,44,18
2021-12-20,58,21
2021-12-21,54,24
2021-12-22,55,24
2021-12-23,64,25
2021-12-24,63,28
2021-12-25,49,24
2021-12-26,57,27
2021-12-27,69,29
2021-12-28,72,26
2021-12-29,59,25
2021-12-30,55,25
2021-12-31,55,22
2022-01-01,41,18
2022-01-02,43,19
2022-01-03,59,23
2022-01-04,64,27
2022-01-05,76,23
2022-01-06,68,22
2022-01-07,70,17
2022-01-08,57,17
2022-01-09,39,13
2022-01-10,56,16
2022-01-11,48,16
2022-01-12,51,17
2022-01-13,55,16
2022-01-14,49,16
2022-01-15,43,19
2022-01-16,41,19
2022-01-17,47,20
2022-01-18,53,26
2022-01-19,44,23
2022-01-20,46,15
2022-01-21,67,11
2022-01-22,67,8
2022-01-23,46,12
2022-01-24,56,10
2022-01-25,43,11
2022-01-26,52,12
2022-01-27,49,12
2022-01-28,38,11
2022-01-29,33,9
2022-01-30,35,9
2022-01-31,39,10
2022-02-01,35,9
2022-02-02,41,9
2022-02-03,39,10
2022-02-04,42,13
2022-02-05,50,13
2022-02-06,41,13
2022-02-07,56,18
2022-02-08,61,20
2022-02-09,47,18
2022-02-10,55,19
2022-02-11,53,21
2022-02-12,43,15
2022-02-13,32,12
2022-02-14,37,13
2022-02-15,39,18
2022-02-16,42,18
2022-02-17,45,15
2022-02-18,36,9
2022-02-19,30,9
2022-02-20,33,9
2022-02-21,47,5
2022-02-22,43,6
2022-02-23,36,4
2022-02-24,58,5
2022-02-25,39,5
2022-02-26,34,6
2022-02-27,38,3
2022-02-28,41,6
2022-03-01,47,13
2022-03-02,49,11
2022-03-03,42,12
2022-03-04,45,7
2022-03-05,31,7
2022-03-06,36,6
2022-03-07,42,5
2022-03-08,38,7
2022-03-09,42,11
2022-03-10,45,10
2022-03-11,30,7
2022-03-12,25,7
2022-03-13,36,5
2022-03-14,35,8
2022-03-15,41,10
2022-03-16,45,13
2022-03-17,34,10
2022-03-18,39,14
2022-03-19,49,13
2022-03-20,47,11
2022-03-21,45,12
2022-03-22,52,14
2022-03-23,49,23
2022-03-24,54,22
2022-03-25,54,18
2022-03-26,37,17
2022-03-27,56,23
2022-03-28,66,23
2022-03-29,73,26
2022-03-30,72,28
2022-03-31,94,35
2022-04-01,78,37
2022-04-02,67,26
2022-04-03,60,32
2022-04-04,69,34
2022-04-05,64,37
2022-04-06,66,24
2022-04-07,50,26
2022-04-08,48,20
2022-04-09,37,21
2022-04-10,39,17
2022-04-11,48,11
2022-04-12,45,15
2022-04-13,43,16
2022-04-14,40,10
2022-04-15,29,7
2022-04-16,24,6
2022-04-17,34,9
2022-04-18,45,11
2022-04-19,40,10
2022-04-20,52,11
2022-04-21,54,13
2022-04-22,48,11
2022-04-23,29,10
2022-04-24,34,9
2022-04-25,45,9
2022-04-26,45,10
2022-04-27,37,7
2022-04-28,43,11
2022-04-29,44,3
2022-04-30,42,2
2022-05-01,35,3
2022-05-02,33,2
2022-05-03,33,3
2022-05-04,40,6
2022-05-05,45,4
2022-05-06,37,5
2022-05-07,30,4
2022-05-08,34,3
2022-05-09,56,1
2022-05-10,60,1
2022-05-11,73,1
2022-05-12,62,0
2022-05-13,50,1
2022-05-14,35,0
2022-05-15,31,1
2022-05-16,29,0
2022-05-17,33,0
2022-05-18,35,1
2022-05-19,36,2
2022-05-20,30,2
2022-05-21,23,1
2022-05-22,19,1
2022-05-23,43,2
2022-05-24,34,1
2022-05-25,34,2
2022-05-26,38,1
2022-05-27,34,1
2022-05-28,19,1
2022-05-29,24,1
2022-05-30,39,3
2022-05-31,42,2
2022-06-01,45,2
2022-06-02,25,1
2022-06-03,21,2
2022-06-04,19,1
2022-06-05,14,1
2022-06-06,26,2
2022-06-07,36,3
2022-06-08,32,4
2022-06-09,24,5
2022-06-10,28,4
2022-06-11,26,3
2022-06-12,31,2
2022-06-13,44,1
2022-06-14,41,1
2022-06-15,38,1
2022-06-16,30,0
2022-06-17,22,1
2022-06-18,26,0
2022-06-19,24,0
2022-06-20,28,0
2022-06-21,31,0
2022-06-22,27,0
2022-06-23,29,1
2022-06-24,35,2
2022-06-25,28,0
2022-06-26,25,0
2022-06-27,25,0
2022-06-28,25,0
2022-06-29,22,0
2022-06-30,24,0
2022-07-01,25,0
2022-07-02,17,1
2022-07-03,14,0
2022-07-04,23,0
2022-07-05,24,0
2022-07-06,23,3
2022-07-07,26,2
2022-07-08,30,4
2022-07-09,21,3
2022-07-10,18,1
2022-07-11,22,1
2022-07-12,20,1
2022-07-13,29,2
2022-07-14,32,2
2022-07-15,30,2
2022-07-16,26,3
2022-07-17,25,2
2022-07-18,33,2
2022-07-19,36,0
2022-07-20,35,1
2022-07-21,31,2
2022-07-22,30,2
2022-07-23,26,2
2022-07-24,28,3
2022-07-25,26,2
2022-07-26,24,1
2022-07-27,26,2
2022-07-28,46,5
2022-07-29,45,6
2022-07-30,41,5
2022-07-31,40,6
2022-08-01,36,6
2022-08-02,35,2
2022-08-03,31,4
2022-08-04,28,3
2022-08-05,30,3
2022-08-06,25,3
2022-08-07,22,2
2022-08-08,29,1
2022-08-09,34,4
2022-08-10,34,5
2022-08-11,36,6
2022-08-12,26,4
2022-08-13,25,6
2022-08-14,30,6
2022-08-15,30,9
2022-08-16,25,6
2022-08-17,31,6
2022-08-18,29,7
2022-08-19,39,8
2022-08-20,30,6
2022-08-21,18,4
2022-08-22,21,5
2022-08-23,25,3
2022-08-24,24,4
2022-08-25,17,3
2022-08-26,28,2
2022-08-27,17,2
2022-08-28,19,4
2022-08-29,21,2
2022-08-30,23,4
2022-08-31,22,5
2022-09-01,21,4
2022-09-02,19,3
2022-09-03,15,3
2022-09-04,16,4
2022-09-05,17,2
2022-09-06,26,4
2022-09-07,21,4
2022-09-08,23,7
2022-09-09,32,11
2022-09-10,27,11
2022-09-11,22,8
2022-09-12,26,8
2022-09-13,30,8
2022-09-14,24,8
2022-09-15,22,6
2022-09-16,21,5
2022-09-17,15,5
2022-09-18,22,5
2022-09-19,23,4
2022-09-20,22,5
2022-09-21,25,4
2022-09-22,20,4
2022-09-23,26,11
2022-09-24,20,9
2022-09-25,18,9
2022-09-26,18,5
2022-09-27,23,5
2022-09-28,22,6
2022-09-29,17,3
2022-09-30,20,2
2022-10-01,12,4
2022-10-02,18,4
2022-10-03,16,4
2022-10-04,17,3
2022-10-05,18,4
2022-10-06,17,2
2022-10-07,14,2
2022-10-08,7,2
2022-10-09,5,1
2022-10-10,13,2
2022-10-11,15,3
2022-10-12,7,2
2022-10-13,22,4
2022-10-14,21,8
2022-10-15,14,6
2022-10-16,15,6
2022-10-17,13,9
2022-10-18,19,9
2022-10-19,14,5
2022-10-20,11,4
2022-10-21,16,4
2022-10-22,9,4
2022-10-23,9,2
2022-10-24,11,4
2022-10-25,20,5
2022-10-26,20,7
2022-10-27,20,10
2022-10-28,18,10
2022-10-29,27,16
2022-10-30,28,13
2022-10-31,26,15
2022-11-01,19,11
2022-11-02,29,16
2022-11-03,36,23
2022-11-04,35,18
2022-11-05,36,21
2022-11-06,30,16
2022-11-07,32,18
2022-11-08,51,13
2022-11-09,38,4
2022-11-10,37,9
2022-11-11,28,6
2022-11-12,22,6
2022-11-13,27,6
2022-11-14,29,6
2022-11-15,21,6
2022-11-16,22,7
2022-11-17,16,7
2022-11-18,14,3
2022-11-19,15,6
2022-11-20,21,7
2022-11-21,24,3
2022-11-22,23,3
2022-11-23,20,5
2022-11-24,14,1
2022-11-25,17,4
2022-11-26,16,4
2022-11-27,13,3
2022-11-28,18,3
2022-11-29,16,3
2022-11-30,19,4
2022-12-01,14,5
2022-12-02,17,5
2022-12-03,14,3
2022-12-04,10,4
2022-12-05,18,4
2022-12-06,16,3
2022-12-07,15,3
2022-12-08,11,3
2022-12-09,10,4
2022-12-10,7,2
2022-12-11,7,2
2022-12-12,14,3
2022-12-13,18,4
2022-12-14,13,2
2022-12-15,11,1
2022-12-16,18,1
2022-12-17,12,1
2022-12-18,10,1
2022-12-19,11,0
2022-12-20,7,0
2022-12-21,8,0
2022-12-22,7,0
2022-12-23,7,0
2022-12-24,4,0
2022-12-25,7,1
2022-12-26,8,2
2022-12-27,9,1
2022-12-28,10,0
2022-12-29,10,0
2022-12-30,8,0
2022-12-31,7,1
2023-01-01,6,1
2023-01-02,8,1
2023-01-03,10,1
2023-01-04,15,1
2023-01-05,12,1
2023-01-06,14,2
2023-01-07,11,2
2023-01-08,14,6
2023-01-09,27,5
2023-01-10,21,7
2023-01-11,20,10
2023-01-12,29,14
2023-01-13,27,11
2023-01-14,38,19
2023-01-15,28,11
2023-01-16,29,12
2023-01-17,22,10
2023-01-18,32,11
2023-01-19,15,6
2023-01-20,25,13
2023-01-21,30,13
2023-01-22,29,14
2023-01-23,31,15
2023-01-24,28,7
2023-01-25,29,11
2023-01-26,32,15
2023-01-27,32,15
2023-01-28,32,15
2023-01-29,29,12
2023-01-30,40,19
2023-01-31,30,17
2023-02-01,34,18
2023-02-02,42,24
2023-02-03,36,21
2023-02-04,28,18
2023-02-05,35,25
2023-02-06,33,25
2023-02-07,43,32
2023-02-08,43,31
2023-02-09,51,32
2023-02-10,37,26
2023-02-11,27,21
2023-02-12,26,20
2023-02-13,36,25
2023-02-14,30,21
2023-02-15,39,26
2023-02-16,51,30
2023-02-17,48,32
2023-02-18,30,18
2023-02-19,44,28
2023-02-20,51,34
2023-02-21,49,35
2023-02-22,42,24
2023-02-23,36,23
2023-02-24,34,21
2023-02-25,26,14
2023-02-26,18,11
2023-02-27,27,16
2023-02-28,27,16
2023-03-01,29,18
2023-03-02,26,18
2023-03-03,35,18
2023-03-04,21,12
2023-03-05,19,13
2023-03-06,19,12
2023-03-07,25,15
2023-03-08,25,13
2023-03-09,30,16
2023-03-10,31,11
2023-03-11,30,9
2023-03-12,28,13
2023-03-13,38,13
2023-03-14,44,17
2023-03-15,42,15
2023-03-16,29,11
2023-03-17,36,14
2023-03-18,39,13
2023-03-19,38,14
2023-03-20,41,14
2023-03-21,36,11
2023-03-22,35,12
2023-03-23,25,6
2023-03-24,24,7
2023-03-25,16,5
2023-03-26,17,5
2023-03-27,24,4
2023-03-28,21,5
2023-03-29,30,10
2023-03-30,32,8
2023-03-31,27,6
2023-04-01,22,6
2023-04-02,19,5
2023-04-03,30,9
2023-04-04,25,8
2023-04-05,30,6
2023-04-06,27,10
2023-04-07,19,9
2023-04-08,25,6
2023-04-09,23,8
2023-04-10,28,9
2023-04-11,26,8
2023-04-12,31,7
2023-04-13,25,5
2023-04-14,39,13
2023-04-15,27,9
2023-04-16,29,11
2023-04-17,34,15
2023-04-18,33,12
2023-04-19,43,15
2023-04-20,32,12
2023-04-21,26,8
2023-04-22,18,6
2023-04-23,20,5
2023-04-24,19,5
2023-04-25,20,5
2023-04-26,30,8
2023-04-27,22,6
2023-04-28,13,3
2023-04-29,17,5
2023-04-30,15,5
2023-05-01,18,6
2023-05-02,13,4
2023-05-03,19,7
2023-05-04,13,4
2023-05-05,21,7
2023-05-06,15,2
2023-05-07,11,3
2023-05-08,24,5
2023-05-09,14,3
2023-05-10,24,5
2023-05-11,19,4
2023-05-12,20,4
2023-05-13,7,0
2023-05-14,8,1
2023-05-15,13,1
2023-05-16,14,4
2023-05-17,20,4
2023-05-18,18,6
2023-05-19,13,7
2023-05-20,8,5
2023-05-21,10,5
2023-05-22,13,5
2023-05-23,12,6
2023-05-24,15,6
2023-05-25,15,7
2023-05-26,9,4
2023-05-27,12,6
2023-05-28,19,9
2023-05-29,16,9
2023-05-30,19,10
2023-05-31,15,8
2023-06-01,15,8
2023-06-02,15,7
2023-06-03,10,6
2023-06-04,14,6
2023-06-05,31,9
2023-06-06,21,8
2023-06-07,20,10
2023-06-08,14,4
2023-06-09,13,5
2023-06-10,32,6
2023-06-11,11,4
2023-06-12,13,5
2023-06-13,12,3
2023-06-14,14,3
2023-06-15,13,2
2023-06-16,9,2
2023-06-17,8,2
2023-06-18,8,1
2023-06-19,6,1
2023-06-20,13,1
2023-06-21,24,3
2023-06-22,23,2
2023-06-23,23,3
2023-06-24,20,1
2023-06-25,21,2
2023-06-26,25,4
2023-06-27,12,2
2023-06-28,17,2
2023-06-29,17,2
2023-06-30,29,5
2023-07-01,20,2
2023-07-02,16,4
2023-07-03,20,5
2023-07-04,22,6
2023-07-05,22,5
2023-07-06,20,4
2023-07-07,13,3
2023-07-08,15,3
2023-07-09,15,4
2023-07-10,16,3
2023-07-11,16,3
2023-07-12,12,2
2023-07-13,29,8
2023-07-14,34,10
2023-07-15,17,5
2023-07-16,18,6
2023-07-17,25,4
2023-07-18,17,3
2023-07-19,13,4
2023-07-20,17,7
2023-07-21,17,7
2023-07-22,13,5
2023-07-23,12,6
2023-07-24,16,3
2023-07-25,16,5
2023-07-26,17,7
2023-07-27,15,7
2023-07-28,13,5
2023-07-29,11,6
2023-07-30,14,5
2023-07-31,18,6
2023-08-01,17,5
2023-08-02,15,6
2023-08-03,13,2
2023-08-04,14,5
2023-08-05,12,2
2023-08-06,13,2
2023-08-07,17,5
2023-08-08,20,4
2023-08-09,17,5
2023-08-10,16,6
2023-08-11,10,6
2023-08-12,11,3
2023-08-13,14,6
2023-08-14,18,7
2023-08-15,17,6
2023-08-16,19,6
2023-08-17,21,4
2023-08-18,18,6
2023-08-19,12,5
2023-08-20,6,3
2023-08-21,14,6
2023-08-22,14,6
2023-08-23,15,7
2023-08-24,11,6
2023-08-25,12,5
2023-08-26,4,1
2023-08-27,5,2
2023-08-28,8,3
2023-08-29,20,8
2023-08-30,12,4
2023-08-31,14,5
2023-09-01,12,3
2023-09-02,10,4
2023-09-03,9,5
2023-09-04,18,9
2023-09-05,12,5
2023-09-06,13,6
2023-09-07,11,5
2023-09-08,15,9
2023-09-09,8,3
2023-09-10,13,6
2023-09-11,14,2
2023-09-12,13,2
2023-09-13,12,4
2023-09-14,14,6
2023-09-15,13,5
2023-09-16,14,7
2023-09-17,8,3
2023-09-18,14,4
2023-09-19,15,7
2023-09-20,12,6
2023-09-21,14,3
2023-09-22,8,2
2023-09-23,9,5
2023-09-24,8,2
2023-09-25,8,1
2023-09-26,10,4
2023-09-27,12,5
2023-09-28,15,5
2023-09-29,13,7
2023-09-30,8,3
2023-10-01,16,9
2023-10-02,16,7
2023-10-03,12,6
2023-10-04,10,4
2023-10-05,11,4
2023-10-06,11,4
2023-10-07,10,4
2023-10-08,9,5
2023-10-09,12,4
2023-10-10,10,4
2023-10-11,9,5
2023-10-12,5,1
2023-10-13,7,2
2023-10-14,7,2
2023-10-15,12,7
2023-10-16,18,10
2023-10-17,7,3
2023-10-18,10,6
2023-10-19,7,3
2023-10-20,16,8
2023-10-21,13,5
2023-10-22,15,6
2023-10-23,28,10
2023-10-24,37,13
2023-10-25,30,12
2023-10-26,29,12
2023-10-27,21,7
2023-10-28,14,7
2023-10-29,20,10
2023-10-30,24,10
2023-10-31,33,13
2023-11-01,33,12
2023-11-02,33,10
2023-11-03,22,7
2023-11-04,16,5
2023-11-05,31,14
2023-11-06,39,20
2023-11-07,38,18
2023-11-08,23,10
2023-11-09,52,22
2023-11-10,45,18
2023-11-11,50,21
2023-11-12,38,18
2023-11-13,47,19
2023-11-14,40,21
2023-11-15,37,21
2023-11-16,40,16
2023-11-17,36,17
2023-11-18,26,12
2023-11-19,23,13
2023-11-20,37,15
2023-11-21,43,20
2023-11-22,33,17
2023-11-23,27,16
2023-11-24,33,15
2023-11-25,24,12
2023-11-26,34,13
2023-11-27,38,15
2023-11-28,34,16
2023-11-29,28,11
2023-11-30,23,10
2023-12-01,23,9
2023-12-02,23,12
2023-12-03,31,18
2023-12-04,51,21
2023-12-05,52,21
2023-12-06,55,21
2023-12-07,43,19
2023-12-08,38,18
2023-12-09,50,22
2023-12-10,40,20
2023-12-11,57,31
2023-12-12,44,26
2023-12-13,41,24
2023-12-14,45,28
2023-12-15,45,29
2023-12-16,38,23
2023-12-17,36,19
2023-12-18,41,25
2023-12-19,44,28
2023-12-20,44,27
2023-12-21,46,30
2023-12-22,51,33
2023-12-23,51,35
2023-12-24,58,42
2023-12-25,66,50
2023-12-26,75,58
2023-12-27,59,46
2023-12-28,61,46
2023-12-29,49,35
2023-12-30,37,26
2023-12-31,39,27
2024-01-01,40,32
2024-01-02,51,35
2024-01-03,78,51
2024-01-04,49,36
2024-01-05,46,32
2024-01-06,40,27
2024-01-07,36,19
2024-01-08,51,29
2024-01-09,44,22
2024-01-10,55,31
2024-01-11,53,32
2024-01-12,53,31
2024-01-13,32,22
2024-01-14,30,19
2024-01-15,33,20
2024-01-16,38,25
2024-01-17,35,21
2024-01-18,41,26
2024-01-19,40,24
2024-01-20,31,20
2024-01-21,24,18
2024-01-22,41,25
2024-01-23,43,22
2024-01-24,31,19
2024-01-25,28,20
2024-01-26,27,18
2024-01-27,27,19
2024-01-28,29,21
2024-01-29,30,21
2024-01-30,33,22
2024-01-31,34,17
2024-02-01,26,15
2024-02-02,25,14
2024-02-03,21,12
2024-02-04,21,14
2024-02-05,24,14
2024-02-06,23,17
2024-02-07,28,17
2024-02-08,28,16
2024-02-09,34,18
2024-02-10,30,20
2024-02-11,28,16
2024-02-12,37,20
2024-02-13,40,22
2024-02-14,44,24
2024-02-15,60,32
2024-02-16,49,29
2024-02-17,42,28
2024-02-18,40,29
2024-02-19,50,34
2024-02-20,58,35
2024-02-21,44,28
2024-02-22,48,35
2024-02-23,52,35
2024-02-24,45,30
2024-02-25,42,31
2024-02-26,58,36
2024-02-27,60,36
2024-02-28,90,42
2024-02-29,77,34
2024-03-01,65,41
2024-03-02,71,44
2024-03-03,84,51
2024-03-04,90,46
2024-03-05,114,55
2024-03-06,81,54
2024-03-07,77,56
2024-03-08,77,54
2024-03-09,82,53
2024-03-10,84,50
2024-03-11,99,48
2024-03-12,105,61
2024-03-13,97,53
2024-03-14,92,51
2024-03-15,106,58
2024-03-16,79,46
2024-03-17,69,43
2024-03-18,65,37
2024-03-19,83,44
2024-03-20,73,43
2024-03-21,61,43
2024-03-22,67,48
2024-03-23,51,35
2024-03-24,54,37
2024-03-25,72,50
2024-03-26,74,49
2024-03-27,78,52
2024-03-28,65,43
2024-03-29,71,42
2024-03-30,57,39
2024-03-31,54,38
2024-04-01,73,48
2024-04-02,68,45
2024-04-03,66,42
2024-04-04,55,35
2024-04-05,52,33
2024-04-06,43,27
2024-04-07,46,31
2024-04-08,53,32
2024-04-09,57,34
2024-04-10,55,31
2024-04-11,51,28
2024-04-12,89,34
2024-04-13,96,32
2024-04-14,62,26
2024-04-15,58,27
2024-04-16,51,24
2024-04-17,47,22
2024-04-18,40,19
2024-04-19,49,24
2024-04-20,41,21
2024-04-21,37,21
2024-04-22,43,21
2024-04-23,43,22
2024-04-24,51,26
2024-04-25,46,25
2024-04-26,39,18
2024-04-27,40,17
2024-04-28,31,14
2024-04-29,43,21
2024-04-30,43,17
2024-05-01,42,17
2024-05-02,36,13
2024-05-03,41,21
2024-05-04,33,17
2024-05-05,32,19
2024-05-06,43,23
2024-05-07,38,19
2024-05-08,38,18
2024-05-09,36,20
2024-05-10,43,22
2024-05-11,23,16
2024-05-12,18,14
2024-05-13,38,18
2024-05-14,29,14
2024-05-15,42,21
2024-05-16,38,17
2024-05-17,39,16
2024-05-18,27,18
2024-05-19,28,17
2024-05-20,47,22
2024-05-21,46,20
2024-05-22,48,23
2024-05-23,57,24
2024-05-24,41,19
2024-05-25,30,15
2024-05-26,30,17
2024-05-27,42,19
2024-05-28,47,22
2024-05-29,45,21
2024-05-30,45,16
2024-05-31,35,15
2024-06-01,20,16
2024-06-02,28,15
2024-06-03,42,22
2024-06-04,41,20
2024-06-05,43,25
2024-06-06,42,18
2024-06-07,54,19
2024-06-08,38,14
2024-06-09,24,13
2024-06-10,36,19
2024-06-11,48,19
2024-06-12,49,23
2024-06-13,40,18
2024-06-14,45,20
2024-06-15,18,12
2024-06-16,19,10
2024-06-17,45,13
2024-06-18,51,11
2024-06-19,37,12
2024-06-20,36,13
2024-06-21,34,13
2024-06-22,21,9
2024-06-23,18,7
2024-06-24,43,15
2024-06-25,31,12
2024-06-26,25,11
2024-06-27,29,13
2024-06-28,28,11
2024-06-29,19,9
2024-06-30,16,9
2024-07-01,26,9
2024-07-02,20,10
2024-07-03,31,13
2024-07-04,41,11
2024-07-05,54,9
2024-07-06,27,8
2024-07-07,24,6
2024-07-08,37,6
2024-07-09,31,7
2024-07-10,29,6
2024-07-11,30,7
2024-07-12,26,9
2024-07-13,22,8
2024-07-14,22,7
2024-07-15,37,13
2024-07-16,41,14
2024-07-17,35,14
2024-07-18,25,8
2024-07-19,30,10
2024-07-20,21,7
2024-07-21,23,6
2024-07-22,25,6
2024-07-23,31,9
2024-07-24,21,8
2024-07-25,31,10
2024-07-26,24,5
2024-07-27,23,6
2024-07-28,14,3
2024-07-29,24,8
2024-07-30,17,7
2024-07-31,19,6
2024-08-01,30,8
2024-08-02,28,6
2024-08-03,22,4
2024-08-04,27,1
2024-08-05,63,4
2024-08-06,35,2
2024-08-07,31,4
2024-08-08,31,6
2024-08-09,22,4
2024-08-10,14,3
2024-08-11,20,3
2024-08-12,30,7
2024-08-13,20,9
2024-08-14,23,8
2024-08-15,26,6
2024-08-16,24,6
2024-08-17,13,8
2024-08-18,19,8
2024-08-19,24,9
2024-08-20,32,9
2024-08-21,32,8
2024-08-22,29,11
2024-08-23,40,15
2024-08-24,36,15
2024-08-25,31,13
2024-08-26,35,12
2024-08-27,37,11
2024-08-28,38,12
2024-08-29,29,10
2024-08-30,28,9
2024-08-31,14,7
2024-09-01,19,6
2024-09-02,24,9
2024-09-03,23,9
2024-09-04,32,8
2024-09-05,19,8
2024-09-06,31,7
2024-09-07,14,7
2024-09-08,17,6
2024-09-09,27,10
2024-09-10,18,9
2024-09-11,26,8
2024-09-12,22,7
2024-09-13,24,7
2024-09-14,17,6
2024-09-15,23,8
2024-09-16,20,8
2024-09-17,21,8
2024-09-18,27,9
2024-09-19,37,9
2024-09-20,37,9
2024-09-21,25,7
2024-09-22,24,7
2024-09-23,34,9
2024-09-24,37,11
2024-09-25,34,11
2024-09-26,36,15
2024-09-27,41,17
2024-09-28,26,12
2024-09-29,30,15
2024-09-30,34,17
2024-10-01,50,24
2024-10-02,37,18
2024-10-03,32,14
2024-10-04,30,19
2024-10-05,25,16
2024-10-06,23,14
2024-10-07,35,21
2024-10-08,32,19
2024-10-09,32,18
2024-10-10,29,19
2024-10-11,29,17
2024-10-12,27,18
2024-10-13,31,18
2024-10-14,38,18
2024-10-15,45,21
2024-10-16,32,17
2024-10-17,34,15
2024-10-18,27,12
2024-10-19,19,12
2024-10-20,36,18
2024-10-21,39,16
2024-10-22,37,15
2024-10-23,38,12
2024-10-24,29,11
2024-10-25,39,12
2024-10-26,30,8
2024-10-27,16,7
2024-10-28,33,9
2024-10-29,41,10
2024-10-30,38,10
2024-10-31,33,8
2024-11-01,37,11
2024-11-02,18,6
2024-11-03,32,7
2024-11-04,30,7
2024-11-05,36,9
2024-11-06,52,10
2024-11-07,50,13
2024-11-08,51,10
2024-11-09,49,12
2024-11-10,77,17
2024-11-11,75,12
2024-11-12,88,11
2024-11-13,73,10
2024-11-14,63,13
2024-11-15,57,15
2024-11-16,71,16
2024-11-17,72,15
2024-11-18,82,19
2024-11-19,65,15
2024-11-20,63,15
2024-11-21,70,16
2024-11-22,71,19
2024-11-23,103,24
2024-11-24,110,27
2024-11-25,92,28
2024-11-26,89,30
2024-11-27,75,28
2024-11-28,71,24
2024-11-29,72,31
2024-11-30,85,43
2024-12-01,82,46
2024-12-02,105,72
2024-12-03,142,117
2024-12-04,132,101
2024-12-05,117,89
2024-12-06,110,86
2024-12-07,83,69
2024-12-08,78,64
2024-12-09,129,77
2024-12-10,104,55
2024-12-11,82,54
2024-12-12,90,63
2024-12-13,74,50
2024-12-14,67,43
2024-12-15,67,39
2024-12-16,71,34
2024-12-17,70,33
2024-12-18,78,28
2024-12-19,84,26
2024-12-20,85,29
2024-12-21,70,26
2024-12-22,56,24
2024-12-23,63,25
2024-12-24,62,29
2024-12-25,54,24
2024-12-26,48,20
2024-12-27,55,21
2024-12-28,45,22
2024-12-29,40,23
2024-12-30,57,27
2024-12-31,52,21
2025-01-01,45,24
2025-01-02,51,27
2025-01-03,55,31
2025-01-04,55,30
2025-01-05,48,26
2025-01-06,52,23
2025-01-07,64,26
2025-01-08,64,24
2025-01-09,51,25
2025-01-10,49,23
2025-01-11,30,15
2025-01-12,28,12
2025-01-13,60,19
2025-01-14,36,15
2025-01-15,51,24
2025-01-16,52,23
2025-01-17,54,25
2025-01-18,59,22
2025-01-19,79,25
2025-01-20,74,24
2025-01-21,52,18
2025-01-22,45,17
2025-01-23,51,15
2025-01-24,47,17
2025-01-25,31,17
2025-01-26,34,15
2025-01-27,62,16
2025-01-28,41,14
2025-01-29,48,16
2025-01-30,44,18
2025-01-31,52,19
2025-02-01,46,16
2025-02-02,69,10
2025-02-03,98,12
2025-02-04,64,9
2025-02-05,44,9
2025-02-06,45,8
2025-02-07,44,8
2025-02-08,30,4
2025-02-09,35,6
2025-02-10,40,7
2025-02-11,41,8
2025-02-12,49,12
2025-02-13,36,11
2025-02-14,39,12
2025-02-15,27,10
2025-02-16,26,10
2025-02-17,43,14
2025-02-18,40,11
2025-02-19,32,11
2025-02-20,36,10
2025-02-21,46,9
2025-02-22,33,9
2025-02-23,28,9
2025-02-24,45,9
2025-02-25,53,10
2025-02-26,40,11
2025-02-27,33,9
2025-02-28,48,10
2025-03-01,26,8
2025-03-02,49,11
2025-03-03,51,10
2025-03-04,46,8
2025-03-05,31,8
2025-03-06,30,6
2025-03-07,40,8
2025-03-08,22,7
2025-03-09,32,6
2025-03-10,46,7
2025-03-11,48,9
2025-03-12,35,7
2025-03-13,30,6
2025-03-14,28,8
2025-03-15,22,5
2025-03-16,28,5
2025-03-17,27,8
2025-03-18,24,6
2025-03-19,31,8
2025-03-20,26,9
2025-03-21,23,6
2025-03-22,20,4
2025-03-23,19,5
2025-03-24,27,5
2025-03-25,22,6
2025-03-26,29,4
2025-03-27,23,6
2025-03-28,27,6
2025-03-29,23,6
2025-03-30,17,4
2025-03-31,23,4
2025-04-01,26,3
2025-04-02,33,1
2025-04-03,24,7
2025-04-04,28,3
2025-04-05,14,4
2025-04-06,27,3
2025-04-07,45,4
2025-04-08,27,2
2025-04-09,38,6
2025-04-10,28,3
2025-04-11,25,4
2025-04-12,27,5
2025-04-13,23,3
2025-04-14,26,4
2025-04-15,20,3
2025-04-16,25,6
2025-04-17,19,4
2025-04-18,16,2
2025-04-19,17,2
2025-04-20,22,2
2025-04-21,27,4
2025-04-22,34,4
2025-04-23,39,4
2025-04-24,34,4
2025-04-25,40,5
2025-04-26,25,4
2025-04-27,22,4
2025-04-28,34,8
2025-04-29,24,4
2025-04-30,28,5
2025-05-01,27,3
2025-05-02,23,2
2025-05-03,13,2
2025-05-04,12,1
2025-05-05,20,3
2025-05-06,25,4
2025-05-07,22,3
2025-05-08,41,5
2025-05-09,47,7
2025-05-10,48,9
2025-05-11,43,7
2025-05-12,56,13
2025-05-13,47,15
2025-05-14,43,12
2025-05-15,43,8
2025-05-16,29,5
2025-05-17,21,3
2025-05-18,32,3
2025-05-19,29,4
2025-05-20,27,6
2025-05-21,39,4
2025-05-22,39,6
2025-05-23,50,4
2025-05-24,23,3
2025-05-25,24,4
2025-05-26,23,3
2025-05-27,28,10
2025-05-28,30,8
2025-05-29,32,8
2025-05-30,47,3
2025-05-31,27,1
2025-06-01,21,2
2025-06-02,20,3
2025-06-03,26,5
2025-06-04,25,6
2025-06-05,38,6
2025-06-06,26,4
2025-06-07,17,4
2025-06-08,18,3
2025-06-09,28,5
2025-06-10,42,14
2025-06-11,38,5
2025-06-12,26,2
2025-06-13,39,2
2025-06-14,14,1
2025-06-15,14,2
2025-06-16,28,2
2025-06-17,32,2
2025-06-18,26,1
2025-06-19,20,3
2025-06-20,25,3
2025-06-21,23,3
2025-06-22,35,5
2025-06-23,31,4
2025-06-24,27,3
2025-06-25,24,3
2025-06-26,23,2
2025-06-27,17,2
2025-06-28,13,0
2025-06-29,17,1
2025-06-30,22,4
2025-07-01,21,4
2025-07-02,25,5
2025-07-03,26,5
2025-07-04,21,3
2025-07-05,14,3
2025-07-06,17,3
2025-07-07,20,4
2025-07-08,21,5
2025-07-09,32,6
2025-07-10,37,7
2025-07-11,48,10
2025-07-12,33,9
2025-07-13,34,10
2025-07-14,43,13
2025-07-15,38,14
2025-07-16,44,20
2025-07-17,45,16
2025-07-18,50,21
2025-07-19,34,19
2025-07-20,48,28
2025-07-21,52,31
2025-07-22,52,30
2025-07-23,49,18
2025-07-24,46,18
2025-07-25,41,18
2025-07-26,32,17
2025-07-27,33,20
2025-07-28,45,22
2025-07-29,40,21
2025-07-30,39,18
2025-07-31,32,14
2025-08-01,43,15
2025-08-02,28,9
2025-08-03,21,10
2025-08-04,28,15
2025-08-05,31,14
2025-08-06,24,13
2025-08-07,32,19
2025-08-08,41,20
2025-08-09,42,22
2025-08-10,42,20
2025-08-11,45,16
2025-08-12,38,21
2025-08-13,52,31
2025-08-14,57,28
2025-08-15,42,24
2025-08-16,21,17
2025-08-17,31,25
2025-08-18,34,22
2025-08-19,35,20
2025-08-20,30,24
2025-08-21,24,18
2025-08-22,49,32
2025-08-23,30,21
2025-08-24,43,28
2025-08-25,48,26
2025-08-26,33,22
2025-08-27,32,22
2025-08-28,30,21
2025-08-29,39,22
2025-08-30,23,17
2025-08-31,22,18
2025-09-01,33,17
2025-09-02,26,18
2025-09-03,19,16
2025-09-04,20,14
2025-09-05,27,16
2025-09-06,17,10
2025-09-07,20,10
2025-09-08,28,20
2025-09-09,40,19
2025-09-10,39,17
2025-09-11,37,20
2025-09-12,33,21
2025-09-13,39,21
2025-09-14,27,18
2025-09-15,33,13
2025-09-16,27,13
2025-09-17,33,18
2025-09-18,36,20
2025-09-19,33,17
2025-09-20,24,18
2025-09-21,26,21
2025-09-22,48,17
2025-09-23,26,12
2025-09-24,29,16
2025-09-25,38,9
2025-09-26,28,14
2025-09-27,20,15
2025-09-28,19,13
2025-09-29,24,12
2025-09-30,27,11
2025-10-01,36,20
2025-10-02,38,26
2025-10-03,35,17
2025-10-04,25,17
2025-10-05,32,14
2025-10-06,40,21
2025-10-07,42,16
2025-10-08,30,12
2025-10-09,32,14
2025-10-10,73,14
2025-10-11,56,8
2025-10-12,49,14
2025-10-13,47,13
2025-10-14,46,13
2025-10-15,38,12
2025-10-16,34,11
2025-10-17,38,12
2025-10-18,17,7
2025-10-19,26,12
2025-10-20,30,14
2025-10-21,37,12
2025-10-22,31,10
2025-10-23,23,9
2025-10-24,23,8
2025-10-25,15,4
2025-10-26,23,11
2025-10-27,31,12
2025-10-28,24,6
2025-10-29,28,8
2025-10-30,31,7
2025-10-31,24,9
2025-11-01,23,8
2025-11-02,29,9
2025-11-03,41,7
2025-11-04,47,11
2025-11-05,29,9
2025-11-06,32,11
2025-11-07,53,18
2025-11-08,42,14
2025-11-09,34,13
2025-11-10,37,14
2025-11-11,36,14
2025-11-12,32,6
2025-11-13,35,9
2025-11-14,36,7
2025-11-15,26,6
2025-11-16,28,6
2025-11-17,30,8
2025-11-18,30,8
2025-11-19,31,6
2025-11-20,39,8
2025-11-21,41,7
2025-11-22,25,5
2025-11-23,23,6
2025-11-24,32,7
2025-11-25,24,6
2025-11-26,24,8
2025-11-27,21,4
2025-11-28,18,4
2025-11-29,11,3
2025-11-30,14,4
2025-12-01,25,5
2025-12-02,25,4
2025-12-03,24,4
2025-12-04,19,3
2025-12-05,21,4
2025-12-06,14,4
2025-12-07,16,2
2025-12-08,18,4
2025-12-09,24,9
2025-12-10,25,6
2025-12-11,23,6
2025-12-12,20,5
2025-12-13,10,3
2025-12-14,11,2
2025-12-15,21,3
2025-12-16,18,3
2025-12-17,20,3
2025-12-18,22,3
2025-12-19,19,2
2025-12-20,11,2
2025-12-21,13,2
2025-12-22,18,3
2025-12-23,15,2
2025-12-24,14,4
2025-12-25,12,2
2025-12-26,13,3
2025-12-27,12,3
2025-12-28,13,2
2025-12-29,15,3
2025-12-30,13,3
2025-12-31,13,3
2026-01-01,14,2
2026-01-02,20,5
2026-01-03,17,4
2026-01-04,24,5
2026-01-05,34,9
2026-01-06,33,7
2026-01-07,21,5
2026-01-08,22,6
2026-01-09,20,6
2026-01-10,12,3
2026-01-11,15,4
2026-01-12,20,5
2026-01-13,26,8
2026-01-14,29,9
2026-01-15,25,9
2026-01-16,19,8
2026-01-17,15,8
2026-01-18,17,7
2026-01-19,28,10
2026-01-20,23,8
2026-01-21,23,9
2026-01-22,17,7
2026-01-23,17,7
2026-01-24,11,5
2026-01-25,19,7
2026-01-26,16,4
2026-01-27,16,5
2026-01-28,15,5
2026-01-29,20,3
2026-01-30,21,3
2026-01-31,27,3
2026-02-01,17,2
2026-02-02,20,2
2026-02-03,18,2
2026-02-04,17,3
2026-02-05,30,2
2026-02-06,31,1
2026-02-07,19,1
2026-02-08,12,1
2026-02-09,15,2
2026-02-10,12,1
2026-02-11,17,2
2026-02-12,16,2
2026-02-13,13,3
2026-02-14,15,1
2026-02-15,12,1
2026-02-16,12,1
2026-02-17,13,2
2026-02-18,11,1
2026-02-19,12,2
2026-02-20,18,3
2026-02-21,8,1
2026-02-22,10,3
2026-02-23,15,1
2026-02-24,12,1
2026-02-25,22,3
2026-02-26,18,3
2026-02-27,16,2
2026-02-28,16,1
2026-03-01,15,1
2026-03-02,16,1
2026-03-03,15,1
2026-03-04,19,2
2026-03-05,14,1
2026-03-06,14,2
2026-03-07,9,1
2026-03-08,11,3
2026-03-09,16,1
2026-03-10,16,1
2026-03-11,16,2
2026-03-12,15,1
2026-03-13,19,1
2026-03-14,12,2
2026-03-15,14,1
2026-03-16,22,1
2026-03-17,17,2
2026-03-18,17,2
2026-03-19,17,2
2026-03-20,13,2
2026-03-21,9,2
2026-03-22,15,4
2026-03-23,16,4
2026-03-24,15,3
2026-03-25,15,3
2026-03-26,14,3
2026-03-27,15,3
2026-03-28,11,2
2026-03-29,10,2
2026-03-30,12,2
2026-03-31,12,4
2026-04-01,16,6
2026-04-02,18,6
2026-04-03,12,4
2026-04-04,9,3
2026-04-05,10,3
2026-04-06,17,5
2026-04-07,17,5
2026-04-08,16,4
2026-04-09,15,4
2026-04-10,13,3
2026-04-11,13,4
2026-04-12,14,4
2026-04-13,15,4
2026-04-14,15,4
2026-04-15,14,4
2026-04-16,25,8
2026-04-17,22,8
2026-04-18,17,5
2026-04-19,20,6
2026-04-20,18,7
2026-04-21,14,4
2026-04-22,14,3
2026-04-23,13,4
2026-04-24,13,4
2026-04-25,12,3
2026-04-26,12,1
2026-04-27,15,5
2026-04-28,15,5
2026-04-29,14,4
2026-04-30,11,3
2026-05-01,10,3
2026-05-02,13,7
2026-05-03,12,6
2026-05-04,23,8
2026-05-05,20,9
2026-05-06,25,8
2026-05-07,28,13
2026-05-08,25,9
2026-05-09,17,7
2026-05-10,21,5
2026-05-11,18,7
2026-05-12,19,8
2026-05-13,21,5
2026-05-14,17,4
2026-05-15,17,5
2026-05-16,12,2
2026-05-17,11,3
2026-05-18,17,5
2026-05-19,12,5
2026-05-20,16,7
2026-05-21,19,8
2026-05-22,21,7
2026-05-23,20,6
2026-05-24,12,4
2026-05-25,16,6
2026-05-26,18,6
2026-05-27,20,3
2026-05-28,20,4
2026-05-29,20,6
2026-05-30,16,6
2026-05-31,16,7
2026-06-01,19,10
2026-06-02,23,8
2026-06-03,23,8
2026-06-04,23,7
2026-06-05,29,8
2026-06-06,18,6
2026-06-07,18,7
2026-06-08,17,7
2026-06-09,17,5
2026-06-10,16,5
2026-06-11,17,7
2026-06-12,17,4
2026-06-13,12,4
2026-06-14,12,5
2026-06-15,16,7
2026-06-16,17,5
2026-06-17,18,5
2026-06-18,17,5
2026-06-19,13,5
2026-06-20,11,4
2026-06-21,10,4
2026-06-22,14,5
2026-06-23,19,6
2026-06-24,17,5
2026-06-25,16,5
2026-06-26,17,5
2026-06-27,9,3
2026-06-28,11,4
2026-06-29,12,4
2026-06-30,16,5
2026-07-01,16,7
2026-07-02,14,2
2026-07-03,13,5
2026-07-04,13,4
2026-07-05,11,3
2026-07-06,13,5
2026-07-07,10,4
2026-07-08,11,3
2026-07-09,8,2
2026-07-10,10,4
2026-07-11,6,1
2026-07-12,8,2
2026-07-13,9,3
2026-07-14,11,3
2026-07-15,9,3
2026-07-16,8,3
2026-07-17,8,2
2026-07-18,7,2
2026-07-19,7,2
2026-07-20,12,2
2026-07-21,12,3
2026-07-22,11,2
2026-07-23,12,3
2026-07-24,11,3
2026-07-25,12,3
2026-07-26,13,3
2026-07-27,11,2
2026-07-28,9,2
2026-07-29,11,3
2026-07-30,12,4
2026-07-31,13,6
2026-08-01,8,2
2026-08-02,10,2
